task_id,shift_type,industry,task_description,category,priority,status,suggested_action
TSK-1001,Evening Shift,Logistics & Warehousing,Swept and mopped gangways in packing hall H-B at conclusion of packaging run.,Operations,Low,Completed,"Routine handover sign-off, verify area cleanliness and equipment shutdown."
TSK-1002,Night Shift A,Energy & Utilities,Structural crack observed on support beam near HVAC Plant Deck. Immediate structural engineering inspection ordered; access restricted.,Safety & Compliance,Critical,Pending,"Immediate escalation to safety supervisor, ensure area remains isolated, await hazardous response team."
TSK-1003,Day Shift B,Security & Facilities,Check emergency battery banks in electrical substation SS-4 before oncoming night shift.,Equipment Check,High,Pending,"Perform detailed physical inspection within first 30 minutes of shift, log baseline values in ShiftSync."
TSK-1004,Night Shift B,Manufacturing,Print updated SOP revision 4.2 for hazardous material handling and clip to shift notice board.,Administration,Low,Pending,"File documentation into record repository, confirm routine sign-off."
TSK-1005,Evening Shift,Healthcare,"Main hydraulic line ruptured on Air Compressor AC-04 causing immediate line halt. Oil contained with absorbent pads, replacement hose arriving from supplier.",Maintenance,Critical,In Progress,"Continuous monitoring of repair progress, ensure standby units ready, expedite technician parts dispatch."
TSK-1006,Day Shift B,Energy & Utilities,Order replacement label printer ribbons and thermal paper rolls for dispatch desk 1.,Administration,Low,Pending,"File documentation into record repository, confirm routine sign-off."
TSK-1007,Day Shift B,Manufacturing,Perform zero-point calibration on digital weighing scales at packaging station 7.,Equipment Check,Medium,Pending,"Complete routine calibration, record deviations in system maintenance ledger."
TSK-1008,Night Shift A,Security & Facilities,Update whiteboard task allocation chart for tomorrow's scheduled maintenance outage.,Administration,Low,Pending,"File documentation into record repository, confirm routine sign-off."
TSK-1009,Night Shift A,Logistics & Warehousing,"Completed production run on batch #54508 with 1,240 units processed and palletized for QC clearance.",Operations,Medium,Completed,"Continue production throughput tracking, ensure target quotas met before next handover."
TSK-1010,Day Shift A,Logistics & Warehousing,Order replacement label printer ribbons and thermal paper rolls for dispatch desk 1.,Administration,Low,Pending,"File documentation into record repository, confirm routine sign-off."
TSK-1011,Day Shift A,Logistics & Warehousing,Recalibrate flow meters on chemical metering pump P-89 following high concentration error alert on batch #51624.,Equipment Check,High,Pending,"Perform detailed physical inspection within first 30 minutes of shift, log baseline values in ShiftSync."
TSK-1012,Night Shift A,Energy & Utilities,Dispatched scheduled freight cargo to regional hub via transport route RT-462 without dispatch delays.,Operations,Medium,Completed,"Continue production throughput tracking, ensure target quotas met before next handover."
TSK-1013,Night Shift A,Manufacturing,Completed mandatory pre-shift gas testing for oxygen deficiency and LEL in confined space tank #5. Safe to enter.,Safety & Compliance,High,Completed,"Audit verification log, ensure all corrective action items signed off by HSE officer."
TSK-1014,Evening Shift,Energy & Utilities,Check emergency battery banks in electrical substation SS-5 before oncoming night shift.,Equipment Check,High,Pending,"Perform detailed physical inspection within first 30 minutes of shift, log baseline values in ShiftSync."
TSK-1015,Night Shift A,Energy & Utilities,Processed shift transfer of 680 sanitized linen bundles from laundry facility to surgical wards.,Operations,Medium,Completed,"Continue production throughput tracking, ensure target quotas met before next handover."
TSK-1016,Night Shift B,Energy & Utilities,Check belt tension and motor alignment on exhaust fan #6 on rooftop HVAC deck.,Equipment Check,Medium,Pending,"Complete routine calibration, record deviations in system maintenance ledger."
TSK-1017,Day Shift A,Energy & Utilities,Print updated SOP revision 4.2 for hazardous material handling and clip to shift notice board.,Administration,Low,Pending,"File documentation into record repository, confirm routine sign-off."
TSK-1018,Night Shift B,Healthcare,Verify operational readiness of emergency eyewash and deluge shower stations throughout chemical handling zone Zone-B.,Equipment Check,High,Pending,"Perform detailed physical inspection within first 30 minutes of shift, log baseline values in ShiftSync."
TSK-1019,Night Shift B,Security & Facilities,Batch #65981 currently mixing in blending tank 6. Viscosity check scheduled at 20:30 by lab technician.,Operations,Medium,In Progress,"Continue production throughput tracking, ensure target quotas met before next handover."
TSK-1020,Day Shift A,Healthcare,Check hydraulic fluid level and top up ISO VG 46 reservoir on stamping press PRS-3 before morning production.,Equipment Check,Medium,Pending,"Complete routine calibration, record deviations in system maintenance ledger."
TSK-1021,Day Shift B,Manufacturing,Inspected fire extinguishers and emergency exit signs across Sector Gamma; replaced 2 expired units in corridor B.,Safety & Compliance,High,Completed,"Audit verification log, ensure all corrective action items signed off by HSE officer."
TSK-1022,Night Shift B,Manufacturing,Archived daily SCADA telemetry logs and backed up operational reports to secure cloud drive.,Administration,Low,Completed,"File documentation into record repository, confirm routine sign-off."
TSK-1023,Evening Shift,Manufacturing,Disposed of general packaging cardboard waste into compactor unit #2.,Operations,Low,Completed,"Routine handover sign-off, verify area cleanliness and equipment shutdown."
TSK-1024,Day Shift A,Energy & Utilities,Restocked consumable packaging strapping rolls at end-of-line pallet wrapping machines.,Operations,Low,Completed,"Routine handover sign-off, verify area cleanliness and equipment shutdown."
TSK-1025,Night Shift B,Security & Facilities,Check belt tension and motor alignment on exhaust fan #8 on rooftop HVAC deck.,Equipment Check,Medium,Pending,"Complete routine calibration, record deviations in system maintenance ledger."
TSK-1026,Day Shift A,Logistics & Warehousing,Perform zero-point calibration on digital weighing scales at packaging station 6.,Equipment Check,Medium,Pending,"Complete routine calibration, record deviations in system maintenance ledger."
TSK-1027,Night Shift A,Healthcare,Check belt tension and motor alignment on exhaust fan #6 on rooftop HVAC deck.,Equipment Check,Medium,Pending,"Complete routine calibration, record deviations in system maintenance ledger."
TSK-1028,Night Shift A,Energy & Utilities,Main server room backup UPS inverter failed battery self-test during power flicker. Generator manually engaged; vendor ticket #CRIT-6453 open.,Maintenance,Critical,In Progress,"Continuous monitoring of repair progress, ensure standby units ready, expedite technician parts dispatch."
TSK-1029,Day Shift B,Manufacturing,Vibration analysis on Stamping Press SP-11 indicates severe bearing wear. Speed derated to 60% to prevent total failure before overhaul.,Maintenance,High,In Progress,"Supervise overhaul at scheduled shift window, verify vibration thresholds post-repair."
TSK-1030,Night Shift A,Energy & Utilities,Swept and mopped gangways in packing hall H-B at conclusion of packaging run.,Operations,Low,Completed,"Routine handover sign-off, verify area cleanliness and equipment shutdown."
TSK-1031,Day Shift A,Logistics & Warehousing,Sorting returned retail parcels in processing bay 5. Sorting queue estimated at 45 minutes remaining.,Operations,Medium,In Progress,"Continue production throughput tracking, ensure target quotas met before next handover."
TSK-1032,Day Shift B,Manufacturing,Verify operational readiness of emergency eyewash and deluge shower stations throughout chemical handling zone Zone-B.,Equipment Check,High,Pending,"Perform detailed physical inspection within first 30 minutes of shift, log baseline values in ShiftSync."
TSK-1033,Night Shift B,Security & Facilities,Swept and mopped gangways in packing hall H-C at conclusion of packaging run.,Operations,Low,Completed,"Routine handover sign-off, verify area cleanliness and equipment shutdown."
TSK-1034,Day Shift B,Security & Facilities,"Main cooling water pump P-45 bearing seized, causing engine overheating. Replacement pump offline; technician currently rebuilding motor.",Maintenance,Critical,In Progress,"Continuous monitoring of repair progress, ensure standby units ready, expedite technician parts dispatch."
TSK-1035,Evening Shift,Energy & Utilities,"Main cooling water pump P-57 bearing seized, causing engine overheating. Replacement pump offline; technician currently rebuilding motor.",Maintenance,Critical,In Progress,"Continuous monitoring of repair progress, ensure standby units ready, expedite technician parts dispatch."
TSK-1036,Night Shift B,Security & Facilities,Update whiteboard task allocation chart for tomorrow's scheduled maintenance outage.,Administration,Low,Pending,"File documentation into record repository, confirm routine sign-off."
TSK-1037,Day Shift B,Energy & Utilities,Verify barcode scanner handhelds at packing stations 1 through 8 are docked on charging cradles.,Equipment Check,Medium,Pending,"Complete routine calibration, record deviations in system maintenance ledger."
TSK-1038,Night Shift A,Healthcare,Filed completed maintenance work orders #WO-30334 into central physical records cabinet.,Administration,Low,Completed,"File documentation into record repository, confirm routine sign-off."
TSK-1039,Day Shift A,Logistics & Warehousing,Oxygen supply manifold pressure dropped to 35 PSI in Ward 4. Switched to emergency cylinder bank; biomed engineer en route.,Maintenance,Critical,In Progress,"Continuous monitoring of repair progress, ensure standby units ready, expedite technician parts dispatch."
TSK-1040,Night Shift A,Logistics & Warehousing,Check belt tension and motor alignment on exhaust fan #1 on rooftop HVAC deck.,Equipment Check,Medium,Pending,"Complete routine calibration, record deviations in system maintenance ledger."
TSK-1041,Evening Shift,Logistics & Warehousing,Completed mandatory pre-shift gas testing for oxygen deficiency and LEL in confined space tank #10. Safe to enter.,Safety & Compliance,High,Completed,"Audit verification log, ensure all corrective action items signed off by HSE officer."
TSK-1042,Night Shift B,Healthcare,"Patient in ICU Bed 114 experienced sudden cardiac arrest, successfully stabilized on ventilator; critical observation required for next 4 hours.",Safety & Compliance,Critical,Pending,"Immediate escalation to safety supervisor, ensure area remains isolated, await hazardous response team."
TSK-1043,Night Shift B,Manufacturing,Dispatched scheduled freight cargo to regional hub via transport route RT-362 without dispatch delays.,Operations,Medium,Completed,"Continue production throughput tracking, ensure target quotas met before next handover."
TSK-1044,Day Shift A,Manufacturing,Offloaded 4 container trailers at loading bay 4. Received bill of lading and entered records into WMS.,Operations,Medium,Completed,"Continue production throughput tracking, ensure target quotas met before next handover."
TSK-1045,Day Shift A,Energy & Utilities,Verify barcode scanner handhelds at packing stations 1 through 7 are docked on charging cradles.,Equipment Check,Medium,Pending,"Complete routine calibration, record deviations in system maintenance ledger."
TSK-1046,Night Shift B,Security & Facilities,Offloaded 4 container trailers at loading bay 1. Received bill of lading and entered records into WMS.,Operations,Medium,Completed,"Continue production throughput tracking, ensure target quotas met before next handover."
TSK-1047,Day Shift A,Security & Facilities,Sorting returned retail parcels in processing bay 6. Sorting queue estimated at 45 minutes remaining.,Operations,Medium,In Progress,"Continue production throughput tracking, ensure target quotas met before next handover."
TSK-1048,Day Shift A,Logistics & Warehousing,Dispatched scheduled freight cargo to regional hub via transport route RT-170 without dispatch delays.,Operations,Medium,Completed,"Continue production throughput tracking, ensure target quotas met before next handover."
TSK-1049,Night Shift A,Security & Facilities,Completed mandatory pre-shift gas testing for oxygen deficiency and LEL in confined space tank #9. Safe to enter.,Safety & Compliance,High,Completed,"Audit verification log, ensure all corrective action items signed off by HSE officer."
TSK-1050,Night Shift A,Energy & Utilities,Submitted overtime authorization sheets for 4 operators to HR payroll inbox.,Administration,Low,Completed,"File documentation into record repository, confirm routine sign-off."
TSK-1051,Night Shift A,Security & Facilities,Conducted emergency spill response drill with incoming and outgoing crew in Chemical Storage Annex. Log submitted to Safety Officer.,Safety & Compliance,High,Completed,"Audit verification log, ensure all corrective action items signed off by HSE officer."
TSK-1052,Evening Shift,Logistics & Warehousing,"Main cooling water pump P-69 bearing seized, causing engine overheating. Replacement pump offline; technician currently rebuilding motor.",Maintenance,Critical,In Progress,"Continuous monitoring of repair progress, ensure standby units ready, expedite technician parts dispatch."
TSK-1053,Evening Shift,Healthcare,Recalibrate flow meters on chemical metering pump P-73 following high concentration error alert on batch #88230.,Equipment Check,High,Pending,"Perform detailed physical inspection within first 30 minutes of shift, log baseline values in ShiftSync."
TSK-1054,Evening Shift,Logistics & Warehousing,Dispatched scheduled freight cargo to regional hub via transport route RT-465 without dispatch delays.,Operations,Medium,Completed,"Continue production throughput tracking, ensure target quotas met before next handover."
TSK-1055,Day Shift B,Security & Facilities,Handed over master locker keys and radio communication sets to incoming shift lead in briefing room.,Administration,Low,Completed,"File documentation into record repository, confirm routine sign-off."
TSK-1056,Evening Shift,Security & Facilities,Handed over master locker keys and radio communication sets to incoming shift lead in briefing room.,Administration,Low,Completed,"File documentation into record repository, confirm routine sign-off."
TSK-1057,Evening Shift,Healthcare,Sorting returned retail parcels in processing bay 12. Sorting queue estimated at 45 minutes remaining.,Operations,Medium,In Progress,"Continue production throughput tracking, ensure target quotas met before next handover."
TSK-1058,Night Shift B,Logistics & Warehousing,Sanitization of packaging line #2 underway following allergen product campaign run.,Operations,Medium,In Progress,"Continue production throughput tracking, ensure target quotas met before next handover."
TSK-1059,Evening Shift,Manufacturing,Inspect boiler pressure valve on Line 2 after fluctuating readings between 75 and 92 PSI throughout afternoon run.,Equipment Check,High,Pending,"Perform detailed physical inspection within first 30 minutes of shift, log baseline values in ShiftSync."
TSK-1060,Day Shift A,Energy & Utilities,Investigated near-miss incident involving pallet jack collision in aisle 8. Statement recorded and forwarded to HSE.,Safety & Compliance,High,Completed,"Audit verification log, ensure all corrective action items signed off by HSE officer."
TSK-1061,Night Shift A,Manufacturing,"Main cooling water pump P-31 bearing seized, causing engine overheating. Replacement pump offline; technician currently rebuilding motor.",Maintenance,Critical,In Progress,"Continuous monitoring of repair progress, ensure standby units ready, expedite technician parts dispatch."
TSK-1062,Day Shift B,Healthcare,Updated shift logbook Section 4 and signed off attendance register for outgoing operators.,Administration,Low,Completed,"File documentation into record repository, confirm routine sign-off."
TSK-1063,Day Shift B,Security & Facilities,Inspect air compressor intake air filters in plant room PR-3 for dust saturation.,Equipment Check,Medium,Pending,"Complete routine calibration, record deviations in system maintenance ledger."
TSK-1064,Day Shift A,Security & Facilities,Investigated near-miss incident involving pallet jack collision in aisle 13. Statement recorded and forwarded to HSE.,Safety & Compliance,High,Completed,"Audit verification log, ensure all corrective action items signed off by HSE officer."
TSK-1065,Night Shift A,Logistics & Warehousing,"Completed production run on batch #97468 with 1,240 units processed and palletized for QC clearance.",Operations,Medium,Completed,"Continue production throughput tracking, ensure target quotas met before next handover."
TSK-1066,Day Shift B,Energy & Utilities,Investigated near-miss incident involving pallet jack collision in aisle 10. Statement recorded and forwarded to HSE.,Safety & Compliance,High,Completed,"Audit verification log, ensure all corrective action items signed off by HSE officer."
TSK-1067,Night Shift B,Healthcare,Perform zero-point calibration on digital weighing scales at packaging station 1.,Equipment Check,Medium,Pending,"Complete routine calibration, record deviations in system maintenance ledger."
TSK-1068,Night Shift A,Energy & Utilities,"Main cooling water pump P-89 bearing seized, causing engine overheating. Replacement pump offline; technician currently rebuilding motor.",Maintenance,Critical,In Progress,"Continuous monitoring of repair progress, ensure standby units ready, expedite technician parts dispatch."
TSK-1069,Day Shift B,Manufacturing,Oxygen supply manifold pressure dropped to 35 PSI in Ward 2. Switched to emergency cylinder bank; biomed engineer en route.,Maintenance,Critical,In Progress,"Continuous monitoring of repair progress, ensure standby units ready, expedite technician parts dispatch."
TSK-1070,Night Shift A,Manufacturing,Dispatched scheduled freight cargo to regional hub via transport route RT-237 without dispatch delays.,Operations,Medium,Completed,"Continue production throughput tracking, ensure target quotas met before next handover."
TSK-1071,Night Shift B,Logistics & Warehousing,Vibration analysis on Chiller Unit CH-02 indicates severe bearing wear. Speed derated to 60% to prevent total failure before overhaul.,Maintenance,High,In Progress,"Supervise overhaul at scheduled shift window, verify vibration thresholds post-repair."
TSK-1072,Night Shift B,Energy & Utilities,Sorting returned retail parcels in processing bay 7. Sorting queue estimated at 45 minutes remaining.,Operations,Medium,In Progress,"Continue production throughput tracking, ensure target quotas met before next handover."
TSK-1073,Evening Shift,Security & Facilities,Check emergency battery banks in electrical substation SS-4 before oncoming night shift.,Equipment Check,High,Pending,"Perform detailed physical inspection within first 30 minutes of shift, log baseline values in ShiftSync."
TSK-1074,Day Shift A,Manufacturing,Updated shift logbook Section 1 and signed off attendance register for outgoing operators.,Administration,Low,Completed,"File documentation into record repository, confirm routine sign-off."
TSK-1075,Night Shift B,Security & Facilities,Steam leak detected on flange joint upstream of Stamping Press SP-11. Area barricaded; pipefitters scheduled for gasket swap at 22:00.,Maintenance,High,In Progress,"Supervise overhaul at scheduled shift window, verify vibration thresholds post-repair."
TSK-1076,Evening Shift,Energy & Utilities,Ammonia gas leakage sensor threshold exceeded at Substation East. Evacuation protocol executed; ventilation fans running on emergency backup.,Safety & Compliance,Critical,Pending,"Immediate escalation to safety supervisor, ensure area remains isolated, await hazardous response team."
TSK-1077,Night Shift B,Energy & Utilities,Primary refrigeration compressor in cold storage Loading Dock 7 failed at 21:19. Temperature rising rapidly; urgent transfer of perishable stock required.,Maintenance,Critical,In Progress,"Continuous monitoring of repair progress, ensure standby units ready, expedite technician parts dispatch."
TSK-1078,Night Shift A,Logistics & Warehousing,Archived daily SCADA telemetry logs and backed up operational reports to secure cloud drive.,Administration,Low,Completed,"File documentation into record repository, confirm routine sign-off."
TSK-1079,Night Shift B,Healthcare,Main server room backup UPS inverter failed battery self-test during power flicker. Generator manually engaged; vendor ticket #CRIT-9183 open.,Maintenance,Critical,In Progress,"Continuous monitoring of repair progress, ensure standby units ready, expedite technician parts dispatch."
TSK-1080,Evening Shift,Security & Facilities,Restock PPE supply locker in locker room B with size L nitrile gloves and safety glasses.,Administration,Low,Pending,"File documentation into record repository, confirm routine sign-off."
TSK-1081,Evening Shift,Healthcare,"Completed production run on batch #95127 with 1,240 units processed and palletized for QC clearance.",Operations,Medium,Completed,"Continue production throughput tracking, ensure target quotas met before next handover."
TSK-1082,Night Shift B,Healthcare,Archived daily SCADA telemetry logs and backed up operational reports to secure cloud drive.,Administration,Low,Completed,"File documentation into record repository, confirm routine sign-off."
TSK-1083,Evening Shift,Manufacturing,"Main cooling water pump P-54 bearing seized, causing engine overheating. Replacement pump offline; technician currently rebuilding motor.",Maintenance,Critical,In Progress,"Continuous monitoring of repair progress, ensure standby units ready, expedite technician parts dispatch."
TSK-1084,Evening Shift,Logistics & Warehousing,Finished routine inventory cycle count for high-value components in bin rack R-74; variance reconciled within 0.2%.,Operations,Medium,Completed,"Continue production throughput tracking, ensure target quotas met before next handover."
TSK-1085,Night Shift A,Energy & Utilities,Data reconciliation in progress between ERP inventory count and physical warehouse bins in zone Zone-C.,Operations,Medium,In Progress,"Continue production throughput tracking, ensure target quotas met before next handover."
TSK-1086,Night Shift A,Manufacturing,Swept and mopped gangways in packing hall H-A at conclusion of packaging run.,Operations,Low,Completed,"Routine handover sign-off, verify area cleanliness and equipment shutdown."
TSK-1087,Day Shift A,Logistics & Warehousing,Updated shift logbook Section 1 and signed off attendance register for outgoing operators.,Administration,Low,Completed,"File documentation into record repository, confirm routine sign-off."
TSK-1088,Night Shift A,Logistics & Warehousing,Perimeter security fence breached at South Loading Gate; police notified and security guards dispatched for sweep. Ongoing lockdown.,Safety & Compliance,Critical,Pending,"Immediate escalation to safety supervisor, ensure area remains isolated, await hazardous response team."
TSK-1089,Night Shift A,Healthcare,Inspect air compressor intake air filters in plant room PR-2 for dust saturation.,Equipment Check,Medium,Pending,"Complete routine calibration, record deviations in system maintenance ledger."
TSK-1090,Night Shift B,Healthcare,Perimeter security fence breached at Staff Entrance Gate C; police notified and security guards dispatched for sweep. Ongoing lockdown.,Safety & Compliance,Critical,Pending,"Immediate escalation to safety supervisor, ensure area remains isolated, await hazardous response team."
TSK-1091,Evening Shift,Healthcare,Offloaded 4 container trailers at loading bay 4. Received bill of lading and entered records into WMS.,Operations,Medium,Completed,"Continue production throughput tracking, ensure target quotas met before next handover."
TSK-1092,Day Shift B,Energy & Utilities,High voltage arc flash occurred on Forklift FL-08 circuit breaker in Warehouse Sector B. Lockout/Tagout (LOTO) active; electrician dispatch required immediately.,Safety & Compliance,Critical,Pending,"Immediate escalation to safety supervisor, ensure area remains isolated, await hazardous response team."
TSK-1093,Evening Shift,Logistics & Warehousing,Inspect boiler pressure valve on Line 3 after fluctuating readings between 75 and 92 PSI throughout afternoon run.,Equipment Check,High,Pending,"Perform detailed physical inspection within first 30 minutes of shift, log baseline values in ShiftSync."
TSK-1094,Night Shift A,Manufacturing,Inspect automated guided vehicle (AGV) docking rail #4 after two navigation tracking faults occurred during peak dispatch.,Equipment Check,High,Pending,"Perform detailed physical inspection within first 30 minutes of shift, log baseline values in ShiftSync."
TSK-1095,Day Shift A,Security & Facilities,Major chemical spill reported in ICU Ward 3; evacuated personnel and awaiting specialized hazardous materials cleanup crew.,Safety & Compliance,Critical,Pending,"Immediate escalation to safety supervisor, ensure area remains isolated, await hazardous response team."
TSK-1096,Day Shift B,Healthcare,Disposed of general packaging cardboard waste into compactor unit #2.,Operations,Low,Completed,"Routine handover sign-off, verify area cleanliness and equipment shutdown."
TSK-1097,Evening Shift,Manufacturing,Restocked consumable packaging strapping rolls at end-of-line pallet wrapping machines.,Operations,Low,Completed,"Routine handover sign-off, verify area cleanliness and equipment shutdown."
TSK-1098,Evening Shift,Logistics & Warehousing,Data reconciliation in progress between ERP inventory count and physical warehouse bins in zone Zone-B.,Operations,Medium,In Progress,"Continue production throughput tracking, ensure target quotas met before next handover."
TSK-1099,Night Shift A,Manufacturing,Completed mandatory pre-shift gas testing for oxygen deficiency and LEL in confined space tank #8. Safe to enter.,Safety & Compliance,High,Completed,"Audit verification log, ensure all corrective action items signed off by HSE officer."
TSK-1100,Night Shift B,Manufacturing,Finished routine inventory cycle count for high-value components in bin rack R-72; variance reconciled within 0.2%.,Operations,Medium,Completed,"Continue production throughput tracking, ensure target quotas met before next handover."
TSK-1101,Day Shift A,Security & Facilities,Offloaded 4 container trailers at loading bay 12. Received bill of lading and entered records into WMS.,Operations,Medium,Completed,"Continue production throughput tracking, ensure target quotas met before next handover."
TSK-1102,Night Shift A,Healthcare,Conveyor belt CV-6 in Packaging Bay 1 showing significant tear along edge. Temporary patch applied; needs full vulcanizing splice tonight.,Maintenance,High,In Progress,"Supervise overhaul at scheduled shift window, verify vibration thresholds post-repair."
TSK-1103,Evening Shift,Healthcare,Hydraulic seal leaking on forklift FL-8. Parked in maintenance bay; replacement o-rings ordered from central stores.,Maintenance,High,In Progress,"Supervise overhaul at scheduled shift window, verify vibration thresholds post-repair."
TSK-1104,Day Shift B,Manufacturing,Restocked consumable packaging strapping rolls at end-of-line pallet wrapping machines.,Operations,Low,Completed,"Routine handover sign-off, verify area cleanliness and equipment shutdown."
TSK-1105,Night Shift A,Healthcare,Inspect air compressor intake air filters in plant room PR-1 for dust saturation.,Equipment Check,Medium,Pending,"Complete routine calibration, record deviations in system maintenance ledger."
TSK-1106,Evening Shift,Manufacturing,Main server room backup UPS inverter failed battery self-test during power flicker. Generator manually engaged; vendor ticket #CRIT-6442 open.,Maintenance,Critical,In Progress,"Continuous monitoring of repair progress, ensure standby units ready, expedite technician parts dispatch."
TSK-1107,Evening Shift,Healthcare,Swept and mopped gangways in packing hall H-A at conclusion of packaging run.,Operations,Low,Completed,"Routine handover sign-off, verify area cleanliness and equipment shutdown."
TSK-1108,Night Shift B,Manufacturing,Processed shift transfer of 724 sanitized linen bundles from laundry facility to surgical wards.,Operations,Medium,Completed,"Continue production throughput tracking, ensure target quotas met before next handover."
TSK-1109,Night Shift A,Energy & Utilities,"Main cooling water pump P-52 bearing seized, causing engine overheating. Replacement pump offline; technician currently rebuilding motor.",Maintenance,Critical,In Progress,"Continuous monitoring of repair progress, ensure standby units ready, expedite technician parts dispatch."
TSK-1110,Day Shift A,Energy & Utilities,Smoke detector alarm triggered in Substation East. Fire suppression system engaged; fire marshals cleared building but electrical panel needs certified clearance.,Safety & Compliance,Critical,Pending,"Immediate escalation to safety supervisor, ensure area remains isolated, await hazardous response team."
TSK-1111,Night Shift B,Logistics & Warehousing,Inspect automated guided vehicle (AGV) docking rail #7 after two navigation tracking faults occurred during peak dispatch.,Equipment Check,High,Pending,"Perform detailed physical inspection within first 30 minutes of shift, log baseline values in ShiftSync."
TSK-1112,Evening Shift,Energy & Utilities,Check hydraulic fluid level and top up ISO VG 46 reservoir on stamping press PRS-4 before morning production.,Equipment Check,Medium,Pending,"Complete routine calibration, record deviations in system maintenance ledger."
TSK-1113,Day Shift B,Healthcare,Backup diesel generator coolant temperature reached 98C during weekly run test. Flushed radiator; thermostat needs replacement.,Maintenance,High,In Progress,"Supervise overhaul at scheduled shift window, verify vibration thresholds post-repair."
TSK-1114,Evening Shift,Energy & Utilities,Handed over master locker keys and radio communication sets to incoming shift lead in briefing room.,Administration,Low,Completed,"File documentation into record repository, confirm routine sign-off."
TSK-1115,Night Shift B,Manufacturing,Inspect automated guided vehicle (AGV) docking rail #1 after two navigation tracking faults occurred during peak dispatch.,Equipment Check,High,Pending,"Perform detailed physical inspection within first 30 minutes of shift, log baseline values in ShiftSync."
TSK-1116,Night Shift A,Logistics & Warehousing,Sorting returned retail parcels in processing bay 9. Sorting queue estimated at 45 minutes remaining.,Operations,Medium,In Progress,"Continue production throughput tracking, ensure target quotas met before next handover."
TSK-1117,Day Shift A,Healthcare,Finished routine inventory cycle count for high-value components in bin rack R-46; variance reconciled within 0.2%.,Operations,Medium,Completed,"Continue production throughput tracking, ensure target quotas met before next handover."
TSK-1118,Evening Shift,Manufacturing,Disposed of general packaging cardboard waste into compactor unit #2.,Operations,Low,Completed,"Routine handover sign-off, verify area cleanliness and equipment shutdown."
TSK-1119,Evening Shift,Manufacturing,Print updated SOP revision 4.2 for hazardous material handling and clip to shift notice board.,Administration,Low,Pending,"File documentation into record repository, confirm routine sign-off."
TSK-1120,Night Shift B,Logistics & Warehousing,Inspected fire extinguishers and emergency exit signs across Sector Alpha; replaced 2 expired units in corridor B.,Safety & Compliance,High,Completed,"Audit verification log, ensure all corrective action items signed off by HSE officer."
TSK-1121,Day Shift A,Manufacturing,Restock PPE supply locker in locker room B with size L nitrile gloves and safety glasses.,Administration,Low,Pending,"File documentation into record repository, confirm routine sign-off."
TSK-1122,Night Shift B,Logistics & Warehousing,Major chemical spill reported in Packaging Bay 1; evacuated personnel and awaiting specialized hazardous materials cleanup crew.,Safety & Compliance,Critical,Pending,"Immediate escalation to safety supervisor, ensure area remains isolated, await hazardous response team."
TSK-1123,Night Shift B,Security & Facilities,Ammonia gas leakage sensor threshold exceeded at Substation East. Evacuation protocol executed; ventilation fans running on emergency backup.,Safety & Compliance,Critical,Pending,"Immediate escalation to safety supervisor, ensure area remains isolated, await hazardous response team."
TSK-1124,Evening Shift,Manufacturing,Print updated SOP revision 4.2 for hazardous material handling and clip to shift notice board.,Administration,Low,Pending,"File documentation into record repository, confirm routine sign-off."
TSK-1125,Evening Shift,Energy & Utilities,Order replacement label printer ribbons and thermal paper rolls for dispatch desk 1.,Administration,Low,Pending,"File documentation into record repository, confirm routine sign-off."
TSK-1126,Evening Shift,Security & Facilities,Verified all peripheral office doors and warehouse delivery shutters locked at end of shift.,Operations,Low,Completed,"Routine handover sign-off, verify area cleanliness and equipment shutdown."
TSK-1127,Night Shift A,Logistics & Warehousing,Inspected fire extinguishers and emergency exit signs across Sector Delta; replaced 2 expired units in corridor B.,Safety & Compliance,High,Completed,"Audit verification log, ensure all corrective action items signed off by HSE officer."
TSK-1128,Night Shift A,Energy & Utilities,Restock PPE supply locker in locker room B with size L nitrile gloves and safety glasses.,Administration,Low,Pending,"File documentation into record repository, confirm routine sign-off."
TSK-1129,Evening Shift,Logistics & Warehousing,Smoke detector alarm triggered in Substation East. Fire suppression system engaged; fire marshals cleared building but electrical panel needs certified clearance.,Safety & Compliance,Critical,Pending,"Immediate escalation to safety supervisor, ensure area remains isolated, await hazardous response team."
TSK-1130,Day Shift A,Security & Facilities,Finished routine inventory cycle count for high-value components in bin rack R-78; variance reconciled within 0.2%.,Operations,Medium,Completed,"Continue production throughput tracking, ensure target quotas met before next handover."
TSK-1131,Day Shift B,Manufacturing,Disposed of general packaging cardboard waste into compactor unit #2.,Operations,Low,Completed,"Routine handover sign-off, verify area cleanliness and equipment shutdown."
TSK-1132,Evening Shift,Manufacturing,"Main cooling water pump P-71 bearing seized, causing engine overheating. Replacement pump offline; technician currently rebuilding motor.",Maintenance,Critical,In Progress,"Continuous monitoring of repair progress, ensure standby units ready, expedite technician parts dispatch."
TSK-1133,Night Shift B,Security & Facilities,Finished routine inventory cycle count for high-value components in bin rack R-67; variance reconciled within 0.2%.,Operations,Medium,Completed,"Continue production throughput tracking, ensure target quotas met before next handover."
TSK-1134,Day Shift B,Logistics & Warehousing,Hydraulic seal leaking on forklift FL-3. Parked in maintenance bay; replacement o-rings ordered from central stores.,Maintenance,High,In Progress,"Supervise overhaul at scheduled shift window, verify vibration thresholds post-repair."
TSK-1135,Day Shift B,Logistics & Warehousing,Finished routine inventory cycle count for high-value components in bin rack R-39; variance reconciled within 0.2%.,Operations,Medium,Completed,"Continue production throughput tracking, ensure target quotas met before next handover."
TSK-1136,Night Shift B,Healthcare,Primary refrigeration compressor in cold storage Assembly Line 4 failed at 10:59. Temperature rising rapidly; urgent transfer of perishable stock required.,Maintenance,Critical,In Progress,"Continuous monitoring of repair progress, ensure standby units ready, expedite technician parts dispatch."
TSK-1137,Day Shift A,Energy & Utilities,Submitted overtime authorization sheets for 4 operators to HR payroll inbox.,Administration,Low,Completed,"File documentation into record repository, confirm routine sign-off."
TSK-1138,Day Shift B,Manufacturing,Offloaded 4 container trailers at loading bay 2. Received bill of lading and entered records into WMS.,Operations,Medium,Completed,"Continue production throughput tracking, ensure target quotas met before next handover."
TSK-1139,Day Shift A,Healthcare,Investigated near-miss incident involving pallet jack collision in aisle 3. Statement recorded and forwarded to HSE.,Safety & Compliance,High,Completed,"Audit verification log, ensure all corrective action items signed off by HSE officer."
TSK-1140,Day Shift A,Energy & Utilities,Check hydraulic fluid level and top up ISO VG 46 reservoir on stamping press PRS-2 before morning production.,Equipment Check,Medium,Pending,"Complete routine calibration, record deviations in system maintenance ledger."
TSK-1141,Evening Shift,Logistics & Warehousing,Verify barcode scanner handhelds at packing stations 3 through 6 are docked on charging cradles.,Equipment Check,Medium,Pending,"Complete routine calibration, record deviations in system maintenance ledger."
TSK-1142,Day Shift B,Energy & Utilities,Archived daily SCADA telemetry logs and backed up operational reports to secure cloud drive.,Administration,Low,Completed,"File documentation into record repository, confirm routine sign-off."
TSK-1143,Night Shift A,Energy & Utilities,Investigated near-miss incident involving pallet jack collision in aisle 2. Statement recorded and forwarded to HSE.,Safety & Compliance,High,Completed,"Audit verification log, ensure all corrective action items signed off by HSE officer."
TSK-1144,Night Shift A,Healthcare,Sorting returned retail parcels in processing bay 10. Sorting queue estimated at 45 minutes remaining.,Operations,Medium,In Progress,"Continue production throughput tracking, ensure target quotas met before next handover."
TSK-1145,Night Shift A,Energy & Utilities,Handed over master locker keys and radio communication sets to incoming shift lead in briefing room.,Administration,Low,Completed,"File documentation into record repository, confirm routine sign-off."
TSK-1146,Night Shift B,Manufacturing,Handed over master locker keys and radio communication sets to incoming shift lead in briefing room.,Administration,Low,Completed,"File documentation into record repository, confirm routine sign-off."
TSK-1147,Day Shift A,Security & Facilities,Inspect automated guided vehicle (AGV) docking rail #1 after two navigation tracking faults occurred during peak dispatch.,Equipment Check,High,Pending,"Perform detailed physical inspection within first 30 minutes of shift, log baseline values in ShiftSync."
TSK-1148,Day Shift A,Healthcare,Archived daily SCADA telemetry logs and backed up operational reports to secure cloud drive.,Administration,Low,Completed,"File documentation into record repository, confirm routine sign-off."
TSK-1149,Evening Shift,Logistics & Warehousing,Check emergency battery banks in electrical substation SS-3 before oncoming night shift.,Equipment Check,High,Pending,"Perform detailed physical inspection within first 30 minutes of shift, log baseline values in ShiftSync."
TSK-1150,Night Shift A,Logistics & Warehousing,Structural crack observed on support beam near Warehouse Sector B. Immediate structural engineering inspection ordered; access restricted.,Safety & Compliance,Critical,Pending,"Immediate escalation to safety supervisor, ensure area remains isolated, await hazardous response team."
TSK-1151,Day Shift B,Security & Facilities,Finished routine inventory cycle count for high-value components in bin rack R-29; variance reconciled within 0.2%.,Operations,Medium,Completed,"Continue production throughput tracking, ensure target quotas met before next handover."
TSK-1152,Night Shift A,Healthcare,Hydraulic seal leaking on forklift FL-15. Parked in maintenance bay; replacement o-rings ordered from central stores.,Maintenance,High,In Progress,"Supervise overhaul at scheduled shift window, verify vibration thresholds post-repair."
TSK-1153,Day Shift B,Energy & Utilities,Sanitization of packaging line #2 underway following allergen product campaign run.,Operations,Medium,In Progress,"Continue production throughput tracking, ensure target quotas met before next handover."
TSK-1154,Day Shift A,Logistics & Warehousing,Archived daily SCADA telemetry logs and backed up operational reports to secure cloud drive.,Administration,Low,Completed,"File documentation into record repository, confirm routine sign-off."
TSK-1155,Day Shift A,Energy & Utilities,Offloaded 4 container trailers at loading bay 6. Received bill of lading and entered records into WMS.,Operations,Medium,Completed,"Continue production throughput tracking, ensure target quotas met before next handover."
TSK-1156,Day Shift A,Manufacturing,Conducted emergency spill response drill with incoming and outgoing crew in Substation East. Log submitted to Safety Officer.,Safety & Compliance,High,Completed,"Audit verification log, ensure all corrective action items signed off by HSE officer."
TSK-1157,Evening Shift,Manufacturing,Main server room backup UPS inverter failed battery self-test during power flicker. Generator manually engaged; vendor ticket #CRIT-9414 open.,Maintenance,Critical,In Progress,"Continuous monitoring of repair progress, ensure standby units ready, expedite technician parts dispatch."
TSK-1158,Day Shift B,Logistics & Warehousing,Verify barcode scanner handhelds at packing stations 1 through 7 are docked on charging cradles.,Equipment Check,Medium,Pending,"Complete routine calibration, record deviations in system maintenance ledger."
TSK-1159,Day Shift B,Energy & Utilities,Conducted emergency spill response drill with incoming and outgoing crew in Chemical Storage Annex. Log submitted to Safety Officer.,Safety & Compliance,High,Completed,"Audit verification log, ensure all corrective action items signed off by HSE officer."
TSK-1160,Evening Shift,Manufacturing,Restocked consumable packaging strapping rolls at end-of-line pallet wrapping machines.,Operations,Low,Completed,"Routine handover sign-off, verify area cleanliness and equipment shutdown."
TSK-1161,Day Shift B,Healthcare,Verify barcode scanner handhelds at packing stations 3 through 5 are docked on charging cradles.,Equipment Check,Medium,Pending,"Complete routine calibration, record deviations in system maintenance ledger."
TSK-1162,Night Shift B,Manufacturing,Investigated near-miss incident involving pallet jack collision in aisle 9. Statement recorded and forwarded to HSE.,Safety & Compliance,High,Completed,"Audit verification log, ensure all corrective action items signed off by HSE officer."
TSK-1163,Day Shift A,Manufacturing,Main server room backup UPS inverter failed battery self-test during power flicker. Generator manually engaged; vendor ticket #CRIT-6913 open.,Maintenance,Critical,In Progress,"Continuous monitoring of repair progress, ensure standby units ready, expedite technician parts dispatch."
TSK-1164,Day Shift B,Healthcare,Check hydraulic fluid level and top up ISO VG 46 reservoir on stamping press PRS-4 before morning production.,Equipment Check,Medium,Pending,"Complete routine calibration, record deviations in system maintenance ledger."
TSK-1165,Evening Shift,Logistics & Warehousing,Swept and mopped gangways in packing hall H-B at conclusion of packaging run.,Operations,Low,Completed,"Routine handover sign-off, verify area cleanliness and equipment shutdown."
TSK-1166,Night Shift B,Healthcare,Sorting returned retail parcels in processing bay 12. Sorting queue estimated at 45 minutes remaining.,Operations,Medium,In Progress,"Continue production throughput tracking, ensure target quotas met before next handover."
TSK-1167,Day Shift A,Energy & Utilities,Inspected fire extinguishers and emergency exit signs across Sector Beta; replaced 2 expired units in corridor B.,Safety & Compliance,High,Completed,"Audit verification log, ensure all corrective action items signed off by HSE officer."
TSK-1168,Night Shift A,Energy & Utilities,Inspect air compressor intake air filters in plant room PR-4 for dust saturation.,Equipment Check,Medium,Pending,"Complete routine calibration, record deviations in system maintenance ledger."
TSK-1169,Day Shift A,Healthcare,Conducted emergency spill response drill with incoming and outgoing crew in Substation East. Log submitted to Safety Officer.,Safety & Compliance,High,Completed,"Audit verification log, ensure all corrective action items signed off by HSE officer."
TSK-1170,Night Shift A,Energy & Utilities,Order replacement label printer ribbons and thermal paper rolls for dispatch desk 4.,Administration,Low,Pending,"File documentation into record repository, confirm routine sign-off."
TSK-1171,Day Shift A,Energy & Utilities,Swept and mopped gangways in packing hall H-A at conclusion of packaging run.,Operations,Low,Completed,"Routine handover sign-off, verify area cleanliness and equipment shutdown."
TSK-1172,Day Shift B,Security & Facilities,"Main cooling water pump P-25 bearing seized, causing engine overheating. Replacement pump offline; technician currently rebuilding motor.",Maintenance,Critical,In Progress,"Continuous monitoring of repair progress, ensure standby units ready, expedite technician parts dispatch."
TSK-1173,Night Shift B,Security & Facilities,Main server room backup UPS inverter failed battery self-test during power flicker. Generator manually engaged; vendor ticket #CRIT-5178 open.,Maintenance,Critical,In Progress,"Continuous monitoring of repair progress, ensure standby units ready, expedite technician parts dispatch."
TSK-1174,Night Shift B,Healthcare,Sanitization of packaging line #6 underway following allergen product campaign run.,Operations,Medium,In Progress,"Continue production throughput tracking, ensure target quotas met before next handover."
TSK-1175,Evening Shift,Manufacturing,Vibration analysis on Centrifugal Pump P-204 indicates severe bearing wear. Speed derated to 60% to prevent total failure before overhaul.,Maintenance,High,In Progress,"Supervise overhaul at scheduled shift window, verify vibration thresholds post-repair."
TSK-1176,Night Shift A,Energy & Utilities,Recalibrate flow meters on chemical metering pump P-49 following high concentration error alert on batch #57482.,Equipment Check,High,Pending,"Perform detailed physical inspection within first 30 minutes of shift, log baseline values in ShiftSync."
TSK-1177,Night Shift B,Energy & Utilities,Backup diesel generator coolant temperature reached 98C during weekly run test. Flushed radiator; thermostat needs replacement.,Maintenance,High,In Progress,"Supervise overhaul at scheduled shift window, verify vibration thresholds post-repair."
TSK-1178,Day Shift A,Energy & Utilities,"Main hydraulic line ruptured on Chiller Unit CH-02 causing immediate line halt. Oil contained with absorbent pads, replacement hose arriving from supplier.",Maintenance,Critical,In Progress,"Continuous monitoring of repair progress, ensure standby units ready, expedite technician parts dispatch."
TSK-1179,Night Shift A,Healthcare,Conveyor belt CV-6 in Warehouse Sector B showing significant tear along edge. Temporary patch applied; needs full vulcanizing splice tonight.,Maintenance,High,In Progress,"Supervise overhaul at scheduled shift window, verify vibration thresholds post-repair."
TSK-1180,Day Shift B,Healthcare,Perform zero-point calibration on digital weighing scales at packaging station 7.,Equipment Check,Medium,Pending,"Complete routine calibration, record deviations in system maintenance ledger."
TSK-1181,Night Shift B,Energy & Utilities,Processed shift transfer of 1343 sanitized linen bundles from laundry facility to surgical wards.,Operations,Medium,Completed,"Continue production throughput tracking, ensure target quotas met before next handover."
TSK-1182,Night Shift A,Logistics & Warehousing,Print updated SOP revision 4.2 for hazardous material handling and clip to shift notice board.,Administration,Low,Pending,"File documentation into record repository, confirm routine sign-off."
TSK-1183,Night Shift A,Manufacturing,Hydraulic seal leaking on forklift FL-13. Parked in maintenance bay; replacement o-rings ordered from central stores.,Maintenance,High,In Progress,"Supervise overhaul at scheduled shift window, verify vibration thresholds post-repair."
TSK-1184,Night Shift A,Security & Facilities,Verify operational readiness of emergency eyewash and deluge shower stations throughout chemical handling zone Zone-B.,Equipment Check,High,Pending,"Perform detailed physical inspection within first 30 minutes of shift, log baseline values in ShiftSync."
TSK-1185,Night Shift A,Healthcare,Update whiteboard task allocation chart for tomorrow's scheduled maintenance outage.,Administration,Low,Pending,"File documentation into record repository, confirm routine sign-off."
TSK-1186,Day Shift A,Logistics & Warehousing,Inspect automated guided vehicle (AGV) docking rail #8 after two navigation tracking faults occurred during peak dispatch.,Equipment Check,High,Pending,"Perform detailed physical inspection within first 30 minutes of shift, log baseline values in ShiftSync."
TSK-1187,Night Shift A,Logistics & Warehousing,Perimeter security fence breached at Emergency Exit 4; police notified and security guards dispatched for sweep. Ongoing lockdown.,Safety & Compliance,Critical,Pending,"Immediate escalation to safety supervisor, ensure area remains isolated, await hazardous response team."
TSK-1188,Night Shift A,Energy & Utilities,Finished routine inventory cycle count for high-value components in bin rack R-52; variance reconciled within 0.2%.,Operations,Medium,Completed,"Continue production throughput tracking, ensure target quotas met before next handover."
TSK-1189,Night Shift A,Healthcare,Check hydraulic fluid level and top up ISO VG 46 reservoir on stamping press PRS-5 before morning production.,Equipment Check,Medium,Pending,"Complete routine calibration, record deviations in system maintenance ledger."
TSK-1190,Night Shift A,Security & Facilities,Print updated SOP revision 4.2 for hazardous material handling and clip to shift notice board.,Administration,Low,Pending,"File documentation into record repository, confirm routine sign-off."
TSK-1191,Day Shift B,Healthcare,Sorting returned retail parcels in processing bay 2. Sorting queue estimated at 45 minutes remaining.,Operations,Medium,In Progress,"Continue production throughput tracking, ensure target quotas met before next handover."
TSK-1192,Evening Shift,Logistics & Warehousing,Check emergency battery banks in electrical substation SS-2 before oncoming night shift.,Equipment Check,High,Pending,"Perform detailed physical inspection within first 30 minutes of shift, log baseline values in ShiftSync."
TSK-1193,Night Shift A,Manufacturing,Offloaded 4 container trailers at loading bay 12. Received bill of lading and entered records into WMS.,Operations,Medium,Completed,"Continue production throughput tracking, ensure target quotas met before next handover."
TSK-1194,Night Shift B,Energy & Utilities,Check hydraulic fluid level and top up ISO VG 46 reservoir on stamping press PRS-2 before morning production.,Equipment Check,Medium,Pending,"Complete routine calibration, record deviations in system maintenance ledger."
TSK-1195,Day Shift A,Security & Facilities,Primary refrigeration compressor in cold storage Boiler Room 3 failed at 11:24. Temperature rising rapidly; urgent transfer of perishable stock required.,Maintenance,Critical,In Progress,"Continuous monitoring of repair progress, ensure standby units ready, expedite technician parts dispatch."
TSK-1196,Day Shift B,Energy & Utilities,Swept and mopped gangways in packing hall H-A at conclusion of packaging run.,Operations,Low,Completed,"Routine handover sign-off, verify area cleanliness and equipment shutdown."
TSK-1197,Night Shift A,Security & Facilities,Restocked consumable packaging strapping rolls at end-of-line pallet wrapping machines.,Operations,Low,Completed,"Routine handover sign-off, verify area cleanliness and equipment shutdown."
TSK-1198,Night Shift B,Manufacturing,Main server room backup UPS inverter failed battery self-test during power flicker. Generator manually engaged; vendor ticket #CRIT-9416 open.,Maintenance,Critical,In Progress,"Continuous monitoring of repair progress, ensure standby units ready, expedite technician parts dispatch."
TSK-1199,Evening Shift,Logistics & Warehousing,Disposed of general packaging cardboard waste into compactor unit #2.,Operations,Low,Completed,"Routine handover sign-off, verify area cleanliness and equipment shutdown."
TSK-1200,Day Shift A,Healthcare,Data reconciliation in progress between ERP inventory count and physical warehouse bins in zone Zone-B.,Operations,Medium,In Progress,"Continue production throughput tracking, ensure target quotas met before next handover."
TSK-1201,Night Shift A,Manufacturing,Sorting returned retail parcels in processing bay 5. Sorting queue estimated at 45 minutes remaining.,Operations,Medium,In Progress,"Continue production throughput tracking, ensure target quotas met before next handover."
TSK-1202,Day Shift B,Logistics & Warehousing,Batch #70539 currently mixing in blending tank 3. Viscosity check scheduled at 20:30 by lab technician.,Operations,Medium,In Progress,"Continue production throughput tracking, ensure target quotas met before next handover."
TSK-1203,Night Shift A,Security & Facilities,Steam leak detected on flange joint upstream of Stamping Press SP-11. Area barricaded; pipefitters scheduled for gasket swap at 22:00.,Maintenance,High,In Progress,"Supervise overhaul at scheduled shift window, verify vibration thresholds post-repair."
TSK-1204,Day Shift B,Energy & Utilities,High voltage arc flash occurred on Forklift FL-08 circuit breaker in Boiler Room 3. Lockout/Tagout (LOTO) active; electrician dispatch required immediately.,Safety & Compliance,Critical,Pending,"Immediate escalation to safety supervisor, ensure area remains isolated, await hazardous response team."
TSK-1205,Day Shift A,Logistics & Warehousing,Verified all peripheral office doors and warehouse delivery shutters locked at end of shift.,Operations,Low,Completed,"Routine handover sign-off, verify area cleanliness and equipment shutdown."
TSK-1206,Night Shift B,Manufacturing,Hydraulic seal leaking on forklift FL-4. Parked in maintenance bay; replacement o-rings ordered from central stores.,Maintenance,High,In Progress,"Supervise overhaul at scheduled shift window, verify vibration thresholds post-repair."
TSK-1207,Night Shift A,Healthcare,Structural crack observed on support beam near Assembly Line 4. Immediate structural engineering inspection ordered; access restricted.,Safety & Compliance,Critical,Pending,"Immediate escalation to safety supervisor, ensure area remains isolated, await hazardous response team."
TSK-1208,Night Shift B,Logistics & Warehousing,Archived daily SCADA telemetry logs and backed up operational reports to secure cloud drive.,Administration,Low,Completed,"File documentation into record repository, confirm routine sign-off."
TSK-1209,Day Shift A,Security & Facilities,Backup diesel generator coolant temperature reached 98C during weekly run test. Flushed radiator; thermostat needs replacement.,Maintenance,High,In Progress,"Supervise overhaul at scheduled shift window, verify vibration thresholds post-repair."
TSK-1210,Day Shift B,Healthcare,Dispatched scheduled freight cargo to regional hub via transport route RT-429 without dispatch delays.,Operations,Medium,Completed,"Continue production throughput tracking, ensure target quotas met before next handover."
TSK-1211,Day Shift B,Healthcare,Sanitization of packaging line #6 underway following allergen product campaign run.,Operations,Medium,In Progress,"Continue production throughput tracking, ensure target quotas met before next handover."
TSK-1212,Night Shift B,Healthcare,Verify barcode scanner handhelds at packing stations 3 through 5 are docked on charging cradles.,Equipment Check,Medium,Pending,"Complete routine calibration, record deviations in system maintenance ledger."
TSK-1213,Night Shift B,Logistics & Warehousing,Backup diesel generator coolant temperature reached 98C during weekly run test. Flushed radiator; thermostat needs replacement.,Maintenance,High,In Progress,"Supervise overhaul at scheduled shift window, verify vibration thresholds post-repair."
TSK-1214,Evening Shift,Healthcare,Update whiteboard task allocation chart for tomorrow's scheduled maintenance outage.,Administration,Low,Pending,"File documentation into record repository, confirm routine sign-off."
TSK-1215,Evening Shift,Logistics & Warehousing,Check emergency battery banks in electrical substation SS-5 before oncoming night shift.,Equipment Check,High,Pending,"Perform detailed physical inspection within first 30 minutes of shift, log baseline values in ShiftSync."
TSK-1216,Night Shift B,Logistics & Warehousing,Check belt tension and motor alignment on exhaust fan #3 on rooftop HVAC deck.,Equipment Check,Medium,Pending,"Complete routine calibration, record deviations in system maintenance ledger."
TSK-1217,Evening Shift,Manufacturing,Recalibrate flow meters on chemical metering pump P-43 following high concentration error alert on batch #72133.,Equipment Check,High,Pending,"Perform detailed physical inspection within first 30 minutes of shift, log baseline values in ShiftSync."
TSK-1218,Day Shift B,Energy & Utilities,Updated shift logbook Section 4 and signed off attendance register for outgoing operators.,Administration,Low,Completed,"File documentation into record repository, confirm routine sign-off."
TSK-1219,Evening Shift,Healthcare,Batch #97030 currently mixing in blending tank 7. Viscosity check scheduled at 20:30 by lab technician.,Operations,Medium,In Progress,"Continue production throughput tracking, ensure target quotas met before next handover."
TSK-1220,Night Shift A,Energy & Utilities,Sanitization of packaging line #3 underway following allergen product campaign run.,Operations,Medium,In Progress,"Continue production throughput tracking, ensure target quotas met before next handover."
TSK-1221,Day Shift A,Security & Facilities,"Completed production run on batch #96835 with 1,240 units processed and palletized for QC clearance.",Operations,Medium,Completed,"Continue production throughput tracking, ensure target quotas met before next handover."
TSK-1222,Night Shift A,Manufacturing,Backup diesel generator coolant temperature reached 98C during weekly run test. Flushed radiator; thermostat needs replacement.,Maintenance,High,In Progress,"Supervise overhaul at scheduled shift window, verify vibration thresholds post-repair."
TSK-1223,Evening Shift,Security & Facilities,Schedule quarterly vision and hearing screening appointments for 6 plant technicians with clinic.,Administration,Low,Pending,"File documentation into record repository, confirm routine sign-off."
TSK-1224,Evening Shift,Manufacturing,Processed shift transfer of 293 sanitized linen bundles from laundry facility to surgical wards.,Operations,Medium,Completed,"Continue production throughput tracking, ensure target quotas met before next handover."
TSK-1225,Day Shift B,Healthcare,Update whiteboard task allocation chart for tomorrow's scheduled maintenance outage.,Administration,Low,Pending,"File documentation into record repository, confirm routine sign-off."
TSK-1226,Night Shift B,Manufacturing,Conducted emergency spill response drill with incoming and outgoing crew in Assembly Line 4. Log submitted to Safety Officer.,Safety & Compliance,High,Completed,"Audit verification log, ensure all corrective action items signed off by HSE officer."
TSK-1227,Day Shift A,Security & Facilities,Check hydraulic fluid level and top up ISO VG 46 reservoir on stamping press PRS-5 before morning production.,Equipment Check,Medium,Pending,"Complete routine calibration, record deviations in system maintenance ledger."
TSK-1228,Night Shift A,Manufacturing,Investigated near-miss incident involving pallet jack collision in aisle 27. Statement recorded and forwarded to HSE.,Safety & Compliance,High,Completed,"Audit verification log, ensure all corrective action items signed off by HSE officer."
TSK-1229,Night Shift A,Logistics & Warehousing,Vibration analysis on Forklift FL-08 indicates severe bearing wear. Speed derated to 60% to prevent total failure before overhaul.,Maintenance,High,In Progress,"Supervise overhaul at scheduled shift window, verify vibration thresholds post-repair."
TSK-1230,Night Shift A,Healthcare,Inspect boiler pressure valve on Line 5 after fluctuating readings between 75 and 92 PSI throughout afternoon run.,Equipment Check,High,Pending,"Perform detailed physical inspection within first 30 minutes of shift, log baseline values in ShiftSync."
TSK-1231,Night Shift B,Manufacturing,Swept and mopped gangways in packing hall H-A at conclusion of packaging run.,Operations,Low,Completed,"Routine handover sign-off, verify area cleanliness and equipment shutdown."
TSK-1232,Day Shift A,Healthcare,Recalibrate flow meters on chemical metering pump P-90 following high concentration error alert on batch #88832.,Equipment Check,High,Pending,"Perform detailed physical inspection within first 30 minutes of shift, log baseline values in ShiftSync."
TSK-1233,Evening Shift,Healthcare,Structural crack observed on support beam near Warehouse Sector B. Immediate structural engineering inspection ordered; access restricted.,Safety & Compliance,Critical,Pending,"Immediate escalation to safety supervisor, ensure area remains isolated, await hazardous response team."
TSK-1234,Day Shift B,Healthcare,Order replacement label printer ribbons and thermal paper rolls for dispatch desk 1.,Administration,Low,Pending,"File documentation into record repository, confirm routine sign-off."
TSK-1235,Day Shift A,Logistics & Warehousing,Disposed of general packaging cardboard waste into compactor unit #2.,Operations,Low,Completed,"Routine handover sign-off, verify area cleanliness and equipment shutdown."
TSK-1236,Day Shift B,Logistics & Warehousing,Emergency shutoff valve tripped automatically on Centrifugal Pump P-204 due to severe pressure spike in Loading Dock 7. Do not restart without supervisor sign-off.,Safety & Compliance,Critical,Pending,"Immediate escalation to safety supervisor, ensure area remains isolated, await hazardous response team."
TSK-1237,Day Shift B,Manufacturing,Perform zero-point calibration on digital weighing scales at packaging station 5.,Equipment Check,Medium,Pending,"Complete routine calibration, record deviations in system maintenance ledger."
TSK-1238,Night Shift A,Logistics & Warehousing,Verify barcode scanner handhelds at packing stations 4 through 6 are docked on charging cradles.,Equipment Check,Medium,Pending,"Complete routine calibration, record deviations in system maintenance ledger."
TSK-1239,Day Shift A,Logistics & Warehousing,Updated shift logbook Section 3 and signed off attendance register for outgoing operators.,Administration,Low,Completed,"File documentation into record repository, confirm routine sign-off."
TSK-1240,Evening Shift,Security & Facilities,Inspect boiler pressure valve on Line 3 after fluctuating readings between 75 and 92 PSI throughout afternoon run.,Equipment Check,High,Pending,"Perform detailed physical inspection within first 30 minutes of shift, log baseline values in ShiftSync."
TSK-1241,Evening Shift,Security & Facilities,Inspect air compressor intake air filters in plant room PR-1 for dust saturation.,Equipment Check,Medium,Pending,"Complete routine calibration, record deviations in system maintenance ledger."
TSK-1242,Night Shift A,Security & Facilities,Batch #56110 currently mixing in blending tank 10. Viscosity check scheduled at 20:30 by lab technician.,Operations,Medium,In Progress,"Continue production throughput tracking, ensure target quotas met before next handover."
TSK-1243,Day Shift A,Manufacturing,Batch #70300 currently mixing in blending tank 4. Viscosity check scheduled at 20:30 by lab technician.,Operations,Medium,In Progress,"Continue production throughput tracking, ensure target quotas met before next handover."
TSK-1244,Night Shift A,Healthcare,Completed mandatory pre-shift gas testing for oxygen deficiency and LEL in confined space tank #3. Safe to enter.,Safety & Compliance,High,Completed,"Audit verification log, ensure all corrective action items signed off by HSE officer."
TSK-1245,Evening Shift,Security & Facilities,Updated shift logbook Section 5 and signed off attendance register for outgoing operators.,Administration,Low,Completed,"File documentation into record repository, confirm routine sign-off."
TSK-1246,Day Shift A,Healthcare,Vibration analysis on Packaging Robot Arm R-3 indicates severe bearing wear. Speed derated to 60% to prevent total failure before overhaul.,Maintenance,High,In Progress,"Supervise overhaul at scheduled shift window, verify vibration thresholds post-repair."
TSK-1247,Night Shift B,Manufacturing,Primary refrigeration compressor in cold storage Assembly Line 4 failed at 19:23. Temperature rising rapidly; urgent transfer of perishable stock required.,Maintenance,Critical,In Progress,"Continuous monitoring of repair progress, ensure standby units ready, expedite technician parts dispatch."
TSK-1248,Night Shift B,Logistics & Warehousing,Handed over master locker keys and radio communication sets to incoming shift lead in briefing room.,Administration,Low,Completed,"File documentation into record repository, confirm routine sign-off."
TSK-1249,Day Shift A,Healthcare,Recalibrate flow meters on chemical metering pump P-40 following high concentration error alert on batch #92179.,Equipment Check,High,Pending,"Perform detailed physical inspection within first 30 minutes of shift, log baseline values in ShiftSync."
TSK-1250,Night Shift B,Healthcare,Recalibrate flow meters on chemical metering pump P-40 following high concentration error alert on batch #97295.,Equipment Check,High,Pending,"Perform detailed physical inspection within first 30 minutes of shift, log baseline values in ShiftSync."
TSK-1251,Night Shift B,Security & Facilities,Check hydraulic fluid level and top up ISO VG 46 reservoir on stamping press PRS-2 before morning production.,Equipment Check,Medium,Pending,"Complete routine calibration, record deviations in system maintenance ledger."
TSK-1252,Day Shift B,Manufacturing,Conducted emergency spill response drill with incoming and outgoing crew in ICU Ward 3. Log submitted to Safety Officer.,Safety & Compliance,High,Completed,"Audit verification log, ensure all corrective action items signed off by HSE officer."
TSK-1253,Night Shift B,Energy & Utilities,"Main cooling water pump P-76 bearing seized, causing engine overheating. Replacement pump offline; technician currently rebuilding motor.",Maintenance,Critical,In Progress,"Continuous monitoring of repair progress, ensure standby units ready, expedite technician parts dispatch."
TSK-1254,Night Shift B,Security & Facilities,Sorting returned retail parcels in processing bay 4. Sorting queue estimated at 45 minutes remaining.,Operations,Medium,In Progress,"Continue production throughput tracking, ensure target quotas met before next handover."
TSK-1255,Night Shift B,Healthcare,Swept and mopped gangways in packing hall H-B at conclusion of packaging run.,Operations,Low,Completed,"Routine handover sign-off, verify area cleanliness and equipment shutdown."
TSK-1256,Day Shift B,Energy & Utilities,Emergency shutoff valve tripped automatically on Packaging Robot Arm R-3 due to severe pressure spike in HVAC Plant Deck. Do not restart without supervisor sign-off.,Safety & Compliance,Critical,Pending,"Immediate escalation to safety supervisor, ensure area remains isolated, await hazardous response team."
TSK-1257,Day Shift B,Energy & Utilities,Update whiteboard task allocation chart for tomorrow's scheduled maintenance outage.,Administration,Low,Pending,"File documentation into record repository, confirm routine sign-off."
TSK-1258,Night Shift A,Healthcare,Print updated SOP revision 4.2 for hazardous material handling and clip to shift notice board.,Administration,Low,Pending,"File documentation into record repository, confirm routine sign-off."
TSK-1259,Night Shift B,Security & Facilities,Inspected fire extinguishers and emergency exit signs across Sector Delta; replaced 2 expired units in corridor B.,Safety & Compliance,High,Completed,"Audit verification log, ensure all corrective action items signed off by HSE officer."
TSK-1260,Night Shift B,Healthcare,Processed shift transfer of 1104 sanitized linen bundles from laundry facility to surgical wards.,Operations,Medium,Completed,"Continue production throughput tracking, ensure target quotas met before next handover."
TSK-1261,Evening Shift,Healthcare,Emergency shutoff valve tripped automatically on Forklift FL-08 due to severe pressure spike in Loading Dock 7. Do not restart without supervisor sign-off.,Safety & Compliance,Critical,Pending,"Immediate escalation to safety supervisor, ensure area remains isolated, await hazardous response team."
TSK-1262,Day Shift B,Healthcare,Structural crack observed on support beam near Chemical Storage Annex. Immediate structural engineering inspection ordered; access restricted.,Safety & Compliance,Critical,Pending,"Immediate escalation to safety supervisor, ensure area remains isolated, await hazardous response team."
TSK-1263,Evening Shift,Healthcare,Oxygen supply manifold pressure dropped to 35 PSI in Ward 6. Switched to emergency cylinder bank; biomed engineer en route.,Maintenance,Critical,In Progress,"Continuous monitoring of repair progress, ensure standby units ready, expedite technician parts dispatch."
TSK-1264,Day Shift A,Logistics & Warehousing,Restock PPE supply locker in locker room B with size L nitrile gloves and safety glasses.,Administration,Low,Pending,"File documentation into record repository, confirm routine sign-off."
TSK-1265,Night Shift A,Energy & Utilities,Oxygen supply manifold pressure dropped to 35 PSI in Ward 6. Switched to emergency cylinder bank; biomed engineer en route.,Maintenance,Critical,In Progress,"Continuous monitoring of repair progress, ensure standby units ready, expedite technician parts dispatch."
TSK-1266,Day Shift A,Manufacturing,Handed over master locker keys and radio communication sets to incoming shift lead in briefing room.,Administration,Low,Completed,"File documentation into record repository, confirm routine sign-off."
TSK-1267,Night Shift A,Manufacturing,Inspect boiler pressure valve on Line 6 after fluctuating readings between 75 and 92 PSI throughout afternoon run.,Equipment Check,High,Pending,"Perform detailed physical inspection within first 30 minutes of shift, log baseline values in ShiftSync."
TSK-1268,Day Shift A,Manufacturing,Sanitization of packaging line #3 underway following allergen product campaign run.,Operations,Medium,In Progress,"Continue production throughput tracking, ensure target quotas met before next handover."
TSK-1269,Day Shift A,Logistics & Warehousing,Offloaded 4 container trailers at loading bay 4. Received bill of lading and entered records into WMS.,Operations,Medium,Completed,"Continue production throughput tracking, ensure target quotas met before next handover."
TSK-1270,Day Shift A,Logistics & Warehousing,Inspect boiler pressure valve on Line 4 after fluctuating readings between 75 and 92 PSI throughout afternoon run.,Equipment Check,High,Pending,"Perform detailed physical inspection within first 30 minutes of shift, log baseline values in ShiftSync."
TSK-1271,Day Shift B,Healthcare,Data reconciliation in progress between ERP inventory count and physical warehouse bins in zone Zone-B.,Operations,Medium,In Progress,"Continue production throughput tracking, ensure target quotas met before next handover."
TSK-1272,Evening Shift,Manufacturing,"Loading freight container for shipment #83699; 14 of 24 pallets secured, remainder staged at dock 4.",Operations,Medium,In Progress,"Continue production throughput tracking, ensure target quotas met before next handover."
TSK-1273,Night Shift A,Logistics & Warehousing,Batch #71706 currently mixing in blending tank 5. Viscosity check scheduled at 20:30 by lab technician.,Operations,Medium,In Progress,"Continue production throughput tracking, ensure target quotas met before next handover."
TSK-1274,Evening Shift,Security & Facilities,Perform zero-point calibration on digital weighing scales at packaging station 1.,Equipment Check,Medium,Pending,"Complete routine calibration, record deviations in system maintenance ledger."
TSK-1275,Day Shift A,Logistics & Warehousing,Archived daily SCADA telemetry logs and backed up operational reports to secure cloud drive.,Administration,Low,Completed,"File documentation into record repository, confirm routine sign-off."
TSK-1276,Day Shift B,Security & Facilities,Turned off non-essential bay lighting and conveyor idling drives in storage yard Y-South.,Operations,Low,Completed,"Routine handover sign-off, verify area cleanliness and equipment shutdown."
TSK-1277,Day Shift A,Security & Facilities,Verify operational readiness of emergency eyewash and deluge shower stations throughout chemical handling zone Zone-C.,Equipment Check,High,Pending,"Perform detailed physical inspection within first 30 minutes of shift, log baseline values in ShiftSync."
TSK-1278,Evening Shift,Security & Facilities,"Loading freight container for shipment #80870; 14 of 24 pallets secured, remainder staged at dock 8.",Operations,Medium,In Progress,"Continue production throughput tracking, ensure target quotas met before next handover."
TSK-1279,Night Shift B,Healthcare,Vibration analysis on Centrifugal Pump P-204 indicates severe bearing wear. Speed derated to 60% to prevent total failure before overhaul.,Maintenance,High,In Progress,"Supervise overhaul at scheduled shift window, verify vibration thresholds post-repair."
TSK-1280,Night Shift B,Energy & Utilities,Restocked consumable packaging strapping rolls at end-of-line pallet wrapping machines.,Operations,Low,Completed,"Routine handover sign-off, verify area cleanliness and equipment shutdown."
TSK-1281,Day Shift B,Healthcare,Restocked consumable packaging strapping rolls at end-of-line pallet wrapping machines.,Operations,Low,Completed,"Routine handover sign-off, verify area cleanliness and equipment shutdown."
TSK-1282,Day Shift A,Logistics & Warehousing,Smoke detector alarm triggered in Boiler Room 3. Fire suppression system engaged; fire marshals cleared building but electrical panel needs certified clearance.,Safety & Compliance,Critical,Pending,"Immediate escalation to safety supervisor, ensure area remains isolated, await hazardous response team."
TSK-1283,Night Shift B,Logistics & Warehousing,Primary refrigeration compressor in cold storage Warehouse Sector B failed at 16:37. Temperature rising rapidly; urgent transfer of perishable stock required.,Maintenance,Critical,In Progress,"Continuous monitoring of repair progress, ensure standby units ready, expedite technician parts dispatch."
TSK-1284,Night Shift B,Manufacturing,Verified all peripheral office doors and warehouse delivery shutters locked at end of shift.,Operations,Low,Completed,"Routine handover sign-off, verify area cleanliness and equipment shutdown."
TSK-1285,Day Shift B,Energy & Utilities,"Patient in ICU Bed 101 experienced sudden cardiac arrest, successfully stabilized on ventilator; critical observation required for next 4 hours.",Safety & Compliance,Critical,Pending,"Immediate escalation to safety supervisor, ensure area remains isolated, await hazardous response team."
TSK-1286,Evening Shift,Logistics & Warehousing,Handed over master locker keys and radio communication sets to incoming shift lead in briefing room.,Administration,Low,Completed,"File documentation into record repository, confirm routine sign-off."
TSK-1287,Evening Shift,Manufacturing,"Completed production run on batch #52594 with 1,240 units processed and palletized for QC clearance.",Operations,Medium,Completed,"Continue production throughput tracking, ensure target quotas met before next handover."
TSK-1288,Night Shift B,Healthcare,Vibration analysis on Chiller Unit CH-02 indicates severe bearing wear. Speed derated to 60% to prevent total failure before overhaul.,Maintenance,High,In Progress,"Supervise overhaul at scheduled shift window, verify vibration thresholds post-repair."
TSK-1289,Day Shift B,Logistics & Warehousing,Disposed of general packaging cardboard waste into compactor unit #2.,Operations,Low,Completed,"Routine handover sign-off, verify area cleanliness and equipment shutdown."
TSK-1290,Day Shift B,Security & Facilities,Sanitization of packaging line #5 underway following allergen product campaign run.,Operations,Medium,In Progress,"Continue production throughput tracking, ensure target quotas met before next handover."
TSK-1291,Night Shift B,Logistics & Warehousing,Submitted overtime authorization sheets for 4 operators to HR payroll inbox.,Administration,Low,Completed,"File documentation into record repository, confirm routine sign-off."
TSK-1292,Night Shift A,Logistics & Warehousing,Print updated SOP revision 4.2 for hazardous material handling and clip to shift notice board.,Administration,Low,Pending,"File documentation into record repository, confirm routine sign-off."
TSK-1293,Evening Shift,Manufacturing,Batch #71960 currently mixing in blending tank 10. Viscosity check scheduled at 20:30 by lab technician.,Operations,Medium,In Progress,"Continue production throughput tracking, ensure target quotas met before next handover."
TSK-1294,Day Shift A,Energy & Utilities,Turned off non-essential bay lighting and conveyor idling drives in storage yard Y-North.,Operations,Low,Completed,"Routine handover sign-off, verify area cleanliness and equipment shutdown."
TSK-1295,Day Shift A,Logistics & Warehousing,"Main cooling water pump P-46 bearing seized, causing engine overheating. Replacement pump offline; technician currently rebuilding motor.",Maintenance,Critical,In Progress,"Continuous monitoring of repair progress, ensure standby units ready, expedite technician parts dispatch."
TSK-1296,Day Shift B,Healthcare,Processed shift transfer of 459 sanitized linen bundles from laundry facility to surgical wards.,Operations,Medium,Completed,"Continue production throughput tracking, ensure target quotas met before next handover."
TSK-1297,Night Shift B,Healthcare,Restocked consumable packaging strapping rolls at end-of-line pallet wrapping machines.,Operations,Low,Completed,"Routine handover sign-off, verify area cleanliness and equipment shutdown."
TSK-1298,Day Shift A,Security & Facilities,Offloaded 4 container trailers at loading bay 9. Received bill of lading and entered records into WMS.,Operations,Medium,Completed,"Continue production throughput tracking, ensure target quotas met before next handover."
TSK-1299,Night Shift A,Security & Facilities,Check hydraulic fluid level and top up ISO VG 46 reservoir on stamping press PRS-1 before morning production.,Equipment Check,Medium,Pending,"Complete routine calibration, record deviations in system maintenance ledger."
TSK-1300,Evening Shift,Security & Facilities,Print updated SOP revision 4.2 for hazardous material handling and clip to shift notice board.,Administration,Low,Pending,"File documentation into record repository, confirm routine sign-off."
TSK-1301,Day Shift B,Security & Facilities,Inspected fire extinguishers and emergency exit signs across Sector Gamma; replaced 2 expired units in corridor B.,Safety & Compliance,High,Completed,"Audit verification log, ensure all corrective action items signed off by HSE officer."
TSK-1302,Day Shift A,Healthcare,Batch #60092 currently mixing in blending tank 6. Viscosity check scheduled at 20:30 by lab technician.,Operations,Medium,In Progress,"Continue production throughput tracking, ensure target quotas met before next handover."
TSK-1303,Night Shift A,Energy & Utilities,Structural crack observed on support beam near Assembly Line 4. Immediate structural engineering inspection ordered; access restricted.,Safety & Compliance,Critical,Pending,"Immediate escalation to safety supervisor, ensure area remains isolated, await hazardous response team."
TSK-1304,Day Shift A,Manufacturing,Schedule quarterly vision and hearing screening appointments for 6 plant technicians with clinic.,Administration,Low,Pending,"File documentation into record repository, confirm routine sign-off."
TSK-1305,Night Shift A,Healthcare,Hydraulic seal leaking on forklift FL-15. Parked in maintenance bay; replacement o-rings ordered from central stores.,Maintenance,High,In Progress,"Supervise overhaul at scheduled shift window, verify vibration thresholds post-repair."
TSK-1306,Evening Shift,Security & Facilities,Handed over master locker keys and radio communication sets to incoming shift lead in briefing room.,Administration,Low,Completed,"File documentation into record repository, confirm routine sign-off."
TSK-1307,Evening Shift,Logistics & Warehousing,Offloaded 4 container trailers at loading bay 1. Received bill of lading and entered records into WMS.,Operations,Medium,Completed,"Continue production throughput tracking, ensure target quotas met before next handover."
TSK-1308,Day Shift B,Manufacturing,Update whiteboard task allocation chart for tomorrow's scheduled maintenance outage.,Administration,Low,Pending,"File documentation into record repository, confirm routine sign-off."
TSK-1309,Evening Shift,Logistics & Warehousing,Inspect air compressor intake air filters in plant room PR-2 for dust saturation.,Equipment Check,Medium,Pending,"Complete routine calibration, record deviations in system maintenance ledger."
TSK-1310,Evening Shift,Manufacturing,Inspect air compressor intake air filters in plant room PR-4 for dust saturation.,Equipment Check,Medium,Pending,"Complete routine calibration, record deviations in system maintenance ledger."
TSK-1311,Night Shift B,Manufacturing,Completed mandatory pre-shift gas testing for oxygen deficiency and LEL in confined space tank #8. Safe to enter.,Safety & Compliance,High,Completed,"Audit verification log, ensure all corrective action items signed off by HSE officer."
TSK-1312,Night Shift B,Security & Facilities,"Main hydraulic line ruptured on Forklift FL-08 causing immediate line halt. Oil contained with absorbent pads, replacement hose arriving from supplier.",Maintenance,Critical,In Progress,"Continuous monitoring of repair progress, ensure standby units ready, expedite technician parts dispatch."
TSK-1313,Day Shift B,Logistics & Warehousing,Vibration analysis on Forklift FL-08 indicates severe bearing wear. Speed derated to 60% to prevent total failure before overhaul.,Maintenance,High,In Progress,"Supervise overhaul at scheduled shift window, verify vibration thresholds post-repair."
TSK-1314,Night Shift B,Manufacturing,Restocked consumable packaging strapping rolls at end-of-line pallet wrapping machines.,Operations,Low,Completed,"Routine handover sign-off, verify area cleanliness and equipment shutdown."
TSK-1315,Evening Shift,Energy & Utilities,High voltage arc flash occurred on Centrifugal Pump P-204 circuit breaker in Boiler Room 3. Lockout/Tagout (LOTO) active; electrician dispatch required immediately.,Safety & Compliance,Critical,Pending,"Immediate escalation to safety supervisor, ensure area remains isolated, await hazardous response team."
TSK-1316,Day Shift B,Logistics & Warehousing,"Main hydraulic line ruptured on Forklift FL-08 causing immediate line halt. Oil contained with absorbent pads, replacement hose arriving from supplier.",Maintenance,Critical,In Progress,"Continuous monitoring of repair progress, ensure standby units ready, expedite technician parts dispatch."
TSK-1317,Evening Shift,Manufacturing,Oxygen supply manifold pressure dropped to 35 PSI in Ward 1. Switched to emergency cylinder bank; biomed engineer en route.,Maintenance,Critical,In Progress,"Continuous monitoring of repair progress, ensure standby units ready, expedite technician parts dispatch."
TSK-1318,Night Shift A,Healthcare,Archived daily SCADA telemetry logs and backed up operational reports to secure cloud drive.,Administration,Low,Completed,"File documentation into record repository, confirm routine sign-off."
TSK-1319,Night Shift A,Healthcare,Processed shift transfer of 289 sanitized linen bundles from laundry facility to surgical wards.,Operations,Medium,Completed,"Continue production throughput tracking, ensure target quotas met before next handover."
TSK-1320,Night Shift A,Logistics & Warehousing,Inspect air compressor intake air filters in plant room PR-2 for dust saturation.,Equipment Check,Medium,Pending,"Complete routine calibration, record deviations in system maintenance ledger."
TSK-1321,Day Shift A,Manufacturing,Schedule quarterly vision and hearing screening appointments for 6 plant technicians with clinic.,Administration,Low,Pending,"File documentation into record repository, confirm routine sign-off."
TSK-1322,Night Shift B,Manufacturing,Archived daily SCADA telemetry logs and backed up operational reports to secure cloud drive.,Administration,Low,Completed,"File documentation into record repository, confirm routine sign-off."
TSK-1323,Night Shift A,Logistics & Warehousing,Check hydraulic fluid level and top up ISO VG 46 reservoir on stamping press PRS-2 before morning production.,Equipment Check,Medium,Pending,"Complete routine calibration, record deviations in system maintenance ledger."
TSK-1324,Evening Shift,Manufacturing,"Patient in ICU Bed 139 experienced sudden cardiac arrest, successfully stabilized on ventilator; critical observation required for next 4 hours.",Safety & Compliance,Critical,Pending,"Immediate escalation to safety supervisor, ensure area remains isolated, await hazardous response team."
TSK-1325,Day Shift A,Healthcare,Oxygen supply manifold pressure dropped to 35 PSI in Ward 1. Switched to emergency cylinder bank; biomed engineer en route.,Maintenance,Critical,In Progress,"Continuous monitoring of repair progress, ensure standby units ready, expedite technician parts dispatch."
TSK-1326,Night Shift B,Manufacturing,Check belt tension and motor alignment on exhaust fan #7 on rooftop HVAC deck.,Equipment Check,Medium,Pending,"Complete routine calibration, record deviations in system maintenance ledger."
TSK-1327,Night Shift B,Logistics & Warehousing,Vibration analysis on Packaging Robot Arm R-3 indicates severe bearing wear. Speed derated to 60% to prevent total failure before overhaul.,Maintenance,High,In Progress,"Supervise overhaul at scheduled shift window, verify vibration thresholds post-repair."
TSK-1328,Evening Shift,Energy & Utilities,Perform zero-point calibration on digital weighing scales at packaging station 6.,Equipment Check,Medium,Pending,"Complete routine calibration, record deviations in system maintenance ledger."
TSK-1329,Night Shift B,Energy & Utilities,"Completed production run on batch #89725 with 1,240 units processed and palletized for QC clearance.",Operations,Medium,Completed,"Continue production throughput tracking, ensure target quotas met before next handover."
TSK-1330,Day Shift A,Healthcare,Backup diesel generator coolant temperature reached 98C during weekly run test. Flushed radiator; thermostat needs replacement.,Maintenance,High,In Progress,"Supervise overhaul at scheduled shift window, verify vibration thresholds post-repair."
TSK-1331,Night Shift B,Security & Facilities,Hydraulic seal leaking on forklift FL-8. Parked in maintenance bay; replacement o-rings ordered from central stores.,Maintenance,High,In Progress,"Supervise overhaul at scheduled shift window, verify vibration thresholds post-repair."
TSK-1332,Evening Shift,Logistics & Warehousing,Verified all peripheral office doors and warehouse delivery shutters locked at end of shift.,Operations,Low,Completed,"Routine handover sign-off, verify area cleanliness and equipment shutdown."
TSK-1333,Day Shift A,Energy & Utilities,Investigated near-miss incident involving pallet jack collision in aisle 8. Statement recorded and forwarded to HSE.,Safety & Compliance,High,Completed,"Audit verification log, ensure all corrective action items signed off by HSE officer."
TSK-1334,Day Shift B,Logistics & Warehousing,Check emergency battery banks in electrical substation SS-2 before oncoming night shift.,Equipment Check,High,Pending,"Perform detailed physical inspection within first 30 minutes of shift, log baseline values in ShiftSync."
TSK-1335,Night Shift B,Logistics & Warehousing,"Main cooling water pump P-79 bearing seized, causing engine overheating. Replacement pump offline; technician currently rebuilding motor.",Maintenance,Critical,In Progress,"Continuous monitoring of repair progress, ensure standby units ready, expedite technician parts dispatch."
TSK-1336,Day Shift B,Manufacturing,Handed over master locker keys and radio communication sets to incoming shift lead in briefing room.,Administration,Low,Completed,"File documentation into record repository, confirm routine sign-off."
TSK-1337,Day Shift B,Security & Facilities,Inspect air compressor intake air filters in plant room PR-1 for dust saturation.,Equipment Check,Medium,Pending,"Complete routine calibration, record deviations in system maintenance ledger."
TSK-1338,Day Shift B,Healthcare,"Main cooling water pump P-27 bearing seized, causing engine overheating. Replacement pump offline; technician currently rebuilding motor.",Maintenance,Critical,In Progress,"Continuous monitoring of repair progress, ensure standby units ready, expedite technician parts dispatch."
TSK-1339,Day Shift A,Energy & Utilities,Check hydraulic fluid level and top up ISO VG 46 reservoir on stamping press PRS-3 before morning production.,Equipment Check,Medium,Pending,"Complete routine calibration, record deviations in system maintenance ledger."
TSK-1340,Night Shift B,Logistics & Warehousing,Vibration analysis on Packaging Robot Arm R-3 indicates severe bearing wear. Speed derated to 60% to prevent total failure before overhaul.,Maintenance,High,In Progress,"Supervise overhaul at scheduled shift window, verify vibration thresholds post-repair."
TSK-1341,Evening Shift,Energy & Utilities,Conducted emergency spill response drill with incoming and outgoing crew in Cold Storage Room 2. Log submitted to Safety Officer.,Safety & Compliance,High,Completed,"Audit verification log, ensure all corrective action items signed off by HSE officer."
TSK-1342,Day Shift A,Manufacturing,Verify operational readiness of emergency eyewash and deluge shower stations throughout chemical handling zone Zone-A.,Equipment Check,High,Pending,"Perform detailed physical inspection within first 30 minutes of shift, log baseline values in ShiftSync."
TSK-1343,Day Shift B,Security & Facilities,"Completed production run on batch #70593 with 1,240 units processed and palletized for QC clearance.",Operations,Medium,Completed,"Continue production throughput tracking, ensure target quotas met before next handover."
TSK-1344,Day Shift B,Logistics & Warehousing,High voltage arc flash occurred on Air Compressor AC-04 circuit breaker in Packaging Bay 1. Lockout/Tagout (LOTO) active; electrician dispatch required immediately.,Safety & Compliance,Critical,Pending,"Immediate escalation to safety supervisor, ensure area remains isolated, await hazardous response team."
TSK-1345,Day Shift B,Logistics & Warehousing,Perimeter security fence breached at South Loading Gate; police notified and security guards dispatched for sweep. Ongoing lockdown.,Safety & Compliance,Critical,Pending,"Immediate escalation to safety supervisor, ensure area remains isolated, await hazardous response team."
TSK-1346,Day Shift B,Logistics & Warehousing,Handed over master locker keys and radio communication sets to incoming shift lead in briefing room.,Administration,Low,Completed,"File documentation into record repository, confirm routine sign-off."
TSK-1347,Day Shift B,Logistics & Warehousing,Inspected fire extinguishers and emergency exit signs across Sector Delta; replaced 2 expired units in corridor B.,Safety & Compliance,High,Completed,"Audit verification log, ensure all corrective action items signed off by HSE officer."
TSK-1348,Night Shift B,Security & Facilities,Emergency shutoff valve tripped automatically on Boiler #2 due to severe pressure spike in Chemical Storage Annex. Do not restart without supervisor sign-off.,Safety & Compliance,Critical,Pending,"Immediate escalation to safety supervisor, ensure area remains isolated, await hazardous response team."
TSK-1349,Night Shift A,Security & Facilities,Inspect boiler pressure valve on Line 4 after fluctuating readings between 75 and 92 PSI throughout afternoon run.,Equipment Check,High,Pending,"Perform detailed physical inspection within first 30 minutes of shift, log baseline values in ShiftSync."
TSK-1350,Night Shift B,Logistics & Warehousing,"Main hydraulic line ruptured on Boiler #2 causing immediate line halt. Oil contained with absorbent pads, replacement hose arriving from supplier.",Maintenance,Critical,In Progress,"Continuous monitoring of repair progress, ensure standby units ready, expedite technician parts dispatch."
TSK-1351,Night Shift A,Logistics & Warehousing,Swept and mopped gangways in packing hall H-A at conclusion of packaging run.,Operations,Low,Completed,"Routine handover sign-off, verify area cleanliness and equipment shutdown."
TSK-1352,Night Shift B,Manufacturing,Sorting returned retail parcels in processing bay 4. Sorting queue estimated at 45 minutes remaining.,Operations,Medium,In Progress,"Continue production throughput tracking, ensure target quotas met before next handover."
TSK-1353,Day Shift A,Energy & Utilities,"Main hydraulic line ruptured on Centrifugal Pump P-204 causing immediate line halt. Oil contained with absorbent pads, replacement hose arriving from supplier.",Maintenance,Critical,In Progress,"Continuous monitoring of repair progress, ensure standby units ready, expedite technician parts dispatch."
TSK-1354,Day Shift B,Security & Facilities,Batch #89261 currently mixing in blending tank 6. Viscosity check scheduled at 20:30 by lab technician.,Operations,Medium,In Progress,"Continue production throughput tracking, ensure target quotas met before next handover."
TSK-1355,Day Shift B,Security & Facilities,Perform zero-point calibration on digital weighing scales at packaging station 6.,Equipment Check,Medium,Pending,"Complete routine calibration, record deviations in system maintenance ledger."
TSK-1356,Evening Shift,Logistics & Warehousing,Print updated SOP revision 4.2 for hazardous material handling and clip to shift notice board.,Administration,Low,Pending,"File documentation into record repository, confirm routine sign-off."
TSK-1357,Day Shift B,Logistics & Warehousing,Perform zero-point calibration on digital weighing scales at packaging station 1.,Equipment Check,Medium,Pending,"Complete routine calibration, record deviations in system maintenance ledger."
TSK-1358,Day Shift A,Logistics & Warehousing,Steam leak detected on flange joint upstream of Centrifugal Pump P-204. Area barricaded; pipefitters scheduled for gasket swap at 22:00.,Maintenance,High,In Progress,"Supervise overhaul at scheduled shift window, verify vibration thresholds post-repair."
TSK-1359,Day Shift B,Healthcare,Data reconciliation in progress between ERP inventory count and physical warehouse bins in zone Zone-B.,Operations,Medium,In Progress,"Continue production throughput tracking, ensure target quotas met before next handover."
TSK-1360,Evening Shift,Energy & Utilities,Filed completed maintenance work orders #WO-21167 into central physical records cabinet.,Administration,Low,Completed,"File documentation into record repository, confirm routine sign-off."
TSK-1361,Night Shift A,Energy & Utilities,Dispatched scheduled freight cargo to regional hub via transport route RT-282 without dispatch delays.,Operations,Medium,Completed,"Continue production throughput tracking, ensure target quotas met before next handover."
TSK-1362,Day Shift A,Healthcare,Handed over master locker keys and radio communication sets to incoming shift lead in briefing room.,Administration,Low,Completed,"File documentation into record repository, confirm routine sign-off."
TSK-1363,Evening Shift,Energy & Utilities,Check hydraulic fluid level and top up ISO VG 46 reservoir on stamping press PRS-4 before morning production.,Equipment Check,Medium,Pending,"Complete routine calibration, record deviations in system maintenance ledger."
TSK-1364,Day Shift B,Logistics & Warehousing,Completed mandatory pre-shift gas testing for oxygen deficiency and LEL in confined space tank #9. Safe to enter.,Safety & Compliance,High,Completed,"Audit verification log, ensure all corrective action items signed off by HSE officer."
TSK-1365,Night Shift B,Logistics & Warehousing,Conveyor belt CV-7 in ICU Ward 3 showing significant tear along edge. Temporary patch applied; needs full vulcanizing splice tonight.,Maintenance,High,In Progress,"Supervise overhaul at scheduled shift window, verify vibration thresholds post-repair."
TSK-1366,Night Shift A,Energy & Utilities,Ammonia gas leakage sensor threshold exceeded at Cold Storage Room 2. Evacuation protocol executed; ventilation fans running on emergency backup.,Safety & Compliance,Critical,Pending,"Immediate escalation to safety supervisor, ensure area remains isolated, await hazardous response team."
TSK-1367,Day Shift B,Security & Facilities,Processed shift transfer of 733 sanitized linen bundles from laundry facility to surgical wards.,Operations,Medium,Completed,"Continue production throughput tracking, ensure target quotas met before next handover."
TSK-1368,Day Shift B,Manufacturing,Finished routine inventory cycle count for high-value components in bin rack R-78; variance reconciled within 0.2%.,Operations,Medium,Completed,"Continue production throughput tracking, ensure target quotas met before next handover."
TSK-1369,Day Shift B,Healthcare,Verified all peripheral office doors and warehouse delivery shutters locked at end of shift.,Operations,Low,Completed,"Routine handover sign-off, verify area cleanliness and equipment shutdown."
TSK-1370,Day Shift B,Security & Facilities,Check emergency battery banks in electrical substation SS-2 before oncoming night shift.,Equipment Check,High,Pending,"Perform detailed physical inspection within first 30 minutes of shift, log baseline values in ShiftSync."
TSK-1371,Night Shift A,Healthcare,Print updated SOP revision 4.2 for hazardous material handling and clip to shift notice board.,Administration,Low,Pending,"File documentation into record repository, confirm routine sign-off."
TSK-1372,Night Shift A,Security & Facilities,Main server room backup UPS inverter failed battery self-test during power flicker. Generator manually engaged; vendor ticket #CRIT-5152 open.,Maintenance,Critical,In Progress,"Continuous monitoring of repair progress, ensure standby units ready, expedite technician parts dispatch."
TSK-1373,Night Shift A,Energy & Utilities,Restocked consumable packaging strapping rolls at end-of-line pallet wrapping machines.,Operations,Low,Completed,"Routine handover sign-off, verify area cleanliness and equipment shutdown."
TSK-1374,Day Shift B,Manufacturing,Dispatched scheduled freight cargo to regional hub via transport route RT-268 without dispatch delays.,Operations,Medium,Completed,"Continue production throughput tracking, ensure target quotas met before next handover."
TSK-1375,Evening Shift,Healthcare,Recalibrate flow meters on chemical metering pump P-71 following high concentration error alert on batch #79700.,Equipment Check,High,Pending,"Perform detailed physical inspection within first 30 minutes of shift, log baseline values in ShiftSync."
TSK-1376,Day Shift B,Healthcare,Primary refrigeration compressor in cold storage Substation East failed at 17:37. Temperature rising rapidly; urgent transfer of perishable stock required.,Maintenance,Critical,In Progress,"Continuous monitoring of repair progress, ensure standby units ready, expedite technician parts dispatch."
TSK-1377,Night Shift B,Energy & Utilities,Handed over master locker keys and radio communication sets to incoming shift lead in briefing room.,Administration,Low,Completed,"File documentation into record repository, confirm routine sign-off."
TSK-1378,Night Shift A,Manufacturing,Recalibrate flow meters on chemical metering pump P-27 following high concentration error alert on batch #63489.,Equipment Check,High,Pending,"Perform detailed physical inspection within first 30 minutes of shift, log baseline values in ShiftSync."
TSK-1379,Evening Shift,Security & Facilities,Verified all peripheral office doors and warehouse delivery shutters locked at end of shift.,Operations,Low,Completed,"Routine handover sign-off, verify area cleanliness and equipment shutdown."
TSK-1380,Night Shift A,Manufacturing,Restocked consumable packaging strapping rolls at end-of-line pallet wrapping machines.,Operations,Low,Completed,"Routine handover sign-off, verify area cleanliness and equipment shutdown."
TSK-1381,Night Shift B,Logistics & Warehousing,Completed mandatory pre-shift gas testing for oxygen deficiency and LEL in confined space tank #9. Safe to enter.,Safety & Compliance,High,Completed,"Audit verification log, ensure all corrective action items signed off by HSE officer."
TSK-1382,Night Shift A,Energy & Utilities,Schedule quarterly vision and hearing screening appointments for 6 plant technicians with clinic.,Administration,Low,Pending,"File documentation into record repository, confirm routine sign-off."
TSK-1383,Day Shift B,Security & Facilities,Processed shift transfer of 702 sanitized linen bundles from laundry facility to surgical wards.,Operations,Medium,Completed,"Continue production throughput tracking, ensure target quotas met before next handover."
TSK-1384,Evening Shift,Security & Facilities,Hydraulic seal leaking on forklift FL-6. Parked in maintenance bay; replacement o-rings ordered from central stores.,Maintenance,High,In Progress,"Supervise overhaul at scheduled shift window, verify vibration thresholds post-repair."
TSK-1385,Evening Shift,Logistics & Warehousing,Verify barcode scanner handhelds at packing stations 3 through 6 are docked on charging cradles.,Equipment Check,Medium,Pending,"Complete routine calibration, record deviations in system maintenance ledger."
TSK-1386,Day Shift B,Logistics & Warehousing,Major chemical spill reported in Loading Dock 7; evacuated personnel and awaiting specialized hazardous materials cleanup crew.,Safety & Compliance,Critical,Pending,"Immediate escalation to safety supervisor, ensure area remains isolated, await hazardous response team."
TSK-1387,Night Shift A,Manufacturing,Batch #53991 currently mixing in blending tank 1. Viscosity check scheduled at 20:30 by lab technician.,Operations,Medium,In Progress,"Continue production throughput tracking, ensure target quotas met before next handover."
TSK-1388,Night Shift A,Healthcare,Disposed of general packaging cardboard waste into compactor unit #2.,Operations,Low,Completed,"Routine handover sign-off, verify area cleanliness and equipment shutdown."
TSK-1389,Night Shift A,Energy & Utilities,Offloaded 4 container trailers at loading bay 11. Received bill of lading and entered records into WMS.,Operations,Medium,Completed,"Continue production throughput tracking, ensure target quotas met before next handover."
TSK-1390,Night Shift A,Manufacturing,Verify barcode scanner handhelds at packing stations 1 through 6 are docked on charging cradles.,Equipment Check,Medium,Pending,"Complete routine calibration, record deviations in system maintenance ledger."
TSK-1391,Day Shift B,Security & Facilities,Verify operational readiness of emergency eyewash and deluge shower stations throughout chemical handling zone Zone-B.,Equipment Check,High,Pending,"Perform detailed physical inspection within first 30 minutes of shift, log baseline values in ShiftSync."
TSK-1392,Day Shift B,Energy & Utilities,Conducted emergency spill response drill with incoming and outgoing crew in ICU Ward 3. Log submitted to Safety Officer.,Safety & Compliance,High,Completed,"Audit verification log, ensure all corrective action items signed off by HSE officer."
TSK-1393,Day Shift A,Security & Facilities,Structural crack observed on support beam near Substation East. Immediate structural engineering inspection ordered; access restricted.,Safety & Compliance,Critical,Pending,"Immediate escalation to safety supervisor, ensure area remains isolated, await hazardous response team."
TSK-1394,Evening Shift,Manufacturing,Batch #54547 currently mixing in blending tank 6. Viscosity check scheduled at 20:30 by lab technician.,Operations,Medium,In Progress,"Continue production throughput tracking, ensure target quotas met before next handover."
TSK-1395,Night Shift A,Manufacturing,Data reconciliation in progress between ERP inventory count and physical warehouse bins in zone Zone-C.,Operations,Medium,In Progress,"Continue production throughput tracking, ensure target quotas met before next handover."
TSK-1396,Night Shift A,Security & Facilities,Sorting returned retail parcels in processing bay 6. Sorting queue estimated at 45 minutes remaining.,Operations,Medium,In Progress,"Continue production throughput tracking, ensure target quotas met before next handover."
TSK-1397,Night Shift A,Security & Facilities,Archived daily SCADA telemetry logs and backed up operational reports to secure cloud drive.,Administration,Low,Completed,"File documentation into record repository, confirm routine sign-off."
TSK-1398,Day Shift A,Energy & Utilities,Recalibrate flow meters on chemical metering pump P-96 following high concentration error alert on batch #71725.,Equipment Check,High,Pending,"Perform detailed physical inspection within first 30 minutes of shift, log baseline values in ShiftSync."
TSK-1399,Night Shift A,Security & Facilities,Schedule quarterly vision and hearing screening appointments for 6 plant technicians with clinic.,Administration,Low,Pending,"File documentation into record repository, confirm routine sign-off."
TSK-1400,Evening Shift,Manufacturing,Vibration analysis on Stamping Press SP-11 indicates severe bearing wear. Speed derated to 60% to prevent total failure before overhaul.,Maintenance,High,In Progress,"Supervise overhaul at scheduled shift window, verify vibration thresholds post-repair."
TSK-1401,Day Shift B,Logistics & Warehousing,Print updated SOP revision 4.2 for hazardous material handling and clip to shift notice board.,Administration,Low,Pending,"File documentation into record repository, confirm routine sign-off."
TSK-1402,Night Shift B,Energy & Utilities,Primary refrigeration compressor in cold storage Packaging Bay 1 failed at 21:31. Temperature rising rapidly; urgent transfer of perishable stock required.,Maintenance,Critical,In Progress,"Continuous monitoring of repair progress, ensure standby units ready, expedite technician parts dispatch."
TSK-1403,Night Shift A,Logistics & Warehousing,Backup diesel generator coolant temperature reached 98C during weekly run test. Flushed radiator; thermostat needs replacement.,Maintenance,High,In Progress,"Supervise overhaul at scheduled shift window, verify vibration thresholds post-repair."
TSK-1404,Night Shift B,Security & Facilities,Vibration analysis on Conveyor Belt C-12 indicates severe bearing wear. Speed derated to 60% to prevent total failure before overhaul.,Maintenance,High,In Progress,"Supervise overhaul at scheduled shift window, verify vibration thresholds post-repair."
TSK-1405,Evening Shift,Logistics & Warehousing,Inspect air compressor intake air filters in plant room PR-2 for dust saturation.,Equipment Check,Medium,Pending,"Complete routine calibration, record deviations in system maintenance ledger."
TSK-1406,Evening Shift,Security & Facilities,Recalibrate flow meters on chemical metering pump P-30 following high concentration error alert on batch #81241.,Equipment Check,High,Pending,"Perform detailed physical inspection within first 30 minutes of shift, log baseline values in ShiftSync."
TSK-1407,Evening Shift,Security & Facilities,"Main cooling water pump P-36 bearing seized, causing engine overheating. Replacement pump offline; technician currently rebuilding motor.",Maintenance,Critical,In Progress,"Continuous monitoring of repair progress, ensure standby units ready, expedite technician parts dispatch."
TSK-1408,Night Shift B,Manufacturing,Verify barcode scanner handhelds at packing stations 1 through 6 are docked on charging cradles.,Equipment Check,Medium,Pending,"Complete routine calibration, record deviations in system maintenance ledger."
TSK-1409,Day Shift B,Logistics & Warehousing,Investigated near-miss incident involving pallet jack collision in aisle 4. Statement recorded and forwarded to HSE.,Safety & Compliance,High,Completed,"Audit verification log, ensure all corrective action items signed off by HSE officer."
TSK-1410,Night Shift B,Energy & Utilities,Data reconciliation in progress between ERP inventory count and physical warehouse bins in zone Zone-A.,Operations,Medium,In Progress,"Continue production throughput tracking, ensure target quotas met before next handover."
TSK-1411,Day Shift B,Energy & Utilities,Perimeter security fence breached at North Perimeter Gate; police notified and security guards dispatched for sweep. Ongoing lockdown.,Safety & Compliance,Critical,Pending,"Immediate escalation to safety supervisor, ensure area remains isolated, await hazardous response team."
TSK-1412,Evening Shift,Security & Facilities,Ammonia gas leakage sensor threshold exceeded at Cold Storage Room 2. Evacuation protocol executed; ventilation fans running on emergency backup.,Safety & Compliance,Critical,Pending,"Immediate escalation to safety supervisor, ensure area remains isolated, await hazardous response team."
TSK-1413,Night Shift B,Energy & Utilities,Recalibrate flow meters on chemical metering pump P-36 following high concentration error alert on batch #69881.,Equipment Check,High,Pending,"Perform detailed physical inspection within first 30 minutes of shift, log baseline values in ShiftSync."
TSK-1414,Day Shift A,Manufacturing,Restock PPE supply locker in locker room B with size L nitrile gloves and safety glasses.,Administration,Low,Pending,"File documentation into record repository, confirm routine sign-off."
TSK-1415,Night Shift A,Healthcare,Perform zero-point calibration on digital weighing scales at packaging station 1.,Equipment Check,Medium,Pending,"Complete routine calibration, record deviations in system maintenance ledger."
TSK-1416,Night Shift B,Energy & Utilities,Verify operational readiness of emergency eyewash and deluge shower stations throughout chemical handling zone Zone-C.,Equipment Check,High,Pending,"Perform detailed physical inspection within first 30 minutes of shift, log baseline values in ShiftSync."
TSK-1417,Evening Shift,Healthcare,Sorting returned retail parcels in processing bay 9. Sorting queue estimated at 45 minutes remaining.,Operations,Medium,In Progress,"Continue production throughput tracking, ensure target quotas met before next handover."
TSK-1418,Day Shift A,Logistics & Warehousing,Check emergency battery banks in electrical substation SS-1 before oncoming night shift.,Equipment Check,High,Pending,"Perform detailed physical inspection within first 30 minutes of shift, log baseline values in ShiftSync."
TSK-1419,Evening Shift,Manufacturing,Primary refrigeration compressor in cold storage Assembly Line 4 failed at 15:52. Temperature rising rapidly; urgent transfer of perishable stock required.,Maintenance,Critical,In Progress,"Continuous monitoring of repair progress, ensure standby units ready, expedite technician parts dispatch."
TSK-1420,Evening Shift,Security & Facilities,Data reconciliation in progress between ERP inventory count and physical warehouse bins in zone Zone-A.,Operations,Medium,In Progress,"Continue production throughput tracking, ensure target quotas met before next handover."
TSK-1421,Day Shift B,Logistics & Warehousing,Oxygen supply manifold pressure dropped to 35 PSI in Ward 1. Switched to emergency cylinder bank; biomed engineer en route.,Maintenance,Critical,In Progress,"Continuous monitoring of repair progress, ensure standby units ready, expedite technician parts dispatch."
TSK-1422,Night Shift B,Security & Facilities,Turned off non-essential bay lighting and conveyor idling drives in storage yard Y-South.,Operations,Low,Completed,"Routine handover sign-off, verify area cleanliness and equipment shutdown."
TSK-1423,Evening Shift,Logistics & Warehousing,Submitted overtime authorization sheets for 4 operators to HR payroll inbox.,Administration,Low,Completed,"File documentation into record repository, confirm routine sign-off."
TSK-1424,Night Shift A,Security & Facilities,Update whiteboard task allocation chart for tomorrow's scheduled maintenance outage.,Administration,Low,Pending,"File documentation into record repository, confirm routine sign-off."
TSK-1425,Night Shift A,Logistics & Warehousing,Ammonia gas leakage sensor threshold exceeded at Loading Dock 7. Evacuation protocol executed; ventilation fans running on emergency backup.,Safety & Compliance,Critical,Pending,"Immediate escalation to safety supervisor, ensure area remains isolated, await hazardous response team."
TSK-1426,Night Shift B,Healthcare,Verify barcode scanner handhelds at packing stations 2 through 7 are docked on charging cradles.,Equipment Check,Medium,Pending,"Complete routine calibration, record deviations in system maintenance ledger."
TSK-1427,Day Shift A,Healthcare,Order replacement label printer ribbons and thermal paper rolls for dispatch desk 5.,Administration,Low,Pending,"File documentation into record repository, confirm routine sign-off."
TSK-1428,Day Shift A,Manufacturing,Completed mandatory pre-shift gas testing for oxygen deficiency and LEL in confined space tank #3. Safe to enter.,Safety & Compliance,High,Completed,"Audit verification log, ensure all corrective action items signed off by HSE officer."
TSK-1429,Evening Shift,Healthcare,Dispatched scheduled freight cargo to regional hub via transport route RT-108 without dispatch delays.,Operations,Medium,Completed,"Continue production throughput tracking, ensure target quotas met before next handover."
TSK-1430,Night Shift B,Security & Facilities,Conveyor belt CV-7 in Chemical Storage Annex showing significant tear along edge. Temporary patch applied; needs full vulcanizing splice tonight.,Maintenance,High,In Progress,"Supervise overhaul at scheduled shift window, verify vibration thresholds post-repair."
TSK-1431,Night Shift A,Logistics & Warehousing,Order replacement label printer ribbons and thermal paper rolls for dispatch desk 4.,Administration,Low,Pending,"File documentation into record repository, confirm routine sign-off."
TSK-1432,Day Shift A,Healthcare,Check emergency battery banks in electrical substation SS-2 before oncoming night shift.,Equipment Check,High,Pending,"Perform detailed physical inspection within first 30 minutes of shift, log baseline values in ShiftSync."
TSK-1433,Day Shift B,Manufacturing,Oxygen supply manifold pressure dropped to 35 PSI in Ward 4. Switched to emergency cylinder bank; biomed engineer en route.,Maintenance,Critical,In Progress,"Continuous monitoring of repair progress, ensure standby units ready, expedite technician parts dispatch."
TSK-1434,Night Shift B,Healthcare,Perform zero-point calibration on digital weighing scales at packaging station 9.,Equipment Check,Medium,Pending,"Complete routine calibration, record deviations in system maintenance ledger."
TSK-1435,Night Shift A,Healthcare,Ammonia gas leakage sensor threshold exceeded at Boiler Room 3. Evacuation protocol executed; ventilation fans running on emergency backup.,Safety & Compliance,Critical,Pending,"Immediate escalation to safety supervisor, ensure area remains isolated, await hazardous response team."
TSK-1436,Evening Shift,Healthcare,Perform zero-point calibration on digital weighing scales at packaging station 4.,Equipment Check,Medium,Pending,"Complete routine calibration, record deviations in system maintenance ledger."
TSK-1437,Night Shift A,Security & Facilities,Turned off non-essential bay lighting and conveyor idling drives in storage yard Y-South.,Operations,Low,Completed,"Routine handover sign-off, verify area cleanliness and equipment shutdown."
TSK-1438,Evening Shift,Energy & Utilities,Inspect boiler pressure valve on Line 5 after fluctuating readings between 75 and 92 PSI throughout afternoon run.,Equipment Check,High,Pending,"Perform detailed physical inspection within first 30 minutes of shift, log baseline values in ShiftSync."
TSK-1439,Night Shift A,Manufacturing,Finished routine inventory cycle count for high-value components in bin rack R-42; variance reconciled within 0.2%.,Operations,Medium,Completed,"Continue production throughput tracking, ensure target quotas met before next handover."
TSK-1440,Day Shift A,Manufacturing,Recalibrate flow meters on chemical metering pump P-50 following high concentration error alert on batch #52005.,Equipment Check,High,Pending,"Perform detailed physical inspection within first 30 minutes of shift, log baseline values in ShiftSync."
TSK-1441,Evening Shift,Energy & Utilities,"Main cooling water pump P-99 bearing seized, causing engine overheating. Replacement pump offline; technician currently rebuilding motor.",Maintenance,Critical,In Progress,"Continuous monitoring of repair progress, ensure standby units ready, expedite technician parts dispatch."
TSK-1442,Day Shift B,Manufacturing,Oxygen supply manifold pressure dropped to 35 PSI in Ward 3. Switched to emergency cylinder bank; biomed engineer en route.,Maintenance,Critical,In Progress,"Continuous monitoring of repair progress, ensure standby units ready, expedite technician parts dispatch."
TSK-1443,Day Shift A,Logistics & Warehousing,"Main cooling water pump P-67 bearing seized, causing engine overheating. Replacement pump offline; technician currently rebuilding motor.",Maintenance,Critical,In Progress,"Continuous monitoring of repair progress, ensure standby units ready, expedite technician parts dispatch."
TSK-1444,Night Shift A,Energy & Utilities,Batch #93149 currently mixing in blending tank 7. Viscosity check scheduled at 20:30 by lab technician.,Operations,Medium,In Progress,"Continue production throughput tracking, ensure target quotas met before next handover."
TSK-1445,Day Shift B,Logistics & Warehousing,Finished routine inventory cycle count for high-value components in bin rack R-85; variance reconciled within 0.2%.,Operations,Medium,Completed,"Continue production throughput tracking, ensure target quotas met before next handover."
TSK-1446,Night Shift B,Energy & Utilities,Order replacement label printer ribbons and thermal paper rolls for dispatch desk 3.,Administration,Low,Pending,"File documentation into record repository, confirm routine sign-off."
TSK-1447,Day Shift A,Security & Facilities,Offloaded 4 container trailers at loading bay 7. Received bill of lading and entered records into WMS.,Operations,Medium,Completed,"Continue production throughput tracking, ensure target quotas met before next handover."
TSK-1448,Night Shift B,Healthcare,"Completed production run on batch #73149 with 1,240 units processed and palletized for QC clearance.",Operations,Medium,Completed,"Continue production throughput tracking, ensure target quotas met before next handover."
TSK-1449,Evening Shift,Healthcare,Conveyor belt CV-8 in Packaging Bay 1 showing significant tear along edge. Temporary patch applied; needs full vulcanizing splice tonight.,Maintenance,High,In Progress,"Supervise overhaul at scheduled shift window, verify vibration thresholds post-repair."
TSK-1450,Day Shift A,Healthcare,Check belt tension and motor alignment on exhaust fan #5 on rooftop HVAC deck.,Equipment Check,Medium,Pending,"Complete routine calibration, record deviations in system maintenance ledger."
TSK-1451,Day Shift A,Healthcare,Handed over master locker keys and radio communication sets to incoming shift lead in briefing room.,Administration,Low,Completed,"File documentation into record repository, confirm routine sign-off."
TSK-1452,Night Shift B,Energy & Utilities,"Main cooling water pump P-15 bearing seized, causing engine overheating. Replacement pump offline; technician currently rebuilding motor.",Maintenance,Critical,In Progress,"Continuous monitoring of repair progress, ensure standby units ready, expedite technician parts dispatch."
TSK-1453,Day Shift A,Healthcare,Inspect boiler pressure valve on Line 4 after fluctuating readings between 75 and 92 PSI throughout afternoon run.,Equipment Check,High,Pending,"Perform detailed physical inspection within first 30 minutes of shift, log baseline values in ShiftSync."
TSK-1454,Day Shift B,Security & Facilities,Inspect boiler pressure valve on Line 6 after fluctuating readings between 75 and 92 PSI throughout afternoon run.,Equipment Check,High,Pending,"Perform detailed physical inspection within first 30 minutes of shift, log baseline values in ShiftSync."
TSK-1455,Night Shift B,Logistics & Warehousing,Inspect air compressor intake air filters in plant room PR-4 for dust saturation.,Equipment Check,Medium,Pending,"Complete routine calibration, record deviations in system maintenance ledger."
TSK-1456,Day Shift B,Security & Facilities,Backup diesel generator coolant temperature reached 98C during weekly run test. Flushed radiator; thermostat needs replacement.,Maintenance,High,In Progress,"Supervise overhaul at scheduled shift window, verify vibration thresholds post-repair."
TSK-1457,Night Shift A,Security & Facilities,Updated shift logbook Section 3 and signed off attendance register for outgoing operators.,Administration,Low,Completed,"File documentation into record repository, confirm routine sign-off."
TSK-1458,Day Shift A,Manufacturing,Verify operational readiness of emergency eyewash and deluge shower stations throughout chemical handling zone Zone-A.,Equipment Check,High,Pending,"Perform detailed physical inspection within first 30 minutes of shift, log baseline values in ShiftSync."
TSK-1459,Day Shift B,Healthcare,Inspected fire extinguishers and emergency exit signs across Sector Gamma; replaced 2 expired units in corridor B.,Safety & Compliance,High,Completed,"Audit verification log, ensure all corrective action items signed off by HSE officer."
TSK-1460,Day Shift A,Security & Facilities,Recalibrate flow meters on chemical metering pump P-94 following high concentration error alert on batch #97452.,Equipment Check,High,Pending,"Perform detailed physical inspection within first 30 minutes of shift, log baseline values in ShiftSync."
TSK-1461,Day Shift A,Energy & Utilities,Recalibrate flow meters on chemical metering pump P-86 following high concentration error alert on batch #68296.,Equipment Check,High,Pending,"Perform detailed physical inspection within first 30 minutes of shift, log baseline values in ShiftSync."
TSK-1462,Night Shift B,Healthcare,Hydraulic seal leaking on forklift FL-2. Parked in maintenance bay; replacement o-rings ordered from central stores.,Maintenance,High,In Progress,"Supervise overhaul at scheduled shift window, verify vibration thresholds post-repair."
TSK-1463,Day Shift A,Energy & Utilities,Restocked consumable packaging strapping rolls at end-of-line pallet wrapping machines.,Operations,Low,Completed,"Routine handover sign-off, verify area cleanliness and equipment shutdown."
TSK-1464,Evening Shift,Healthcare,Hydraulic seal leaking on forklift FL-9. Parked in maintenance bay; replacement o-rings ordered from central stores.,Maintenance,High,In Progress,"Supervise overhaul at scheduled shift window, verify vibration thresholds post-repair."
TSK-1465,Night Shift A,Energy & Utilities,Sanitization of packaging line #3 underway following allergen product campaign run.,Operations,Medium,In Progress,"Continue production throughput tracking, ensure target quotas met before next handover."
TSK-1466,Night Shift A,Energy & Utilities,Oxygen supply manifold pressure dropped to 35 PSI in Ward 8. Switched to emergency cylinder bank; biomed engineer en route.,Maintenance,Critical,In Progress,"Continuous monitoring of repair progress, ensure standby units ready, expedite technician parts dispatch."
TSK-1467,Evening Shift,Energy & Utilities,Batch #99171 currently mixing in blending tank 4. Viscosity check scheduled at 20:30 by lab technician.,Operations,Medium,In Progress,"Continue production throughput tracking, ensure target quotas met before next handover."
TSK-1468,Evening Shift,Security & Facilities,Updated shift logbook Section 2 and signed off attendance register for outgoing operators.,Administration,Low,Completed,"File documentation into record repository, confirm routine sign-off."
TSK-1469,Evening Shift,Manufacturing,Archived daily SCADA telemetry logs and backed up operational reports to secure cloud drive.,Administration,Low,Completed,"File documentation into record repository, confirm routine sign-off."
TSK-1470,Night Shift A,Healthcare,Processed shift transfer of 1002 sanitized linen bundles from laundry facility to surgical wards.,Operations,Medium,Completed,"Continue production throughput tracking, ensure target quotas met before next handover."
TSK-1471,Night Shift B,Security & Facilities,Verify operational readiness of emergency eyewash and deluge shower stations throughout chemical handling zone Zone-B.,Equipment Check,High,Pending,"Perform detailed physical inspection within first 30 minutes of shift, log baseline values in ShiftSync."
TSK-1472,Night Shift B,Security & Facilities,Emergency shutoff valve tripped automatically on Boiler #2 due to severe pressure spike in Boiler Room 3. Do not restart without supervisor sign-off.,Safety & Compliance,Critical,Pending,"Immediate escalation to safety supervisor, ensure area remains isolated, await hazardous response team."
TSK-1473,Night Shift A,Energy & Utilities,Submitted overtime authorization sheets for 4 operators to HR payroll inbox.,Administration,Low,Completed,"File documentation into record repository, confirm routine sign-off."
TSK-1474,Day Shift A,Energy & Utilities,Print updated SOP revision 4.2 for hazardous material handling and clip to shift notice board.,Administration,Low,Pending,"File documentation into record repository, confirm routine sign-off."
TSK-1475,Day Shift B,Energy & Utilities,Inspected fire extinguishers and emergency exit signs across Sector Beta; replaced 2 expired units in corridor B.,Safety & Compliance,High,Completed,"Audit verification log, ensure all corrective action items signed off by HSE officer."
TSK-1476,Evening Shift,Logistics & Warehousing,High voltage arc flash occurred on Stamping Press SP-11 circuit breaker in Warehouse Sector B. Lockout/Tagout (LOTO) active; electrician dispatch required immediately.,Safety & Compliance,Critical,Pending,"Immediate escalation to safety supervisor, ensure area remains isolated, await hazardous response team."
TSK-1477,Night Shift B,Energy & Utilities,"Main hydraulic line ruptured on Packaging Robot Arm R-3 causing immediate line halt. Oil contained with absorbent pads, replacement hose arriving from supplier.",Maintenance,Critical,In Progress,"Continuous monitoring of repair progress, ensure standby units ready, expedite technician parts dispatch."
TSK-1478,Day Shift B,Energy & Utilities,High voltage arc flash occurred on Packaging Robot Arm R-3 circuit breaker in Boiler Room 3. Lockout/Tagout (LOTO) active; electrician dispatch required immediately.,Safety & Compliance,Critical,Pending,"Immediate escalation to safety supervisor, ensure area remains isolated, await hazardous response team."
TSK-1479,Day Shift B,Healthcare,Steam leak detected on flange joint upstream of Conveyor Belt C-12. Area barricaded; pipefitters scheduled for gasket swap at 22:00.,Maintenance,High,In Progress,"Supervise overhaul at scheduled shift window, verify vibration thresholds post-repair."
TSK-1480,Night Shift B,Logistics & Warehousing,Swept and mopped gangways in packing hall H-A at conclusion of packaging run.,Operations,Low,Completed,"Routine handover sign-off, verify area cleanliness and equipment shutdown."
TSK-1481,Day Shift B,Energy & Utilities,Conducted emergency spill response drill with incoming and outgoing crew in Cold Storage Room 2. Log submitted to Safety Officer.,Safety & Compliance,High,Completed,"Audit verification log, ensure all corrective action items signed off by HSE officer."
TSK-1482,Day Shift B,Healthcare,Inspect boiler pressure valve on Line 1 after fluctuating readings between 75 and 92 PSI throughout afternoon run.,Equipment Check,High,Pending,"Perform detailed physical inspection within first 30 minutes of shift, log baseline values in ShiftSync."
TSK-1483,Day Shift A,Healthcare,Restocked consumable packaging strapping rolls at end-of-line pallet wrapping machines.,Operations,Low,Completed,"Routine handover sign-off, verify area cleanliness and equipment shutdown."
TSK-1484,Night Shift B,Security & Facilities,Vibration analysis on Centrifugal Pump P-204 indicates severe bearing wear. Speed derated to 60% to prevent total failure before overhaul.,Maintenance,High,In Progress,"Supervise overhaul at scheduled shift window, verify vibration thresholds post-repair."
TSK-1485,Day Shift B,Logistics & Warehousing,Perform zero-point calibration on digital weighing scales at packaging station 9.,Equipment Check,Medium,Pending,"Complete routine calibration, record deviations in system maintenance ledger."
TSK-1486,Night Shift B,Healthcare,High voltage arc flash occurred on Stamping Press SP-11 circuit breaker in Warehouse Sector B. Lockout/Tagout (LOTO) active; electrician dispatch required immediately.,Safety & Compliance,Critical,Pending,"Immediate escalation to safety supervisor, ensure area remains isolated, await hazardous response team."
TSK-1487,Night Shift B,Energy & Utilities,Inspect automated guided vehicle (AGV) docking rail #3 after two navigation tracking faults occurred during peak dispatch.,Equipment Check,High,Pending,"Perform detailed physical inspection within first 30 minutes of shift, log baseline values in ShiftSync."
TSK-1488,Night Shift A,Security & Facilities,Completed mandatory pre-shift gas testing for oxygen deficiency and LEL in confined space tank #8. Safe to enter.,Safety & Compliance,High,Completed,"Audit verification log, ensure all corrective action items signed off by HSE officer."
TSK-1489,Evening Shift,Security & Facilities,"Main hydraulic line ruptured on Air Compressor AC-04 causing immediate line halt. Oil contained with absorbent pads, replacement hose arriving from supplier.",Maintenance,Critical,In Progress,"Continuous monitoring of repair progress, ensure standby units ready, expedite technician parts dispatch."
TSK-1490,Evening Shift,Logistics & Warehousing,Updated shift logbook Section 5 and signed off attendance register for outgoing operators.,Administration,Low,Completed,"File documentation into record repository, confirm routine sign-off."
TSK-1491,Night Shift B,Manufacturing,Schedule quarterly vision and hearing screening appointments for 6 plant technicians with clinic.,Administration,Low,Pending,"File documentation into record repository, confirm routine sign-off."
TSK-1492,Day Shift B,Energy & Utilities,Submitted overtime authorization sheets for 4 operators to HR payroll inbox.,Administration,Low,Completed,"File documentation into record repository, confirm routine sign-off."
TSK-1493,Night Shift A,Logistics & Warehousing,Primary refrigeration compressor in cold storage Cold Storage Room 2 failed at 20:29. Temperature rising rapidly; urgent transfer of perishable stock required.,Maintenance,Critical,In Progress,"Continuous monitoring of repair progress, ensure standby units ready, expedite technician parts dispatch."
TSK-1494,Day Shift B,Healthcare,Dispatched scheduled freight cargo to regional hub via transport route RT-161 without dispatch delays.,Operations,Medium,Completed,"Continue production throughput tracking, ensure target quotas met before next handover."
TSK-1495,Night Shift A,Healthcare,Hydraulic seal leaking on forklift FL-11. Parked in maintenance bay; replacement o-rings ordered from central stores.,Maintenance,High,In Progress,"Supervise overhaul at scheduled shift window, verify vibration thresholds post-repair."
TSK-1496,Day Shift B,Healthcare,"Patient in ICU Bed 137 experienced sudden cardiac arrest, successfully stabilized on ventilator; critical observation required for next 4 hours.",Safety & Compliance,Critical,Pending,"Immediate escalation to safety supervisor, ensure area remains isolated, await hazardous response team."
TSK-1497,Day Shift A,Energy & Utilities,Emergency shutoff valve tripped automatically on Stamping Press SP-11 due to severe pressure spike in Assembly Line 4. Do not restart without supervisor sign-off.,Safety & Compliance,Critical,Pending,"Immediate escalation to safety supervisor, ensure area remains isolated, await hazardous response team."
TSK-1498,Day Shift B,Security & Facilities,Restock PPE supply locker in locker room B with size L nitrile gloves and safety glasses.,Administration,Low,Pending,"File documentation into record repository, confirm routine sign-off."
TSK-1499,Day Shift B,Security & Facilities,Smoke detector alarm triggered in Assembly Line 4. Fire suppression system engaged; fire marshals cleared building but electrical panel needs certified clearance.,Safety & Compliance,Critical,Pending,"Immediate escalation to safety supervisor, ensure area remains isolated, await hazardous response team."
TSK-1500,Night Shift A,Logistics & Warehousing,Sorting returned retail parcels in processing bay 11. Sorting queue estimated at 45 minutes remaining.,Operations,Medium,In Progress,"Continue production throughput tracking, ensure target quotas met before next handover."
TSK-1501,Day Shift A,Logistics & Warehousing,"Loading freight container for shipment #82693; 14 of 24 pallets secured, remainder staged at dock 5.",Operations,Medium,In Progress,"Continue production throughput tracking, ensure target quotas met before next handover."
TSK-1502,Evening Shift,Logistics & Warehousing,Order replacement label printer ribbons and thermal paper rolls for dispatch desk 1.,Administration,Low,Pending,"File documentation into record repository, confirm routine sign-off."
TSK-1503,Day Shift B,Manufacturing,Sanitization of packaging line #3 underway following allergen product campaign run.,Operations,Medium,In Progress,"Continue production throughput tracking, ensure target quotas met before next handover."
TSK-1504,Night Shift A,Manufacturing,Check belt tension and motor alignment on exhaust fan #7 on rooftop HVAC deck.,Equipment Check,Medium,Pending,"Complete routine calibration, record deviations in system maintenance ledger."
TSK-1505,Night Shift B,Security & Facilities,High voltage arc flash occurred on Packaging Robot Arm R-3 circuit breaker in Loading Dock 7. Lockout/Tagout (LOTO) active; electrician dispatch required immediately.,Safety & Compliance,Critical,Pending,"Immediate escalation to safety supervisor, ensure area remains isolated, await hazardous response team."
TSK-1506,Evening Shift,Healthcare,Batch #67432 currently mixing in blending tank 6. Viscosity check scheduled at 20:30 by lab technician.,Operations,Medium,In Progress,"Continue production throughput tracking, ensure target quotas met before next handover."
TSK-1507,Night Shift B,Security & Facilities,Handed over master locker keys and radio communication sets to incoming shift lead in briefing room.,Administration,Low,Completed,"File documentation into record repository, confirm routine sign-off."
TSK-1508,Day Shift A,Logistics & Warehousing,Primary refrigeration compressor in cold storage Cold Storage Room 2 failed at 13:24. Temperature rising rapidly; urgent transfer of perishable stock required.,Maintenance,Critical,In Progress,"Continuous monitoring of repair progress, ensure standby units ready, expedite technician parts dispatch."
TSK-1509,Night Shift A,Energy & Utilities,Oxygen supply manifold pressure dropped to 35 PSI in Ward 2. Switched to emergency cylinder bank; biomed engineer en route.,Maintenance,Critical,In Progress,"Continuous monitoring of repair progress, ensure standby units ready, expedite technician parts dispatch."
TSK-1510,Night Shift A,Manufacturing,Perimeter security fence breached at North Perimeter Gate; police notified and security guards dispatched for sweep. Ongoing lockdown.,Safety & Compliance,Critical,Pending,"Immediate escalation to safety supervisor, ensure area remains isolated, await hazardous response team."
TSK-1511,Evening Shift,Logistics & Warehousing,Schedule quarterly vision and hearing screening appointments for 6 plant technicians with clinic.,Administration,Low,Pending,"File documentation into record repository, confirm routine sign-off."
TSK-1512,Evening Shift,Manufacturing,Vibration analysis on Centrifugal Pump P-204 indicates severe bearing wear. Speed derated to 60% to prevent total failure before overhaul.,Maintenance,High,In Progress,"Supervise overhaul at scheduled shift window, verify vibration thresholds post-repair."
TSK-1513,Night Shift A,Security & Facilities,"Loading freight container for shipment #81197; 14 of 24 pallets secured, remainder staged at dock 3.",Operations,Medium,In Progress,"Continue production throughput tracking, ensure target quotas met before next handover."
TSK-1514,Night Shift B,Energy & Utilities,Steam leak detected on flange joint upstream of Conveyor Belt C-12. Area barricaded; pipefitters scheduled for gasket swap at 22:00.,Maintenance,High,In Progress,"Supervise overhaul at scheduled shift window, verify vibration thresholds post-repair."
TSK-1515,Day Shift B,Manufacturing,Primary refrigeration compressor in cold storage Loading Dock 7 failed at 19:52. Temperature rising rapidly; urgent transfer of perishable stock required.,Maintenance,Critical,In Progress,"Continuous monitoring of repair progress, ensure standby units ready, expedite technician parts dispatch."
TSK-1516,Evening Shift,Logistics & Warehousing,Verified all peripheral office doors and warehouse delivery shutters locked at end of shift.,Operations,Low,Completed,"Routine handover sign-off, verify area cleanliness and equipment shutdown."
TSK-1517,Day Shift B,Energy & Utilities,Steam leak detected on flange joint upstream of Packaging Robot Arm R-3. Area barricaded; pipefitters scheduled for gasket swap at 22:00.,Maintenance,High,In Progress,"Supervise overhaul at scheduled shift window, verify vibration thresholds post-repair."
TSK-1518,Night Shift B,Security & Facilities,Print updated SOP revision 4.2 for hazardous material handling and clip to shift notice board.,Administration,Low,Pending,"File documentation into record repository, confirm routine sign-off."
TSK-1519,Night Shift A,Security & Facilities,Completed mandatory pre-shift gas testing for oxygen deficiency and LEL in confined space tank #9. Safe to enter.,Safety & Compliance,High,Completed,"Audit verification log, ensure all corrective action items signed off by HSE officer."
TSK-1520,Day Shift B,Energy & Utilities,Backup diesel generator coolant temperature reached 98C during weekly run test. Flushed radiator; thermostat needs replacement.,Maintenance,High,In Progress,"Supervise overhaul at scheduled shift window, verify vibration thresholds post-repair."
TSK-1521,Day Shift B,Security & Facilities,Finished routine inventory cycle count for high-value components in bin rack R-29; variance reconciled within 0.2%.,Operations,Medium,Completed,"Continue production throughput tracking, ensure target quotas met before next handover."
TSK-1522,Day Shift A,Energy & Utilities,Vibration analysis on Chiller Unit CH-02 indicates severe bearing wear. Speed derated to 60% to prevent total failure before overhaul.,Maintenance,High,In Progress,"Supervise overhaul at scheduled shift window, verify vibration thresholds post-repair."
TSK-1523,Day Shift B,Energy & Utilities,Main server room backup UPS inverter failed battery self-test during power flicker. Generator manually engaged; vendor ticket #CRIT-4548 open.,Maintenance,Critical,In Progress,"Continuous monitoring of repair progress, ensure standby units ready, expedite technician parts dispatch."
TSK-1524,Night Shift A,Healthcare,Verify barcode scanner handhelds at packing stations 2 through 5 are docked on charging cradles.,Equipment Check,Medium,Pending,"Complete routine calibration, record deviations in system maintenance ledger."
TSK-1525,Day Shift B,Manufacturing,Inspected fire extinguishers and emergency exit signs across Sector Delta; replaced 2 expired units in corridor B.,Safety & Compliance,High,Completed,"Audit verification log, ensure all corrective action items signed off by HSE officer."
TSK-1526,Night Shift B,Energy & Utilities,Emergency shutoff valve tripped automatically on Chiller Unit CH-02 due to severe pressure spike in HVAC Plant Deck. Do not restart without supervisor sign-off.,Safety & Compliance,Critical,Pending,"Immediate escalation to safety supervisor, ensure area remains isolated, await hazardous response team."
TSK-1527,Night Shift B,Logistics & Warehousing,Disposed of general packaging cardboard waste into compactor unit #2.,Operations,Low,Completed,"Routine handover sign-off, verify area cleanliness and equipment shutdown."
TSK-1528,Evening Shift,Security & Facilities,Conducted emergency spill response drill with incoming and outgoing crew in Boiler Room 3. Log submitted to Safety Officer.,Safety & Compliance,High,Completed,"Audit verification log, ensure all corrective action items signed off by HSE officer."
TSK-1529,Night Shift A,Healthcare,Handed over master locker keys and radio communication sets to incoming shift lead in briefing room.,Administration,Low,Completed,"File documentation into record repository, confirm routine sign-off."
TSK-1530,Night Shift A,Energy & Utilities,Main server room backup UPS inverter failed battery self-test during power flicker. Generator manually engaged; vendor ticket #CRIT-7772 open.,Maintenance,Critical,In Progress,"Continuous monitoring of repair progress, ensure standby units ready, expedite technician parts dispatch."
TSK-1531,Night Shift B,Healthcare,Print updated SOP revision 4.2 for hazardous material handling and clip to shift notice board.,Administration,Low,Pending,"File documentation into record repository, confirm routine sign-off."
TSK-1532,Day Shift A,Manufacturing,Recalibrate flow meters on chemical metering pump P-81 following high concentration error alert on batch #81816.,Equipment Check,High,Pending,"Perform detailed physical inspection within first 30 minutes of shift, log baseline values in ShiftSync."
TSK-1533,Evening Shift,Logistics & Warehousing,Restock PPE supply locker in locker room B with size L nitrile gloves and safety glasses.,Administration,Low,Pending,"File documentation into record repository, confirm routine sign-off."
TSK-1534,Day Shift B,Logistics & Warehousing,Inspected fire extinguishers and emergency exit signs across Sector Beta; replaced 2 expired units in corridor B.,Safety & Compliance,High,Completed,"Audit verification log, ensure all corrective action items signed off by HSE officer."
TSK-1535,Day Shift A,Security & Facilities,Inspect air compressor intake air filters in plant room PR-2 for dust saturation.,Equipment Check,Medium,Pending,"Complete routine calibration, record deviations in system maintenance ledger."
TSK-1536,Evening Shift,Manufacturing,Inspect air compressor intake air filters in plant room PR-1 for dust saturation.,Equipment Check,Medium,Pending,"Complete routine calibration, record deviations in system maintenance ledger."
TSK-1537,Night Shift A,Healthcare,Steam leak detected on flange joint upstream of Forklift FL-08. Area barricaded; pipefitters scheduled for gasket swap at 22:00.,Maintenance,High,In Progress,"Supervise overhaul at scheduled shift window, verify vibration thresholds post-repair."
TSK-1538,Day Shift B,Energy & Utilities,Steam leak detected on flange joint upstream of Packaging Robot Arm R-3. Area barricaded; pipefitters scheduled for gasket swap at 22:00.,Maintenance,High,In Progress,"Supervise overhaul at scheduled shift window, verify vibration thresholds post-repair."
TSK-1539,Night Shift B,Energy & Utilities,"Main cooling water pump P-37 bearing seized, causing engine overheating. Replacement pump offline; technician currently rebuilding motor.",Maintenance,Critical,In Progress,"Continuous monitoring of repair progress, ensure standby units ready, expedite technician parts dispatch."
TSK-1540,Night Shift A,Manufacturing,Print updated SOP revision 4.2 for hazardous material handling and clip to shift notice board.,Administration,Low,Pending,"File documentation into record repository, confirm routine sign-off."
TSK-1541,Evening Shift,Energy & Utilities,Recalibrate flow meters on chemical metering pump P-37 following high concentration error alert on batch #56931.,Equipment Check,High,Pending,"Perform detailed physical inspection within first 30 minutes of shift, log baseline values in ShiftSync."
TSK-1542,Day Shift B,Manufacturing,Data reconciliation in progress between ERP inventory count and physical warehouse bins in zone Zone-C.,Operations,Medium,In Progress,"Continue production throughput tracking, ensure target quotas met before next handover."
TSK-1543,Day Shift A,Logistics & Warehousing,Backup diesel generator coolant temperature reached 98C during weekly run test. Flushed radiator; thermostat needs replacement.,Maintenance,High,In Progress,"Supervise overhaul at scheduled shift window, verify vibration thresholds post-repair."
TSK-1544,Night Shift A,Logistics & Warehousing,Print updated SOP revision 4.2 for hazardous material handling and clip to shift notice board.,Administration,Low,Pending,"File documentation into record repository, confirm routine sign-off."
TSK-1545,Day Shift A,Healthcare,Conducted emergency spill response drill with incoming and outgoing crew in Boiler Room 3. Log submitted to Safety Officer.,Safety & Compliance,High,Completed,"Audit verification log, ensure all corrective action items signed off by HSE officer."
TSK-1546,Night Shift B,Security & Facilities,Swept and mopped gangways in packing hall H-C at conclusion of packaging run.,Operations,Low,Completed,"Routine handover sign-off, verify area cleanliness and equipment shutdown."
TSK-1547,Evening Shift,Manufacturing,Inspect air compressor intake air filters in plant room PR-3 for dust saturation.,Equipment Check,Medium,Pending,"Complete routine calibration, record deviations in system maintenance ledger."
TSK-1548,Day Shift B,Energy & Utilities,Inspect boiler pressure valve on Line 1 after fluctuating readings between 75 and 92 PSI throughout afternoon run.,Equipment Check,High,Pending,"Perform detailed physical inspection within first 30 minutes of shift, log baseline values in ShiftSync."
TSK-1549,Night Shift A,Manufacturing,Sorting returned retail parcels in processing bay 11. Sorting queue estimated at 45 minutes remaining.,Operations,Medium,In Progress,"Continue production throughput tracking, ensure target quotas met before next handover."
TSK-1550,Night Shift B,Energy & Utilities,Turned off non-essential bay lighting and conveyor idling drives in storage yard Y-West.,Operations,Low,Completed,"Routine handover sign-off, verify area cleanliness and equipment shutdown."
TSK-1551,Evening Shift,Manufacturing,Restocked consumable packaging strapping rolls at end-of-line pallet wrapping machines.,Operations,Low,Completed,"Routine handover sign-off, verify area cleanliness and equipment shutdown."
TSK-1552,Evening Shift,Energy & Utilities,Restock PPE supply locker in locker room B with size L nitrile gloves and safety glasses.,Administration,Low,Pending,"File documentation into record repository, confirm routine sign-off."
TSK-1553,Day Shift B,Logistics & Warehousing,Recalibrate flow meters on chemical metering pump P-50 following high concentration error alert on batch #64418.,Equipment Check,High,Pending,"Perform detailed physical inspection within first 30 minutes of shift, log baseline values in ShiftSync."
TSK-1554,Day Shift A,Logistics & Warehousing,Restocked consumable packaging strapping rolls at end-of-line pallet wrapping machines.,Operations,Low,Completed,"Routine handover sign-off, verify area cleanliness and equipment shutdown."
TSK-1555,Day Shift B,Security & Facilities,Backup diesel generator coolant temperature reached 98C during weekly run test. Flushed radiator; thermostat needs replacement.,Maintenance,High,In Progress,"Supervise overhaul at scheduled shift window, verify vibration thresholds post-repair."
TSK-1556,Day Shift B,Logistics & Warehousing,Restock PPE supply locker in locker room B with size L nitrile gloves and safety glasses.,Administration,Low,Pending,"File documentation into record repository, confirm routine sign-off."
TSK-1557,Evening Shift,Energy & Utilities,Recalibrate flow meters on chemical metering pump P-74 following high concentration error alert on batch #86125.,Equipment Check,High,Pending,"Perform detailed physical inspection within first 30 minutes of shift, log baseline values in ShiftSync."
TSK-1558,Evening Shift,Logistics & Warehousing,Disposed of general packaging cardboard waste into compactor unit #2.,Operations,Low,Completed,"Routine handover sign-off, verify area cleanliness and equipment shutdown."
TSK-1559,Night Shift B,Healthcare,Check emergency battery banks in electrical substation SS-3 before oncoming night shift.,Equipment Check,High,Pending,"Perform detailed physical inspection within first 30 minutes of shift, log baseline values in ShiftSync."
TSK-1560,Night Shift A,Healthcare,Schedule quarterly vision and hearing screening appointments for 6 plant technicians with clinic.,Administration,Low,Pending,"File documentation into record repository, confirm routine sign-off."
TSK-1561,Night Shift B,Healthcare,Structural crack observed on support beam near Warehouse Sector B. Immediate structural engineering inspection ordered; access restricted.,Safety & Compliance,Critical,Pending,"Immediate escalation to safety supervisor, ensure area remains isolated, await hazardous response team."
TSK-1562,Evening Shift,Logistics & Warehousing,Oxygen supply manifold pressure dropped to 35 PSI in Ward 8. Switched to emergency cylinder bank; biomed engineer en route.,Maintenance,Critical,In Progress,"Continuous monitoring of repair progress, ensure standby units ready, expedite technician parts dispatch."
TSK-1563,Day Shift A,Security & Facilities,Conveyor belt CV-6 in Boiler Room 3 showing significant tear along edge. Temporary patch applied; needs full vulcanizing splice tonight.,Maintenance,High,In Progress,"Supervise overhaul at scheduled shift window, verify vibration thresholds post-repair."
TSK-1564,Night Shift A,Energy & Utilities,Verify operational readiness of emergency eyewash and deluge shower stations throughout chemical handling zone Zone-D.,Equipment Check,High,Pending,"Perform detailed physical inspection within first 30 minutes of shift, log baseline values in ShiftSync."
TSK-1565,Night Shift A,Logistics & Warehousing,Check hydraulic fluid level and top up ISO VG 46 reservoir on stamping press PRS-3 before morning production.,Equipment Check,Medium,Pending,"Complete routine calibration, record deviations in system maintenance ledger."
TSK-1566,Evening Shift,Security & Facilities,"Main hydraulic line ruptured on Conveyor Belt C-12 causing immediate line halt. Oil contained with absorbent pads, replacement hose arriving from supplier.",Maintenance,Critical,In Progress,"Continuous monitoring of repair progress, ensure standby units ready, expedite technician parts dispatch."
TSK-1567,Day Shift B,Logistics & Warehousing,Vibration analysis on Conveyor Belt C-12 indicates severe bearing wear. Speed derated to 60% to prevent total failure before overhaul.,Maintenance,High,In Progress,"Supervise overhaul at scheduled shift window, verify vibration thresholds post-repair."
TSK-1568,Night Shift A,Manufacturing,Primary refrigeration compressor in cold storage Boiler Room 3 failed at 13:31. Temperature rising rapidly; urgent transfer of perishable stock required.,Maintenance,Critical,In Progress,"Continuous monitoring of repair progress, ensure standby units ready, expedite technician parts dispatch."
TSK-1569,Day Shift B,Manufacturing,Check emergency battery banks in electrical substation SS-2 before oncoming night shift.,Equipment Check,High,Pending,"Perform detailed physical inspection within first 30 minutes of shift, log baseline values in ShiftSync."
TSK-1570,Day Shift B,Manufacturing,Verified all peripheral office doors and warehouse delivery shutters locked at end of shift.,Operations,Low,Completed,"Routine handover sign-off, verify area cleanliness and equipment shutdown."
TSK-1571,Evening Shift,Energy & Utilities,Steam leak detected on flange joint upstream of Conveyor Belt C-12. Area barricaded; pipefitters scheduled for gasket swap at 22:00.,Maintenance,High,In Progress,"Supervise overhaul at scheduled shift window, verify vibration thresholds post-repair."
TSK-1572,Day Shift A,Energy & Utilities,Completed mandatory pre-shift gas testing for oxygen deficiency and LEL in confined space tank #3. Safe to enter.,Safety & Compliance,High,Completed,"Audit verification log, ensure all corrective action items signed off by HSE officer."
TSK-1573,Evening Shift,Manufacturing,Order replacement label printer ribbons and thermal paper rolls for dispatch desk 6.,Administration,Low,Pending,"File documentation into record repository, confirm routine sign-off."
TSK-1574,Day Shift B,Security & Facilities,Vibration analysis on Conveyor Belt C-12 indicates severe bearing wear. Speed derated to 60% to prevent total failure before overhaul.,Maintenance,High,In Progress,"Supervise overhaul at scheduled shift window, verify vibration thresholds post-repair."
TSK-1575,Evening Shift,Energy & Utilities,Sorting returned retail parcels in processing bay 4. Sorting queue estimated at 45 minutes remaining.,Operations,Medium,In Progress,"Continue production throughput tracking, ensure target quotas met before next handover."
TSK-1576,Day Shift B,Logistics & Warehousing,"Completed production run on batch #90113 with 1,240 units processed and palletized for QC clearance.",Operations,Medium,Completed,"Continue production throughput tracking, ensure target quotas met before next handover."
TSK-1577,Evening Shift,Logistics & Warehousing,Order replacement label printer ribbons and thermal paper rolls for dispatch desk 6.,Administration,Low,Pending,"File documentation into record repository, confirm routine sign-off."
TSK-1578,Night Shift A,Logistics & Warehousing,Disposed of general packaging cardboard waste into compactor unit #2.,Operations,Low,Completed,"Routine handover sign-off, verify area cleanliness and equipment shutdown."
TSK-1579,Night Shift B,Logistics & Warehousing,Updated shift logbook Section 3 and signed off attendance register for outgoing operators.,Administration,Low,Completed,"File documentation into record repository, confirm routine sign-off."
TSK-1580,Night Shift B,Energy & Utilities,Sorting returned retail parcels in processing bay 12. Sorting queue estimated at 45 minutes remaining.,Operations,Medium,In Progress,"Continue production throughput tracking, ensure target quotas met before next handover."
TSK-1581,Night Shift A,Healthcare,Update whiteboard task allocation chart for tomorrow's scheduled maintenance outage.,Administration,Low,Pending,"File documentation into record repository, confirm routine sign-off."
TSK-1582,Day Shift A,Energy & Utilities,Inspected fire extinguishers and emergency exit signs across Sector Delta; replaced 2 expired units in corridor B.,Safety & Compliance,High,Completed,"Audit verification log, ensure all corrective action items signed off by HSE officer."
TSK-1583,Day Shift A,Security & Facilities,Batch #60161 currently mixing in blending tank 10. Viscosity check scheduled at 20:30 by lab technician.,Operations,Medium,In Progress,"Continue production throughput tracking, ensure target quotas met before next handover."
TSK-1584,Night Shift B,Energy & Utilities,Restocked consumable packaging strapping rolls at end-of-line pallet wrapping machines.,Operations,Low,Completed,"Routine handover sign-off, verify area cleanliness and equipment shutdown."
TSK-1585,Evening Shift,Logistics & Warehousing,Batch #87060 currently mixing in blending tank 5. Viscosity check scheduled at 20:30 by lab technician.,Operations,Medium,In Progress,"Continue production throughput tracking, ensure target quotas met before next handover."
TSK-1586,Night Shift B,Logistics & Warehousing,Main server room backup UPS inverter failed battery self-test during power flicker. Generator manually engaged; vendor ticket #CRIT-4031 open.,Maintenance,Critical,In Progress,"Continuous monitoring of repair progress, ensure standby units ready, expedite technician parts dispatch."
TSK-1587,Day Shift B,Manufacturing,Update whiteboard task allocation chart for tomorrow's scheduled maintenance outage.,Administration,Low,Pending,"File documentation into record repository, confirm routine sign-off."
TSK-1588,Day Shift B,Manufacturing,Handed over master locker keys and radio communication sets to incoming shift lead in briefing room.,Administration,Low,Completed,"File documentation into record repository, confirm routine sign-off."
TSK-1589,Evening Shift,Manufacturing,Processed shift transfer of 271 sanitized linen bundles from laundry facility to surgical wards.,Operations,Medium,Completed,"Continue production throughput tracking, ensure target quotas met before next handover."
TSK-1590,Night Shift A,Energy & Utilities,Sanitization of packaging line #2 underway following allergen product campaign run.,Operations,Medium,In Progress,"Continue production throughput tracking, ensure target quotas met before next handover."
TSK-1591,Night Shift B,Security & Facilities,Investigated near-miss incident involving pallet jack collision in aisle 11. Statement recorded and forwarded to HSE.,Safety & Compliance,High,Completed,"Audit verification log, ensure all corrective action items signed off by HSE officer."
TSK-1592,Night Shift A,Logistics & Warehousing,Backup diesel generator coolant temperature reached 98C during weekly run test. Flushed radiator; thermostat needs replacement.,Maintenance,High,In Progress,"Supervise overhaul at scheduled shift window, verify vibration thresholds post-repair."
TSK-1593,Day Shift B,Healthcare,Print updated SOP revision 4.2 for hazardous material handling and clip to shift notice board.,Administration,Low,Pending,"File documentation into record repository, confirm routine sign-off."
TSK-1594,Night Shift A,Security & Facilities,Oxygen supply manifold pressure dropped to 35 PSI in Ward 4. Switched to emergency cylinder bank; biomed engineer en route.,Maintenance,Critical,In Progress,"Continuous monitoring of repair progress, ensure standby units ready, expedite technician parts dispatch."
TSK-1595,Evening Shift,Energy & Utilities,Offloaded 4 container trailers at loading bay 8. Received bill of lading and entered records into WMS.,Operations,Medium,Completed,"Continue production throughput tracking, ensure target quotas met before next handover."
TSK-1596,Night Shift A,Security & Facilities,Update whiteboard task allocation chart for tomorrow's scheduled maintenance outage.,Administration,Low,Pending,"File documentation into record repository, confirm routine sign-off."
TSK-1597,Evening Shift,Security & Facilities,Dispatched scheduled freight cargo to regional hub via transport route RT-331 without dispatch delays.,Operations,Medium,Completed,"Continue production throughput tracking, ensure target quotas met before next handover."
TSK-1598,Day Shift B,Healthcare,Updated shift logbook Section 2 and signed off attendance register for outgoing operators.,Administration,Low,Completed,"File documentation into record repository, confirm routine sign-off."
TSK-1599,Night Shift A,Energy & Utilities,"Completed production run on batch #98785 with 1,240 units processed and palletized for QC clearance.",Operations,Medium,Completed,"Continue production throughput tracking, ensure target quotas met before next handover."
TSK-1600,Day Shift A,Logistics & Warehousing,Oxygen supply manifold pressure dropped to 35 PSI in Ward 5. Switched to emergency cylinder bank; biomed engineer en route.,Maintenance,Critical,In Progress,"Continuous monitoring of repair progress, ensure standby units ready, expedite technician parts dispatch."
TSK-1601,Night Shift B,Manufacturing,Restocked consumable packaging strapping rolls at end-of-line pallet wrapping machines.,Operations,Low,Completed,"Routine handover sign-off, verify area cleanliness and equipment shutdown."
TSK-1602,Night Shift B,Healthcare,Offloaded 4 container trailers at loading bay 11. Received bill of lading and entered records into WMS.,Operations,Medium,Completed,"Continue production throughput tracking, ensure target quotas met before next handover."
TSK-1603,Evening Shift,Security & Facilities,Batch #70774 currently mixing in blending tank 8. Viscosity check scheduled at 20:30 by lab technician.,Operations,Medium,In Progress,"Continue production throughput tracking, ensure target quotas met before next handover."
TSK-1604,Night Shift B,Manufacturing,Backup diesel generator coolant temperature reached 98C during weekly run test. Flushed radiator; thermostat needs replacement.,Maintenance,High,In Progress,"Supervise overhaul at scheduled shift window, verify vibration thresholds post-repair."
TSK-1605,Day Shift A,Manufacturing,Conducted emergency spill response drill with incoming and outgoing crew in Cold Storage Room 2. Log submitted to Safety Officer.,Safety & Compliance,High,Completed,"Audit verification log, ensure all corrective action items signed off by HSE officer."
TSK-1606,Day Shift B,Healthcare,Verify barcode scanner handhelds at packing stations 2 through 6 are docked on charging cradles.,Equipment Check,Medium,Pending,"Complete routine calibration, record deviations in system maintenance ledger."
TSK-1607,Day Shift B,Security & Facilities,Conducted emergency spill response drill with incoming and outgoing crew in Chemical Storage Annex. Log submitted to Safety Officer.,Safety & Compliance,High,Completed,"Audit verification log, ensure all corrective action items signed off by HSE officer."
TSK-1608,Day Shift A,Security & Facilities,Handed over master locker keys and radio communication sets to incoming shift lead in briefing room.,Administration,Low,Completed,"File documentation into record repository, confirm routine sign-off."
TSK-1609,Day Shift B,Healthcare,Perform zero-point calibration on digital weighing scales at packaging station 5.,Equipment Check,Medium,Pending,"Complete routine calibration, record deviations in system maintenance ledger."
TSK-1610,Day Shift A,Security & Facilities,Restock PPE supply locker in locker room B with size L nitrile gloves and safety glasses.,Administration,Low,Pending,"File documentation into record repository, confirm routine sign-off."
TSK-1611,Night Shift B,Energy & Utilities,Smoke detector alarm triggered in Boiler Room 3. Fire suppression system engaged; fire marshals cleared building but electrical panel needs certified clearance.,Safety & Compliance,Critical,Pending,"Immediate escalation to safety supervisor, ensure area remains isolated, await hazardous response team."
TSK-1612,Night Shift B,Healthcare,Oxygen supply manifold pressure dropped to 35 PSI in Ward 3. Switched to emergency cylinder bank; biomed engineer en route.,Maintenance,Critical,In Progress,"Continuous monitoring of repair progress, ensure standby units ready, expedite technician parts dispatch."
TSK-1613,Day Shift A,Energy & Utilities,Vibration analysis on Conveyor Belt C-12 indicates severe bearing wear. Speed derated to 60% to prevent total failure before overhaul.,Maintenance,High,In Progress,"Supervise overhaul at scheduled shift window, verify vibration thresholds post-repair."
TSK-1614,Day Shift B,Healthcare,Main server room backup UPS inverter failed battery self-test during power flicker. Generator manually engaged; vendor ticket #CRIT-8050 open.,Maintenance,Critical,In Progress,"Continuous monitoring of repair progress, ensure standby units ready, expedite technician parts dispatch."
TSK-1615,Night Shift B,Energy & Utilities,"Loading freight container for shipment #78512; 14 of 24 pallets secured, remainder staged at dock 1.",Operations,Medium,In Progress,"Continue production throughput tracking, ensure target quotas met before next handover."
TSK-1616,Day Shift A,Security & Facilities,Update whiteboard task allocation chart for tomorrow's scheduled maintenance outage.,Administration,Low,Pending,"File documentation into record repository, confirm routine sign-off."
TSK-1617,Night Shift B,Manufacturing,Investigated near-miss incident involving pallet jack collision in aisle 20. Statement recorded and forwarded to HSE.,Safety & Compliance,High,Completed,"Audit verification log, ensure all corrective action items signed off by HSE officer."
TSK-1618,Night Shift B,Security & Facilities,Major chemical spill reported in Substation East; evacuated personnel and awaiting specialized hazardous materials cleanup crew.,Safety & Compliance,Critical,Pending,"Immediate escalation to safety supervisor, ensure area remains isolated, await hazardous response team."
TSK-1619,Day Shift B,Logistics & Warehousing,Offloaded 4 container trailers at loading bay 1. Received bill of lading and entered records into WMS.,Operations,Medium,Completed,"Continue production throughput tracking, ensure target quotas met before next handover."
TSK-1620,Day Shift A,Manufacturing,Primary refrigeration compressor in cold storage Substation East failed at 23:36. Temperature rising rapidly; urgent transfer of perishable stock required.,Maintenance,Critical,In Progress,"Continuous monitoring of repair progress, ensure standby units ready, expedite technician parts dispatch."
TSK-1621,Night Shift A,Manufacturing,"Loading freight container for shipment #84182; 14 of 24 pallets secured, remainder staged at dock 5.",Operations,Medium,In Progress,"Continue production throughput tracking, ensure target quotas met before next handover."
TSK-1622,Night Shift A,Logistics & Warehousing,"Main cooling water pump P-77 bearing seized, causing engine overheating. Replacement pump offline; technician currently rebuilding motor.",Maintenance,Critical,In Progress,"Continuous monitoring of repair progress, ensure standby units ready, expedite technician parts dispatch."
TSK-1623,Night Shift A,Security & Facilities,Check emergency battery banks in electrical substation SS-1 before oncoming night shift.,Equipment Check,High,Pending,"Perform detailed physical inspection within first 30 minutes of shift, log baseline values in ShiftSync."
TSK-1624,Evening Shift,Healthcare,Primary refrigeration compressor in cold storage Boiler Room 3 failed at 10:59. Temperature rising rapidly; urgent transfer of perishable stock required.,Maintenance,Critical,In Progress,"Continuous monitoring of repair progress, ensure standby units ready, expedite technician parts dispatch."
TSK-1625,Day Shift B,Manufacturing,"Main cooling water pump P-76 bearing seized, causing engine overheating. Replacement pump offline; technician currently rebuilding motor.",Maintenance,Critical,In Progress,"Continuous monitoring of repair progress, ensure standby units ready, expedite technician parts dispatch."
TSK-1626,Night Shift A,Security & Facilities,Check belt tension and motor alignment on exhaust fan #2 on rooftop HVAC deck.,Equipment Check,Medium,Pending,"Complete routine calibration, record deviations in system maintenance ledger."
TSK-1627,Day Shift B,Logistics & Warehousing,Completed mandatory pre-shift gas testing for oxygen deficiency and LEL in confined space tank #1. Safe to enter.,Safety & Compliance,High,Completed,"Audit verification log, ensure all corrective action items signed off by HSE officer."
TSK-1628,Day Shift A,Manufacturing,Inspect boiler pressure valve on Line 1 after fluctuating readings between 75 and 92 PSI throughout afternoon run.,Equipment Check,High,Pending,"Perform detailed physical inspection within first 30 minutes of shift, log baseline values in ShiftSync."
TSK-1629,Day Shift A,Energy & Utilities,"Patient in ICU Bed 118 experienced sudden cardiac arrest, successfully stabilized on ventilator; critical observation required for next 4 hours.",Safety & Compliance,Critical,Pending,"Immediate escalation to safety supervisor, ensure area remains isolated, await hazardous response team."
TSK-1630,Day Shift A,Healthcare,Perform zero-point calibration on digital weighing scales at packaging station 8.,Equipment Check,Medium,Pending,"Complete routine calibration, record deviations in system maintenance ledger."
TSK-1631,Night Shift B,Security & Facilities,Main server room backup UPS inverter failed battery self-test during power flicker. Generator manually engaged; vendor ticket #CRIT-7623 open.,Maintenance,Critical,In Progress,"Continuous monitoring of repair progress, ensure standby units ready, expedite technician parts dispatch."
TSK-1632,Evening Shift,Energy & Utilities,Disposed of general packaging cardboard waste into compactor unit #2.,Operations,Low,Completed,"Routine handover sign-off, verify area cleanliness and equipment shutdown."
TSK-1633,Day Shift B,Security & Facilities,Backup diesel generator coolant temperature reached 98C during weekly run test. Flushed radiator; thermostat needs replacement.,Maintenance,High,In Progress,"Supervise overhaul at scheduled shift window, verify vibration thresholds post-repair."
TSK-1634,Day Shift A,Logistics & Warehousing,Backup diesel generator coolant temperature reached 98C during weekly run test. Flushed radiator; thermostat needs replacement.,Maintenance,High,In Progress,"Supervise overhaul at scheduled shift window, verify vibration thresholds post-repair."
TSK-1635,Day Shift A,Manufacturing,Vibration analysis on Centrifugal Pump P-204 indicates severe bearing wear. Speed derated to 60% to prevent total failure before overhaul.,Maintenance,High,In Progress,"Supervise overhaul at scheduled shift window, verify vibration thresholds post-repair."
TSK-1636,Day Shift B,Healthcare,Inspected fire extinguishers and emergency exit signs across Sector Delta; replaced 2 expired units in corridor B.,Safety & Compliance,High,Completed,"Audit verification log, ensure all corrective action items signed off by HSE officer."
TSK-1637,Day Shift A,Energy & Utilities,Perform zero-point calibration on digital weighing scales at packaging station 3.,Equipment Check,Medium,Pending,"Complete routine calibration, record deviations in system maintenance ledger."
TSK-1638,Day Shift A,Healthcare,Archived daily SCADA telemetry logs and backed up operational reports to secure cloud drive.,Administration,Low,Completed,"File documentation into record repository, confirm routine sign-off."
TSK-1639,Day Shift B,Manufacturing,Check emergency battery banks in electrical substation SS-3 before oncoming night shift.,Equipment Check,High,Pending,"Perform detailed physical inspection within first 30 minutes of shift, log baseline values in ShiftSync."
TSK-1640,Night Shift A,Manufacturing,Updated shift logbook Section 1 and signed off attendance register for outgoing operators.,Administration,Low,Completed,"File documentation into record repository, confirm routine sign-off."
TSK-1641,Evening Shift,Energy & Utilities,Order replacement label printer ribbons and thermal paper rolls for dispatch desk 2.,Administration,Low,Pending,"File documentation into record repository, confirm routine sign-off."
TSK-1642,Night Shift A,Healthcare,Hydraulic seal leaking on forklift FL-6. Parked in maintenance bay; replacement o-rings ordered from central stores.,Maintenance,High,In Progress,"Supervise overhaul at scheduled shift window, verify vibration thresholds post-repair."
TSK-1643,Evening Shift,Logistics & Warehousing,Vibration analysis on Air Compressor AC-04 indicates severe bearing wear. Speed derated to 60% to prevent total failure before overhaul.,Maintenance,High,In Progress,"Supervise overhaul at scheduled shift window, verify vibration thresholds post-repair."
TSK-1644,Day Shift B,Energy & Utilities,Sorting returned retail parcels in processing bay 1. Sorting queue estimated at 45 minutes remaining.,Operations,Medium,In Progress,"Continue production throughput tracking, ensure target quotas met before next handover."
TSK-1645,Night Shift B,Healthcare,Conveyor belt CV-11 in Assembly Line 4 showing significant tear along edge. Temporary patch applied; needs full vulcanizing splice tonight.,Maintenance,High,In Progress,"Supervise overhaul at scheduled shift window, verify vibration thresholds post-repair."
TSK-1646,Day Shift B,Security & Facilities,Check hydraulic fluid level and top up ISO VG 46 reservoir on stamping press PRS-2 before morning production.,Equipment Check,Medium,Pending,"Complete routine calibration, record deviations in system maintenance ledger."
TSK-1647,Night Shift B,Healthcare,Major chemical spill reported in ICU Ward 3; evacuated personnel and awaiting specialized hazardous materials cleanup crew.,Safety & Compliance,Critical,Pending,"Immediate escalation to safety supervisor, ensure area remains isolated, await hazardous response team."
TSK-1648,Day Shift B,Energy & Utilities,Inspect boiler pressure valve on Line 3 after fluctuating readings between 75 and 92 PSI throughout afternoon run.,Equipment Check,High,Pending,"Perform detailed physical inspection within first 30 minutes of shift, log baseline values in ShiftSync."
TSK-1649,Night Shift B,Energy & Utilities,High voltage arc flash occurred on Conveyor Belt C-12 circuit breaker in ICU Ward 3. Lockout/Tagout (LOTO) active; electrician dispatch required immediately.,Safety & Compliance,Critical,Pending,"Immediate escalation to safety supervisor, ensure area remains isolated, await hazardous response team."
TSK-1650,Night Shift A,Healthcare,Completed mandatory pre-shift gas testing for oxygen deficiency and LEL in confined space tank #4. Safe to enter.,Safety & Compliance,High,Completed,"Audit verification log, ensure all corrective action items signed off by HSE officer."
TSK-1651,Night Shift B,Healthcare,Dispatched scheduled freight cargo to regional hub via transport route RT-208 without dispatch delays.,Operations,Medium,Completed,"Continue production throughput tracking, ensure target quotas met before next handover."
TSK-1652,Night Shift A,Manufacturing,Data reconciliation in progress between ERP inventory count and physical warehouse bins in zone Zone-B.,Operations,Medium,In Progress,"Continue production throughput tracking, ensure target quotas met before next handover."
TSK-1653,Night Shift B,Security & Facilities,Recalibrate flow meters on chemical metering pump P-37 following high concentration error alert on batch #51458.,Equipment Check,High,Pending,"Perform detailed physical inspection within first 30 minutes of shift, log baseline values in ShiftSync."
TSK-1654,Night Shift B,Healthcare,Inspect automated guided vehicle (AGV) docking rail #5 after two navigation tracking faults occurred during peak dispatch.,Equipment Check,High,Pending,"Perform detailed physical inspection within first 30 minutes of shift, log baseline values in ShiftSync."
TSK-1655,Evening Shift,Energy & Utilities,Print updated SOP revision 4.2 for hazardous material handling and clip to shift notice board.,Administration,Low,Pending,"File documentation into record repository, confirm routine sign-off."
TSK-1656,Day Shift B,Manufacturing,Disposed of general packaging cardboard waste into compactor unit #2.,Operations,Low,Completed,"Routine handover sign-off, verify area cleanliness and equipment shutdown."
TSK-1657,Night Shift A,Manufacturing,Vibration analysis on Conveyor Belt C-12 indicates severe bearing wear. Speed derated to 60% to prevent total failure before overhaul.,Maintenance,High,In Progress,"Supervise overhaul at scheduled shift window, verify vibration thresholds post-repair."
TSK-1658,Night Shift B,Energy & Utilities,Check hydraulic fluid level and top up ISO VG 46 reservoir on stamping press PRS-2 before morning production.,Equipment Check,Medium,Pending,"Complete routine calibration, record deviations in system maintenance ledger."
TSK-1659,Day Shift A,Logistics & Warehousing,Swept and mopped gangways in packing hall H-A at conclusion of packaging run.,Operations,Low,Completed,"Routine handover sign-off, verify area cleanliness and equipment shutdown."
TSK-1660,Day Shift B,Security & Facilities,Disposed of general packaging cardboard waste into compactor unit #2.,Operations,Low,Completed,"Routine handover sign-off, verify area cleanliness and equipment shutdown."
TSK-1661,Evening Shift,Security & Facilities,Conducted emergency spill response drill with incoming and outgoing crew in HVAC Plant Deck. Log submitted to Safety Officer.,Safety & Compliance,High,Completed,"Audit verification log, ensure all corrective action items signed off by HSE officer."
TSK-1662,Day Shift B,Energy & Utilities,Conducted emergency spill response drill with incoming and outgoing crew in Assembly Line 4. Log submitted to Safety Officer.,Safety & Compliance,High,Completed,"Audit verification log, ensure all corrective action items signed off by HSE officer."
TSK-1663,Day Shift A,Logistics & Warehousing,Update whiteboard task allocation chart for tomorrow's scheduled maintenance outage.,Administration,Low,Pending,"File documentation into record repository, confirm routine sign-off."
TSK-1664,Evening Shift,Healthcare,Conducted emergency spill response drill with incoming and outgoing crew in Substation East. Log submitted to Safety Officer.,Safety & Compliance,High,Completed,"Audit verification log, ensure all corrective action items signed off by HSE officer."
TSK-1665,Night Shift A,Security & Facilities,Smoke detector alarm triggered in Cold Storage Room 2. Fire suppression system engaged; fire marshals cleared building but electrical panel needs certified clearance.,Safety & Compliance,Critical,Pending,"Immediate escalation to safety supervisor, ensure area remains isolated, await hazardous response team."
TSK-1666,Day Shift B,Logistics & Warehousing,Steam leak detected on flange joint upstream of Packaging Robot Arm R-3. Area barricaded; pipefitters scheduled for gasket swap at 22:00.,Maintenance,High,In Progress,"Supervise overhaul at scheduled shift window, verify vibration thresholds post-repair."
TSK-1667,Night Shift B,Logistics & Warehousing,Update whiteboard task allocation chart for tomorrow's scheduled maintenance outage.,Administration,Low,Pending,"File documentation into record repository, confirm routine sign-off."
TSK-1668,Evening Shift,Security & Facilities,Oxygen supply manifold pressure dropped to 35 PSI in Ward 6. Switched to emergency cylinder bank; biomed engineer en route.,Maintenance,Critical,In Progress,"Continuous monitoring of repair progress, ensure standby units ready, expedite technician parts dispatch."
TSK-1669,Evening Shift,Energy & Utilities,Restocked consumable packaging strapping rolls at end-of-line pallet wrapping machines.,Operations,Low,Completed,"Routine handover sign-off, verify area cleanliness and equipment shutdown."
TSK-1670,Evening Shift,Energy & Utilities,Sorting returned retail parcels in processing bay 6. Sorting queue estimated at 45 minutes remaining.,Operations,Medium,In Progress,"Continue production throughput tracking, ensure target quotas met before next handover."
TSK-1671,Evening Shift,Security & Facilities,Check hydraulic fluid level and top up ISO VG 46 reservoir on stamping press PRS-5 before morning production.,Equipment Check,Medium,Pending,"Complete routine calibration, record deviations in system maintenance ledger."
TSK-1672,Night Shift B,Security & Facilities,High voltage arc flash occurred on Boiler #2 circuit breaker in Substation East. Lockout/Tagout (LOTO) active; electrician dispatch required immediately.,Safety & Compliance,Critical,Pending,"Immediate escalation to safety supervisor, ensure area remains isolated, await hazardous response team."
TSK-1673,Night Shift A,Manufacturing,Backup diesel generator coolant temperature reached 98C during weekly run test. Flushed radiator; thermostat needs replacement.,Maintenance,High,In Progress,"Supervise overhaul at scheduled shift window, verify vibration thresholds post-repair."
TSK-1674,Night Shift B,Manufacturing,Hydraulic seal leaking on forklift FL-1. Parked in maintenance bay; replacement o-rings ordered from central stores.,Maintenance,High,In Progress,"Supervise overhaul at scheduled shift window, verify vibration thresholds post-repair."
TSK-1675,Night Shift B,Security & Facilities,Perimeter security fence breached at Emergency Exit 4; police notified and security guards dispatched for sweep. Ongoing lockdown.,Safety & Compliance,Critical,Pending,"Immediate escalation to safety supervisor, ensure area remains isolated, await hazardous response team."
TSK-1676,Evening Shift,Logistics & Warehousing,Conveyor belt CV-12 in Packaging Bay 1 showing significant tear along edge. Temporary patch applied; needs full vulcanizing splice tonight.,Maintenance,High,In Progress,"Supervise overhaul at scheduled shift window, verify vibration thresholds post-repair."
TSK-1677,Night Shift B,Logistics & Warehousing,Emergency shutoff valve tripped automatically on Air Compressor AC-04 due to severe pressure spike in Loading Dock 7. Do not restart without supervisor sign-off.,Safety & Compliance,Critical,Pending,"Immediate escalation to safety supervisor, ensure area remains isolated, await hazardous response team."
TSK-1678,Night Shift A,Security & Facilities,Offloaded 4 container trailers at loading bay 10. Received bill of lading and entered records into WMS.,Operations,Medium,Completed,"Continue production throughput tracking, ensure target quotas met before next handover."
TSK-1679,Day Shift B,Healthcare,Smoke detector alarm triggered in Cold Storage Room 2. Fire suppression system engaged; fire marshals cleared building but electrical panel needs certified clearance.,Safety & Compliance,Critical,Pending,"Immediate escalation to safety supervisor, ensure area remains isolated, await hazardous response team."
TSK-1680,Day Shift A,Energy & Utilities,Sanitization of packaging line #6 underway following allergen product campaign run.,Operations,Medium,In Progress,"Continue production throughput tracking, ensure target quotas met before next handover."
TSK-1681,Day Shift B,Healthcare,Update whiteboard task allocation chart for tomorrow's scheduled maintenance outage.,Administration,Low,Pending,"File documentation into record repository, confirm routine sign-off."
TSK-1682,Day Shift A,Healthcare,Check belt tension and motor alignment on exhaust fan #3 on rooftop HVAC deck.,Equipment Check,Medium,Pending,"Complete routine calibration, record deviations in system maintenance ledger."
TSK-1683,Day Shift A,Energy & Utilities,Inspect air compressor intake air filters in plant room PR-3 for dust saturation.,Equipment Check,Medium,Pending,"Complete routine calibration, record deviations in system maintenance ledger."
TSK-1684,Evening Shift,Energy & Utilities,Inspect automated guided vehicle (AGV) docking rail #6 after two navigation tracking faults occurred during peak dispatch.,Equipment Check,High,Pending,"Perform detailed physical inspection within first 30 minutes of shift, log baseline values in ShiftSync."
TSK-1685,Day Shift B,Healthcare,Updated shift logbook Section 1 and signed off attendance register for outgoing operators.,Administration,Low,Completed,"File documentation into record repository, confirm routine sign-off."
TSK-1686,Night Shift B,Healthcare,Verify barcode scanner handhelds at packing stations 3 through 8 are docked on charging cradles.,Equipment Check,Medium,Pending,"Complete routine calibration, record deviations in system maintenance ledger."
TSK-1687,Night Shift B,Security & Facilities,Verify operational readiness of emergency eyewash and deluge shower stations throughout chemical handling zone Zone-C.,Equipment Check,High,Pending,"Perform detailed physical inspection within first 30 minutes of shift, log baseline values in ShiftSync."
TSK-1688,Night Shift B,Manufacturing,Conducted emergency spill response drill with incoming and outgoing crew in Warehouse Sector B. Log submitted to Safety Officer.,Safety & Compliance,High,Completed,"Audit verification log, ensure all corrective action items signed off by HSE officer."
TSK-1689,Day Shift A,Energy & Utilities,Submitted overtime authorization sheets for 4 operators to HR payroll inbox.,Administration,Low,Completed,"File documentation into record repository, confirm routine sign-off."
TSK-1690,Evening Shift,Energy & Utilities,Verify barcode scanner handhelds at packing stations 4 through 6 are docked on charging cradles.,Equipment Check,Medium,Pending,"Complete routine calibration, record deviations in system maintenance ledger."
TSK-1691,Night Shift A,Manufacturing,Smoke detector alarm triggered in ICU Ward 3. Fire suppression system engaged; fire marshals cleared building but electrical panel needs certified clearance.,Safety & Compliance,Critical,Pending,"Immediate escalation to safety supervisor, ensure area remains isolated, await hazardous response team."
TSK-1692,Day Shift A,Security & Facilities,Archived daily SCADA telemetry logs and backed up operational reports to secure cloud drive.,Administration,Low,Completed,"File documentation into record repository, confirm routine sign-off."
TSK-1693,Evening Shift,Energy & Utilities,Inspect boiler pressure valve on Line 1 after fluctuating readings between 75 and 92 PSI throughout afternoon run.,Equipment Check,High,Pending,"Perform detailed physical inspection within first 30 minutes of shift, log baseline values in ShiftSync."
TSK-1694,Night Shift A,Energy & Utilities,Smoke detector alarm triggered in Assembly Line 4. Fire suppression system engaged; fire marshals cleared building but electrical panel needs certified clearance.,Safety & Compliance,Critical,Pending,"Immediate escalation to safety supervisor, ensure area remains isolated, await hazardous response team."
TSK-1695,Day Shift A,Energy & Utilities,"Main hydraulic line ruptured on Centrifugal Pump P-204 causing immediate line halt. Oil contained with absorbent pads, replacement hose arriving from supplier.",Maintenance,Critical,In Progress,"Continuous monitoring of repair progress, ensure standby units ready, expedite technician parts dispatch."
TSK-1696,Night Shift A,Manufacturing,Updated shift logbook Section 3 and signed off attendance register for outgoing operators.,Administration,Low,Completed,"File documentation into record repository, confirm routine sign-off."
TSK-1697,Evening Shift,Healthcare,Sanitization of packaging line #4 underway following allergen product campaign run.,Operations,Medium,In Progress,"Continue production throughput tracking, ensure target quotas met before next handover."
TSK-1698,Day Shift B,Logistics & Warehousing,Filed completed maintenance work orders #WO-39255 into central physical records cabinet.,Administration,Low,Completed,"File documentation into record repository, confirm routine sign-off."
TSK-1699,Day Shift B,Security & Facilities,Restocked consumable packaging strapping rolls at end-of-line pallet wrapping machines.,Operations,Low,Completed,"Routine handover sign-off, verify area cleanliness and equipment shutdown."
TSK-1700,Night Shift B,Logistics & Warehousing,Inspect boiler pressure valve on Line 6 after fluctuating readings between 75 and 92 PSI throughout afternoon run.,Equipment Check,High,Pending,"Perform detailed physical inspection within first 30 minutes of shift, log baseline values in ShiftSync."
TSK-1701,Day Shift A,Energy & Utilities,Batch #57530 currently mixing in blending tank 1. Viscosity check scheduled at 20:30 by lab technician.,Operations,Medium,In Progress,"Continue production throughput tracking, ensure target quotas met before next handover."
TSK-1702,Night Shift B,Security & Facilities,Inspected fire extinguishers and emergency exit signs across Sector Delta; replaced 2 expired units in corridor B.,Safety & Compliance,High,Completed,"Audit verification log, ensure all corrective action items signed off by HSE officer."
TSK-1703,Night Shift A,Logistics & Warehousing,Sanitization of packaging line #2 underway following allergen product campaign run.,Operations,Medium,In Progress,"Continue production throughput tracking, ensure target quotas met before next handover."
TSK-1704,Night Shift B,Security & Facilities,"Loading freight container for shipment #86043; 14 of 24 pallets secured, remainder staged at dock 3.",Operations,Medium,In Progress,"Continue production throughput tracking, ensure target quotas met before next handover."
TSK-1705,Day Shift A,Logistics & Warehousing,Sorting returned retail parcels in processing bay 9. Sorting queue estimated at 45 minutes remaining.,Operations,Medium,In Progress,"Continue production throughput tracking, ensure target quotas met before next handover."
TSK-1706,Day Shift A,Manufacturing,Verified all peripheral office doors and warehouse delivery shutters locked at end of shift.,Operations,Low,Completed,"Routine handover sign-off, verify area cleanliness and equipment shutdown."
TSK-1707,Evening Shift,Manufacturing,Archived daily SCADA telemetry logs and backed up operational reports to secure cloud drive.,Administration,Low,Completed,"File documentation into record repository, confirm routine sign-off."
TSK-1708,Day Shift A,Manufacturing,Backup diesel generator coolant temperature reached 98C during weekly run test. Flushed radiator; thermostat needs replacement.,Maintenance,High,In Progress,"Supervise overhaul at scheduled shift window, verify vibration thresholds post-repair."
TSK-1709,Day Shift A,Manufacturing,"Completed production run on batch #84033 with 1,240 units processed and palletized for QC clearance.",Operations,Medium,Completed,"Continue production throughput tracking, ensure target quotas met before next handover."
TSK-1710,Day Shift B,Logistics & Warehousing,Primary refrigeration compressor in cold storage Chemical Storage Annex failed at 13:51. Temperature rising rapidly; urgent transfer of perishable stock required.,Maintenance,Critical,In Progress,"Continuous monitoring of repair progress, ensure standby units ready, expedite technician parts dispatch."
TSK-1711,Day Shift B,Logistics & Warehousing,Update whiteboard task allocation chart for tomorrow's scheduled maintenance outage.,Administration,Low,Pending,"File documentation into record repository, confirm routine sign-off."
TSK-1712,Night Shift B,Energy & Utilities,Inspect automated guided vehicle (AGV) docking rail #5 after two navigation tracking faults occurred during peak dispatch.,Equipment Check,High,Pending,"Perform detailed physical inspection within first 30 minutes of shift, log baseline values in ShiftSync."
TSK-1713,Evening Shift,Healthcare,Steam leak detected on flange joint upstream of Stamping Press SP-11. Area barricaded; pipefitters scheduled for gasket swap at 22:00.,Maintenance,High,In Progress,"Supervise overhaul at scheduled shift window, verify vibration thresholds post-repair."
TSK-1714,Day Shift B,Security & Facilities,Update whiteboard task allocation chart for tomorrow's scheduled maintenance outage.,Administration,Low,Pending,"File documentation into record repository, confirm routine sign-off."
TSK-1715,Day Shift A,Healthcare,Inspected fire extinguishers and emergency exit signs across Sector Delta; replaced 2 expired units in corridor B.,Safety & Compliance,High,Completed,"Audit verification log, ensure all corrective action items signed off by HSE officer."
TSK-1716,Day Shift B,Logistics & Warehousing,Verified all peripheral office doors and warehouse delivery shutters locked at end of shift.,Operations,Low,Completed,"Routine handover sign-off, verify area cleanliness and equipment shutdown."
TSK-1717,Day Shift B,Energy & Utilities,Inspected fire extinguishers and emergency exit signs across Sector Delta; replaced 2 expired units in corridor B.,Safety & Compliance,High,Completed,"Audit verification log, ensure all corrective action items signed off by HSE officer."
TSK-1718,Night Shift B,Manufacturing,Archived daily SCADA telemetry logs and backed up operational reports to secure cloud drive.,Administration,Low,Completed,"File documentation into record repository, confirm routine sign-off."
TSK-1719,Night Shift B,Healthcare,Main server room backup UPS inverter failed battery self-test during power flicker. Generator manually engaged; vendor ticket #CRIT-9585 open.,Maintenance,Critical,In Progress,"Continuous monitoring of repair progress, ensure standby units ready, expedite technician parts dispatch."
TSK-1720,Night Shift A,Healthcare,Print updated SOP revision 4.2 for hazardous material handling and clip to shift notice board.,Administration,Low,Pending,"File documentation into record repository, confirm routine sign-off."
TSK-1721,Evening Shift,Logistics & Warehousing,Offloaded 4 container trailers at loading bay 5. Received bill of lading and entered records into WMS.,Operations,Medium,Completed,"Continue production throughput tracking, ensure target quotas met before next handover."
TSK-1722,Night Shift B,Security & Facilities,Conveyor belt CV-6 in Substation East showing significant tear along edge. Temporary patch applied; needs full vulcanizing splice tonight.,Maintenance,High,In Progress,"Supervise overhaul at scheduled shift window, verify vibration thresholds post-repair."
TSK-1723,Evening Shift,Logistics & Warehousing,Handed over master locker keys and radio communication sets to incoming shift lead in briefing room.,Administration,Low,Completed,"File documentation into record repository, confirm routine sign-off."
TSK-1724,Day Shift B,Energy & Utilities,Major chemical spill reported in Chemical Storage Annex; evacuated personnel and awaiting specialized hazardous materials cleanup crew.,Safety & Compliance,Critical,Pending,"Immediate escalation to safety supervisor, ensure area remains isolated, await hazardous response team."
TSK-1725,Day Shift A,Healthcare,Emergency shutoff valve tripped automatically on Packaging Robot Arm R-3 due to severe pressure spike in Warehouse Sector B. Do not restart without supervisor sign-off.,Safety & Compliance,Critical,Pending,"Immediate escalation to safety supervisor, ensure area remains isolated, await hazardous response team."
TSK-1726,Evening Shift,Security & Facilities,Verify barcode scanner handhelds at packing stations 4 through 5 are docked on charging cradles.,Equipment Check,Medium,Pending,"Complete routine calibration, record deviations in system maintenance ledger."
TSK-1727,Night Shift B,Energy & Utilities,Perimeter security fence breached at Emergency Exit 4; police notified and security guards dispatched for sweep. Ongoing lockdown.,Safety & Compliance,Critical,Pending,"Immediate escalation to safety supervisor, ensure area remains isolated, await hazardous response team."
TSK-1728,Day Shift A,Logistics & Warehousing,Order replacement label printer ribbons and thermal paper rolls for dispatch desk 2.,Administration,Low,Pending,"File documentation into record repository, confirm routine sign-off."
TSK-1729,Day Shift A,Healthcare,Filed completed maintenance work orders #WO-35354 into central physical records cabinet.,Administration,Low,Completed,"File documentation into record repository, confirm routine sign-off."
TSK-1730,Day Shift A,Healthcare,Schedule quarterly vision and hearing screening appointments for 6 plant technicians with clinic.,Administration,Low,Pending,"File documentation into record repository, confirm routine sign-off."
TSK-1731,Night Shift B,Logistics & Warehousing,Order replacement label printer ribbons and thermal paper rolls for dispatch desk 2.,Administration,Low,Pending,"File documentation into record repository, confirm routine sign-off."
TSK-1732,Evening Shift,Logistics & Warehousing,Check hydraulic fluid level and top up ISO VG 46 reservoir on stamping press PRS-3 before morning production.,Equipment Check,Medium,Pending,"Complete routine calibration, record deviations in system maintenance ledger."
TSK-1733,Night Shift B,Security & Facilities,Offloaded 4 container trailers at loading bay 3. Received bill of lading and entered records into WMS.,Operations,Medium,Completed,"Continue production throughput tracking, ensure target quotas met before next handover."
TSK-1734,Day Shift A,Manufacturing,Turned off non-essential bay lighting and conveyor idling drives in storage yard Y-North.,Operations,Low,Completed,"Routine handover sign-off, verify area cleanliness and equipment shutdown."
TSK-1735,Day Shift A,Logistics & Warehousing,Verify operational readiness of emergency eyewash and deluge shower stations throughout chemical handling zone Zone-D.,Equipment Check,High,Pending,"Perform detailed physical inspection within first 30 minutes of shift, log baseline values in ShiftSync."
TSK-1736,Day Shift B,Logistics & Warehousing,Swept and mopped gangways in packing hall H-B at conclusion of packaging run.,Operations,Low,Completed,"Routine handover sign-off, verify area cleanliness and equipment shutdown."
TSK-1737,Night Shift A,Healthcare,Restock PPE supply locker in locker room B with size L nitrile gloves and safety glasses.,Administration,Low,Pending,"File documentation into record repository, confirm routine sign-off."
TSK-1738,Night Shift B,Energy & Utilities,Primary refrigeration compressor in cold storage Packaging Bay 1 failed at 12:19. Temperature rising rapidly; urgent transfer of perishable stock required.,Maintenance,Critical,In Progress,"Continuous monitoring of repair progress, ensure standby units ready, expedite technician parts dispatch."
TSK-1739,Day Shift B,Security & Facilities,Disposed of general packaging cardboard waste into compactor unit #2.,Operations,Low,Completed,"Routine handover sign-off, verify area cleanliness and equipment shutdown."
TSK-1740,Night Shift A,Energy & Utilities,Inspected fire extinguishers and emergency exit signs across Sector Beta; replaced 2 expired units in corridor B.,Safety & Compliance,High,Completed,"Audit verification log, ensure all corrective action items signed off by HSE officer."
TSK-1741,Day Shift A,Healthcare,"Completed production run on batch #81142 with 1,240 units processed and palletized for QC clearance.",Operations,Medium,Completed,"Continue production throughput tracking, ensure target quotas met before next handover."
TSK-1742,Evening Shift,Healthcare,Offloaded 4 container trailers at loading bay 7. Received bill of lading and entered records into WMS.,Operations,Medium,Completed,"Continue production throughput tracking, ensure target quotas met before next handover."
TSK-1743,Night Shift A,Logistics & Warehousing,Check hydraulic fluid level and top up ISO VG 46 reservoir on stamping press PRS-4 before morning production.,Equipment Check,Medium,Pending,"Complete routine calibration, record deviations in system maintenance ledger."
TSK-1744,Day Shift A,Healthcare,Turned off non-essential bay lighting and conveyor idling drives in storage yard Y-North.,Operations,Low,Completed,"Routine handover sign-off, verify area cleanliness and equipment shutdown."
TSK-1745,Day Shift B,Manufacturing,Smoke detector alarm triggered in HVAC Plant Deck. Fire suppression system engaged; fire marshals cleared building but electrical panel needs certified clearance.,Safety & Compliance,Critical,Pending,"Immediate escalation to safety supervisor, ensure area remains isolated, await hazardous response team."
TSK-1746,Night Shift A,Security & Facilities,Verified all peripheral office doors and warehouse delivery shutters locked at end of shift.,Operations,Low,Completed,"Routine handover sign-off, verify area cleanliness and equipment shutdown."
TSK-1747,Night Shift B,Logistics & Warehousing,Verified all peripheral office doors and warehouse delivery shutters locked at end of shift.,Operations,Low,Completed,"Routine handover sign-off, verify area cleanliness and equipment shutdown."
TSK-1748,Evening Shift,Manufacturing,Verify operational readiness of emergency eyewash and deluge shower stations throughout chemical handling zone Zone-A.,Equipment Check,High,Pending,"Perform detailed physical inspection within first 30 minutes of shift, log baseline values in ShiftSync."
TSK-1749,Day Shift B,Healthcare,Backup diesel generator coolant temperature reached 98C during weekly run test. Flushed radiator; thermostat needs replacement.,Maintenance,High,In Progress,"Supervise overhaul at scheduled shift window, verify vibration thresholds post-repair."
TSK-1750,Evening Shift,Manufacturing,Ammonia gas leakage sensor threshold exceeded at Boiler Room 3. Evacuation protocol executed; ventilation fans running on emergency backup.,Safety & Compliance,Critical,Pending,"Immediate escalation to safety supervisor, ensure area remains isolated, await hazardous response team."
TSK-1751,Evening Shift,Manufacturing,Filed completed maintenance work orders #WO-17468 into central physical records cabinet.,Administration,Low,Completed,"File documentation into record repository, confirm routine sign-off."
TSK-1752,Night Shift A,Security & Facilities,Hydraulic seal leaking on forklift FL-10. Parked in maintenance bay; replacement o-rings ordered from central stores.,Maintenance,High,In Progress,"Supervise overhaul at scheduled shift window, verify vibration thresholds post-repair."
TSK-1753,Day Shift A,Security & Facilities,"Patient in ICU Bed 106 experienced sudden cardiac arrest, successfully stabilized on ventilator; critical observation required for next 4 hours.",Safety & Compliance,Critical,Pending,"Immediate escalation to safety supervisor, ensure area remains isolated, await hazardous response team."
TSK-1754,Day Shift A,Security & Facilities,Check belt tension and motor alignment on exhaust fan #7 on rooftop HVAC deck.,Equipment Check,Medium,Pending,"Complete routine calibration, record deviations in system maintenance ledger."
TSK-1755,Night Shift B,Manufacturing,Offloaded 4 container trailers at loading bay 7. Received bill of lading and entered records into WMS.,Operations,Medium,Completed,"Continue production throughput tracking, ensure target quotas met before next handover."
TSK-1756,Night Shift B,Manufacturing,Sorting returned retail parcels in processing bay 9. Sorting queue estimated at 45 minutes remaining.,Operations,Medium,In Progress,"Continue production throughput tracking, ensure target quotas met before next handover."
TSK-1757,Day Shift A,Security & Facilities,Disposed of general packaging cardboard waste into compactor unit #2.,Operations,Low,Completed,"Routine handover sign-off, verify area cleanliness and equipment shutdown."
TSK-1758,Night Shift B,Energy & Utilities,Vibration analysis on Forklift FL-08 indicates severe bearing wear. Speed derated to 60% to prevent total failure before overhaul.,Maintenance,High,In Progress,"Supervise overhaul at scheduled shift window, verify vibration thresholds post-repair."
TSK-1759,Night Shift A,Healthcare,Perform zero-point calibration on digital weighing scales at packaging station 9.,Equipment Check,Medium,Pending,"Complete routine calibration, record deviations in system maintenance ledger."
TSK-1760,Night Shift B,Healthcare,Vibration analysis on Forklift FL-08 indicates severe bearing wear. Speed derated to 60% to prevent total failure before overhaul.,Maintenance,High,In Progress,"Supervise overhaul at scheduled shift window, verify vibration thresholds post-repair."
TSK-1761,Day Shift B,Energy & Utilities,Major chemical spill reported in Substation East; evacuated personnel and awaiting specialized hazardous materials cleanup crew.,Safety & Compliance,Critical,Pending,"Immediate escalation to safety supervisor, ensure area remains isolated, await hazardous response team."
TSK-1762,Night Shift B,Healthcare,"Main hydraulic line ruptured on Stamping Press SP-11 causing immediate line halt. Oil contained with absorbent pads, replacement hose arriving from supplier.",Maintenance,Critical,In Progress,"Continuous monitoring of repair progress, ensure standby units ready, expedite technician parts dispatch."
TSK-1763,Day Shift B,Security & Facilities,Restocked consumable packaging strapping rolls at end-of-line pallet wrapping machines.,Operations,Low,Completed,"Routine handover sign-off, verify area cleanliness and equipment shutdown."
TSK-1764,Evening Shift,Healthcare,Hydraulic seal leaking on forklift FL-14. Parked in maintenance bay; replacement o-rings ordered from central stores.,Maintenance,High,In Progress,"Supervise overhaul at scheduled shift window, verify vibration thresholds post-repair."
TSK-1765,Day Shift B,Logistics & Warehousing,Oxygen supply manifold pressure dropped to 35 PSI in Ward 6. Switched to emergency cylinder bank; biomed engineer en route.,Maintenance,Critical,In Progress,"Continuous monitoring of repair progress, ensure standby units ready, expedite technician parts dispatch."
TSK-1766,Night Shift A,Healthcare,Order replacement label printer ribbons and thermal paper rolls for dispatch desk 5.,Administration,Low,Pending,"File documentation into record repository, confirm routine sign-off."
TSK-1767,Day Shift A,Energy & Utilities,Data reconciliation in progress between ERP inventory count and physical warehouse bins in zone Zone-C.,Operations,Medium,In Progress,"Continue production throughput tracking, ensure target quotas met before next handover."
TSK-1768,Day Shift A,Manufacturing,Perform zero-point calibration on digital weighing scales at packaging station 8.,Equipment Check,Medium,Pending,"Complete routine calibration, record deviations in system maintenance ledger."
TSK-1769,Evening Shift,Manufacturing,Vibration analysis on Chiller Unit CH-02 indicates severe bearing wear. Speed derated to 60% to prevent total failure before overhaul.,Maintenance,High,In Progress,"Supervise overhaul at scheduled shift window, verify vibration thresholds post-repair."
TSK-1770,Evening Shift,Energy & Utilities,Emergency shutoff valve tripped automatically on Boiler #2 due to severe pressure spike in Cold Storage Room 2. Do not restart without supervisor sign-off.,Safety & Compliance,Critical,Pending,"Immediate escalation to safety supervisor, ensure area remains isolated, await hazardous response team."
TSK-1771,Day Shift B,Security & Facilities,Swept and mopped gangways in packing hall H-A at conclusion of packaging run.,Operations,Low,Completed,"Routine handover sign-off, verify area cleanliness and equipment shutdown."
TSK-1772,Day Shift A,Healthcare,"Patient in ICU Bed 138 experienced sudden cardiac arrest, successfully stabilized on ventilator; critical observation required for next 4 hours.",Safety & Compliance,Critical,Pending,"Immediate escalation to safety supervisor, ensure area remains isolated, await hazardous response team."
TSK-1773,Night Shift B,Security & Facilities,Sanitization of packaging line #5 underway following allergen product campaign run.,Operations,Medium,In Progress,"Continue production throughput tracking, ensure target quotas met before next handover."
TSK-1774,Night Shift A,Energy & Utilities,"Main hydraulic line ruptured on Conveyor Belt C-12 causing immediate line halt. Oil contained with absorbent pads, replacement hose arriving from supplier.",Maintenance,Critical,In Progress,"Continuous monitoring of repair progress, ensure standby units ready, expedite technician parts dispatch."
TSK-1775,Night Shift B,Manufacturing,Verify operational readiness of emergency eyewash and deluge shower stations throughout chemical handling zone Zone-B.,Equipment Check,High,Pending,"Perform detailed physical inspection within first 30 minutes of shift, log baseline values in ShiftSync."
TSK-1776,Evening Shift,Manufacturing,Submitted overtime authorization sheets for 4 operators to HR payroll inbox.,Administration,Low,Completed,"File documentation into record repository, confirm routine sign-off."
TSK-1777,Day Shift B,Energy & Utilities,Handed over master locker keys and radio communication sets to incoming shift lead in briefing room.,Administration,Low,Completed,"File documentation into record repository, confirm routine sign-off."
TSK-1778,Evening Shift,Manufacturing,Update whiteboard task allocation chart for tomorrow's scheduled maintenance outage.,Administration,Low,Pending,"File documentation into record repository, confirm routine sign-off."
TSK-1779,Night Shift A,Security & Facilities,Verify operational readiness of emergency eyewash and deluge shower stations throughout chemical handling zone Zone-A.,Equipment Check,High,Pending,"Perform detailed physical inspection within first 30 minutes of shift, log baseline values in ShiftSync."
TSK-1780,Day Shift B,Logistics & Warehousing,Batch #66921 currently mixing in blending tank 2. Viscosity check scheduled at 20:30 by lab technician.,Operations,Medium,In Progress,"Continue production throughput tracking, ensure target quotas met before next handover."
TSK-1781,Evening Shift,Energy & Utilities,Smoke detector alarm triggered in Boiler Room 3. Fire suppression system engaged; fire marshals cleared building but electrical panel needs certified clearance.,Safety & Compliance,Critical,Pending,"Immediate escalation to safety supervisor, ensure area remains isolated, await hazardous response team."
TSK-1782,Night Shift B,Manufacturing,Inspect boiler pressure valve on Line 6 after fluctuating readings between 75 and 92 PSI throughout afternoon run.,Equipment Check,High,Pending,"Perform detailed physical inspection within first 30 minutes of shift, log baseline values in ShiftSync."
TSK-1783,Night Shift A,Healthcare,Processed shift transfer of 814 sanitized linen bundles from laundry facility to surgical wards.,Operations,Medium,Completed,"Continue production throughput tracking, ensure target quotas met before next handover."
TSK-1784,Night Shift A,Manufacturing,Update whiteboard task allocation chart for tomorrow's scheduled maintenance outage.,Administration,Low,Pending,"File documentation into record repository, confirm routine sign-off."
TSK-1785,Day Shift A,Security & Facilities,Sanitization of packaging line #2 underway following allergen product campaign run.,Operations,Medium,In Progress,"Continue production throughput tracking, ensure target quotas met before next handover."
TSK-1786,Day Shift B,Energy & Utilities,Inspected fire extinguishers and emergency exit signs across Sector Gamma; replaced 2 expired units in corridor B.,Safety & Compliance,High,Completed,"Audit verification log, ensure all corrective action items signed off by HSE officer."
TSK-1787,Day Shift A,Logistics & Warehousing,Archived daily SCADA telemetry logs and backed up operational reports to secure cloud drive.,Administration,Low,Completed,"File documentation into record repository, confirm routine sign-off."
TSK-1788,Night Shift B,Energy & Utilities,Sanitization of packaging line #4 underway following allergen product campaign run.,Operations,Medium,In Progress,"Continue production throughput tracking, ensure target quotas met before next handover."
TSK-1789,Day Shift B,Security & Facilities,Verify operational readiness of emergency eyewash and deluge shower stations throughout chemical handling zone Zone-D.,Equipment Check,High,Pending,"Perform detailed physical inspection within first 30 minutes of shift, log baseline values in ShiftSync."
TSK-1790,Day Shift B,Manufacturing,Updated shift logbook Section 1 and signed off attendance register for outgoing operators.,Administration,Low,Completed,"File documentation into record repository, confirm routine sign-off."
TSK-1791,Night Shift B,Healthcare,Verify operational readiness of emergency eyewash and deluge shower stations throughout chemical handling zone Zone-B.,Equipment Check,High,Pending,"Perform detailed physical inspection within first 30 minutes of shift, log baseline values in ShiftSync."
TSK-1792,Night Shift B,Security & Facilities,Verified all peripheral office doors and warehouse delivery shutters locked at end of shift.,Operations,Low,Completed,"Routine handover sign-off, verify area cleanliness and equipment shutdown."
TSK-1793,Evening Shift,Healthcare,Data reconciliation in progress between ERP inventory count and physical warehouse bins in zone Zone-C.,Operations,Medium,In Progress,"Continue production throughput tracking, ensure target quotas met before next handover."
TSK-1794,Evening Shift,Energy & Utilities,Check emergency battery banks in electrical substation SS-2 before oncoming night shift.,Equipment Check,High,Pending,"Perform detailed physical inspection within first 30 minutes of shift, log baseline values in ShiftSync."
TSK-1795,Day Shift B,Logistics & Warehousing,Schedule quarterly vision and hearing screening appointments for 6 plant technicians with clinic.,Administration,Low,Pending,"File documentation into record repository, confirm routine sign-off."
TSK-1796,Night Shift B,Manufacturing,Sorting returned retail parcels in processing bay 1. Sorting queue estimated at 45 minutes remaining.,Operations,Medium,In Progress,"Continue production throughput tracking, ensure target quotas met before next handover."
TSK-1797,Night Shift B,Security & Facilities,Completed mandatory pre-shift gas testing for oxygen deficiency and LEL in confined space tank #5. Safe to enter.,Safety & Compliance,High,Completed,"Audit verification log, ensure all corrective action items signed off by HSE officer."
TSK-1798,Day Shift A,Healthcare,Completed mandatory pre-shift gas testing for oxygen deficiency and LEL in confined space tank #7. Safe to enter.,Safety & Compliance,High,Completed,"Audit verification log, ensure all corrective action items signed off by HSE officer."
TSK-1799,Evening Shift,Security & Facilities,Archived daily SCADA telemetry logs and backed up operational reports to secure cloud drive.,Administration,Low,Completed,"File documentation into record repository, confirm routine sign-off."
TSK-1800,Day Shift A,Manufacturing,Inspect boiler pressure valve on Line 1 after fluctuating readings between 75 and 92 PSI throughout afternoon run.,Equipment Check,High,Pending,"Perform detailed physical inspection within first 30 minutes of shift, log baseline values in ShiftSync."
TSK-1801,Night Shift B,Security & Facilities,Perimeter security fence breached at Emergency Exit 4; police notified and security guards dispatched for sweep. Ongoing lockdown.,Safety & Compliance,Critical,Pending,"Immediate escalation to safety supervisor, ensure area remains isolated, await hazardous response team."
TSK-1802,Day Shift B,Logistics & Warehousing,Print updated SOP revision 4.2 for hazardous material handling and clip to shift notice board.,Administration,Low,Pending,"File documentation into record repository, confirm routine sign-off."
TSK-1803,Evening Shift,Security & Facilities,Perform zero-point calibration on digital weighing scales at packaging station 5.,Equipment Check,Medium,Pending,"Complete routine calibration, record deviations in system maintenance ledger."
TSK-1804,Day Shift B,Healthcare,Perimeter security fence breached at North Perimeter Gate; police notified and security guards dispatched for sweep. Ongoing lockdown.,Safety & Compliance,Critical,Pending,"Immediate escalation to safety supervisor, ensure area remains isolated, await hazardous response team."
TSK-1805,Night Shift A,Energy & Utilities,Handed over master locker keys and radio communication sets to incoming shift lead in briefing room.,Administration,Low,Completed,"File documentation into record repository, confirm routine sign-off."
TSK-1806,Evening Shift,Security & Facilities,Restock PPE supply locker in locker room B with size L nitrile gloves and safety glasses.,Administration,Low,Pending,"File documentation into record repository, confirm routine sign-off."
TSK-1807,Day Shift A,Energy & Utilities,Turned off non-essential bay lighting and conveyor idling drives in storage yard Y-West.,Operations,Low,Completed,"Routine handover sign-off, verify area cleanliness and equipment shutdown."
TSK-1808,Night Shift B,Security & Facilities,Sorting returned retail parcels in processing bay 6. Sorting queue estimated at 45 minutes remaining.,Operations,Medium,In Progress,"Continue production throughput tracking, ensure target quotas met before next handover."
TSK-1809,Night Shift A,Energy & Utilities,"Completed production run on batch #54714 with 1,240 units processed and palletized for QC clearance.",Operations,Medium,Completed,"Continue production throughput tracking, ensure target quotas met before next handover."
TSK-1810,Evening Shift,Security & Facilities,Perform zero-point calibration on digital weighing scales at packaging station 4.,Equipment Check,Medium,Pending,"Complete routine calibration, record deviations in system maintenance ledger."
TSK-1811,Evening Shift,Logistics & Warehousing,Sanitization of packaging line #4 underway following allergen product campaign run.,Operations,Medium,In Progress,"Continue production throughput tracking, ensure target quotas met before next handover."
TSK-1812,Day Shift A,Security & Facilities,Sanitization of packaging line #5 underway following allergen product campaign run.,Operations,Medium,In Progress,"Continue production throughput tracking, ensure target quotas met before next handover."
TSK-1813,Night Shift B,Logistics & Warehousing,Handed over master locker keys and radio communication sets to incoming shift lead in briefing room.,Administration,Low,Completed,"File documentation into record repository, confirm routine sign-off."
TSK-1814,Night Shift B,Security & Facilities,Print updated SOP revision 4.2 for hazardous material handling and clip to shift notice board.,Administration,Low,Pending,"File documentation into record repository, confirm routine sign-off."
TSK-1815,Night Shift A,Security & Facilities,"Main cooling water pump P-92 bearing seized, causing engine overheating. Replacement pump offline; technician currently rebuilding motor.",Maintenance,Critical,In Progress,"Continuous monitoring of repair progress, ensure standby units ready, expedite technician parts dispatch."
TSK-1816,Night Shift A,Security & Facilities,Inspect automated guided vehicle (AGV) docking rail #8 after two navigation tracking faults occurred during peak dispatch.,Equipment Check,High,Pending,"Perform detailed physical inspection within first 30 minutes of shift, log baseline values in ShiftSync."
TSK-1817,Day Shift A,Manufacturing,High voltage arc flash occurred on Forklift FL-08 circuit breaker in Warehouse Sector B. Lockout/Tagout (LOTO) active; electrician dispatch required immediately.,Safety & Compliance,Critical,Pending,"Immediate escalation to safety supervisor, ensure area remains isolated, await hazardous response team."
TSK-1818,Day Shift B,Security & Facilities,Main server room backup UPS inverter failed battery self-test during power flicker. Generator manually engaged; vendor ticket #CRIT-7590 open.,Maintenance,Critical,In Progress,"Continuous monitoring of repair progress, ensure standby units ready, expedite technician parts dispatch."
TSK-1819,Day Shift B,Logistics & Warehousing,Perform zero-point calibration on digital weighing scales at packaging station 1.,Equipment Check,Medium,Pending,"Complete routine calibration, record deviations in system maintenance ledger."
TSK-1820,Night Shift B,Energy & Utilities,Verify barcode scanner handhelds at packing stations 4 through 7 are docked on charging cradles.,Equipment Check,Medium,Pending,"Complete routine calibration, record deviations in system maintenance ledger."
TSK-1821,Evening Shift,Logistics & Warehousing,"Main cooling water pump P-19 bearing seized, causing engine overheating. Replacement pump offline; technician currently rebuilding motor.",Maintenance,Critical,In Progress,"Continuous monitoring of repair progress, ensure standby units ready, expedite technician parts dispatch."
TSK-1822,Day Shift B,Healthcare,Primary refrigeration compressor in cold storage ICU Ward 3 failed at 10:23. Temperature rising rapidly; urgent transfer of perishable stock required.,Maintenance,Critical,In Progress,"Continuous monitoring of repair progress, ensure standby units ready, expedite technician parts dispatch."
TSK-1823,Night Shift B,Healthcare,Finished routine inventory cycle count for high-value components in bin rack R-63; variance reconciled within 0.2%.,Operations,Medium,Completed,"Continue production throughput tracking, ensure target quotas met before next handover."
TSK-1824,Night Shift A,Energy & Utilities,Main server room backup UPS inverter failed battery self-test during power flicker. Generator manually engaged; vendor ticket #CRIT-4404 open.,Maintenance,Critical,In Progress,"Continuous monitoring of repair progress, ensure standby units ready, expedite technician parts dispatch."
TSK-1825,Day Shift B,Logistics & Warehousing,Structural crack observed on support beam near Warehouse Sector B. Immediate structural engineering inspection ordered; access restricted.,Safety & Compliance,Critical,Pending,"Immediate escalation to safety supervisor, ensure area remains isolated, await hazardous response team."
TSK-1826,Night Shift B,Energy & Utilities,Backup diesel generator coolant temperature reached 98C during weekly run test. Flushed radiator; thermostat needs replacement.,Maintenance,High,In Progress,"Supervise overhaul at scheduled shift window, verify vibration thresholds post-repair."
TSK-1827,Night Shift A,Manufacturing,Check emergency battery banks in electrical substation SS-3 before oncoming night shift.,Equipment Check,High,Pending,"Perform detailed physical inspection within first 30 minutes of shift, log baseline values in ShiftSync."
TSK-1828,Evening Shift,Security & Facilities,Steam leak detected on flange joint upstream of Centrifugal Pump P-204. Area barricaded; pipefitters scheduled for gasket swap at 22:00.,Maintenance,High,In Progress,"Supervise overhaul at scheduled shift window, verify vibration thresholds post-repair."
TSK-1829,Day Shift B,Security & Facilities,Disposed of general packaging cardboard waste into compactor unit #2.,Operations,Low,Completed,"Routine handover sign-off, verify area cleanliness and equipment shutdown."
TSK-1830,Evening Shift,Energy & Utilities,Structural crack observed on support beam near Packaging Bay 1. Immediate structural engineering inspection ordered; access restricted.,Safety & Compliance,Critical,Pending,"Immediate escalation to safety supervisor, ensure area remains isolated, await hazardous response team."
TSK-1831,Night Shift B,Manufacturing,Completed mandatory pre-shift gas testing for oxygen deficiency and LEL in confined space tank #10. Safe to enter.,Safety & Compliance,High,Completed,"Audit verification log, ensure all corrective action items signed off by HSE officer."
TSK-1832,Evening Shift,Logistics & Warehousing,Swept and mopped gangways in packing hall H-A at conclusion of packaging run.,Operations,Low,Completed,"Routine handover sign-off, verify area cleanliness and equipment shutdown."
TSK-1833,Evening Shift,Manufacturing,Inspect boiler pressure valve on Line 2 after fluctuating readings between 75 and 92 PSI throughout afternoon run.,Equipment Check,High,Pending,"Perform detailed physical inspection within first 30 minutes of shift, log baseline values in ShiftSync."
TSK-1834,Day Shift A,Energy & Utilities,Inspected fire extinguishers and emergency exit signs across Sector Delta; replaced 2 expired units in corridor B.,Safety & Compliance,High,Completed,"Audit verification log, ensure all corrective action items signed off by HSE officer."
TSK-1835,Day Shift A,Security & Facilities,Dispatched scheduled freight cargo to regional hub via transport route RT-342 without dispatch delays.,Operations,Medium,Completed,"Continue production throughput tracking, ensure target quotas met before next handover."
TSK-1836,Night Shift A,Manufacturing,Major chemical spill reported in Loading Dock 7; evacuated personnel and awaiting specialized hazardous materials cleanup crew.,Safety & Compliance,Critical,Pending,"Immediate escalation to safety supervisor, ensure area remains isolated, await hazardous response team."
TSK-1837,Evening Shift,Healthcare,"Main hydraulic line ruptured on Chiller Unit CH-02 causing immediate line halt. Oil contained with absorbent pads, replacement hose arriving from supplier.",Maintenance,Critical,In Progress,"Continuous monitoring of repair progress, ensure standby units ready, expedite technician parts dispatch."
TSK-1838,Night Shift A,Healthcare,Recalibrate flow meters on chemical metering pump P-94 following high concentration error alert on batch #80166.,Equipment Check,High,Pending,"Perform detailed physical inspection within first 30 minutes of shift, log baseline values in ShiftSync."
TSK-1839,Day Shift B,Logistics & Warehousing,Recalibrate flow meters on chemical metering pump P-83 following high concentration error alert on batch #60585.,Equipment Check,High,Pending,"Perform detailed physical inspection within first 30 minutes of shift, log baseline values in ShiftSync."
TSK-1840,Night Shift A,Security & Facilities,Archived daily SCADA telemetry logs and backed up operational reports to secure cloud drive.,Administration,Low,Completed,"File documentation into record repository, confirm routine sign-off."
TSK-1841,Day Shift B,Security & Facilities,"Main hydraulic line ruptured on Packaging Robot Arm R-3 causing immediate line halt. Oil contained with absorbent pads, replacement hose arriving from supplier.",Maintenance,Critical,In Progress,"Continuous monitoring of repair progress, ensure standby units ready, expedite technician parts dispatch."
TSK-1842,Day Shift A,Manufacturing,Batch #99838 currently mixing in blending tank 6. Viscosity check scheduled at 20:30 by lab technician.,Operations,Medium,In Progress,"Continue production throughput tracking, ensure target quotas met before next handover."
TSK-1843,Day Shift B,Healthcare,Filed completed maintenance work orders #WO-36390 into central physical records cabinet.,Administration,Low,Completed,"File documentation into record repository, confirm routine sign-off."
TSK-1844,Evening Shift,Healthcare,Update whiteboard task allocation chart for tomorrow's scheduled maintenance outage.,Administration,Low,Pending,"File documentation into record repository, confirm routine sign-off."
TSK-1845,Night Shift A,Manufacturing,Inspected fire extinguishers and emergency exit signs across Sector Beta; replaced 2 expired units in corridor B.,Safety & Compliance,High,Completed,"Audit verification log, ensure all corrective action items signed off by HSE officer."
TSK-1846,Night Shift A,Manufacturing,Conveyor belt CV-8 in Chemical Storage Annex showing significant tear along edge. Temporary patch applied; needs full vulcanizing splice tonight.,Maintenance,High,In Progress,"Supervise overhaul at scheduled shift window, verify vibration thresholds post-repair."
TSK-1847,Night Shift A,Security & Facilities,Inspected fire extinguishers and emergency exit signs across Sector Alpha; replaced 2 expired units in corridor B.,Safety & Compliance,High,Completed,"Audit verification log, ensure all corrective action items signed off by HSE officer."
TSK-1848,Evening Shift,Security & Facilities,Main server room backup UPS inverter failed battery self-test during power flicker. Generator manually engaged; vendor ticket #CRIT-7355 open.,Maintenance,Critical,In Progress,"Continuous monitoring of repair progress, ensure standby units ready, expedite technician parts dispatch."
TSK-1849,Evening Shift,Manufacturing,Check hydraulic fluid level and top up ISO VG 46 reservoir on stamping press PRS-4 before morning production.,Equipment Check,Medium,Pending,"Complete routine calibration, record deviations in system maintenance ledger."
TSK-1850,Night Shift A,Manufacturing,Data reconciliation in progress between ERP inventory count and physical warehouse bins in zone Zone-D.,Operations,Medium,In Progress,"Continue production throughput tracking, ensure target quotas met before next handover."
TSK-1851,Night Shift A,Manufacturing,Verify barcode scanner handhelds at packing stations 4 through 8 are docked on charging cradles.,Equipment Check,Medium,Pending,"Complete routine calibration, record deviations in system maintenance ledger."
TSK-1852,Night Shift B,Security & Facilities,Filed completed maintenance work orders #WO-24019 into central physical records cabinet.,Administration,Low,Completed,"File documentation into record repository, confirm routine sign-off."
TSK-1853,Day Shift A,Energy & Utilities,Inspect boiler pressure valve on Line 4 after fluctuating readings between 75 and 92 PSI throughout afternoon run.,Equipment Check,High,Pending,"Perform detailed physical inspection within first 30 minutes of shift, log baseline values in ShiftSync."
TSK-1854,Day Shift A,Security & Facilities,Update whiteboard task allocation chart for tomorrow's scheduled maintenance outage.,Administration,Low,Pending,"File documentation into record repository, confirm routine sign-off."
TSK-1855,Night Shift B,Manufacturing,Update whiteboard task allocation chart for tomorrow's scheduled maintenance outage.,Administration,Low,Pending,"File documentation into record repository, confirm routine sign-off."
TSK-1856,Evening Shift,Logistics & Warehousing,Steam leak detected on flange joint upstream of Stamping Press SP-11. Area barricaded; pipefitters scheduled for gasket swap at 22:00.,Maintenance,High,In Progress,"Supervise overhaul at scheduled shift window, verify vibration thresholds post-repair."
TSK-1857,Evening Shift,Healthcare,Filed completed maintenance work orders #WO-48480 into central physical records cabinet.,Administration,Low,Completed,"File documentation into record repository, confirm routine sign-off."
TSK-1858,Day Shift A,Manufacturing,Turned off non-essential bay lighting and conveyor idling drives in storage yard Y-West.,Operations,Low,Completed,"Routine handover sign-off, verify area cleanliness and equipment shutdown."
TSK-1859,Night Shift A,Security & Facilities,Updated shift logbook Section 1 and signed off attendance register for outgoing operators.,Administration,Low,Completed,"File documentation into record repository, confirm routine sign-off."
TSK-1860,Night Shift B,Logistics & Warehousing,Investigated near-miss incident involving pallet jack collision in aisle 9. Statement recorded and forwarded to HSE.,Safety & Compliance,High,Completed,"Audit verification log, ensure all corrective action items signed off by HSE officer."
TSK-1861,Day Shift A,Logistics & Warehousing,"Main cooling water pump P-64 bearing seized, causing engine overheating. Replacement pump offline; technician currently rebuilding motor.",Maintenance,Critical,In Progress,"Continuous monitoring of repair progress, ensure standby units ready, expedite technician parts dispatch."
TSK-1862,Day Shift A,Security & Facilities,Inspect air compressor intake air filters in plant room PR-3 for dust saturation.,Equipment Check,Medium,Pending,"Complete routine calibration, record deviations in system maintenance ledger."
TSK-1863,Night Shift A,Healthcare,Oxygen supply manifold pressure dropped to 35 PSI in Ward 3. Switched to emergency cylinder bank; biomed engineer en route.,Maintenance,Critical,In Progress,"Continuous monitoring of repair progress, ensure standby units ready, expedite technician parts dispatch."
TSK-1864,Evening Shift,Security & Facilities,Major chemical spill reported in Chemical Storage Annex; evacuated personnel and awaiting specialized hazardous materials cleanup crew.,Safety & Compliance,Critical,Pending,"Immediate escalation to safety supervisor, ensure area remains isolated, await hazardous response team."
TSK-1865,Night Shift A,Logistics & Warehousing,Swept and mopped gangways in packing hall H-C at conclusion of packaging run.,Operations,Low,Completed,"Routine handover sign-off, verify area cleanliness and equipment shutdown."
TSK-1866,Day Shift B,Security & Facilities,Sorting returned retail parcels in processing bay 8. Sorting queue estimated at 45 minutes remaining.,Operations,Medium,In Progress,"Continue production throughput tracking, ensure target quotas met before next handover."
TSK-1867,Day Shift A,Manufacturing,Major chemical spill reported in Warehouse Sector B; evacuated personnel and awaiting specialized hazardous materials cleanup crew.,Safety & Compliance,Critical,Pending,"Immediate escalation to safety supervisor, ensure area remains isolated, await hazardous response team."
TSK-1868,Day Shift B,Manufacturing,Investigated near-miss incident involving pallet jack collision in aisle 25. Statement recorded and forwarded to HSE.,Safety & Compliance,High,Completed,"Audit verification log, ensure all corrective action items signed off by HSE officer."
TSK-1869,Day Shift A,Healthcare,Conveyor belt CV-6 in ICU Ward 3 showing significant tear along edge. Temporary patch applied; needs full vulcanizing splice tonight.,Maintenance,High,In Progress,"Supervise overhaul at scheduled shift window, verify vibration thresholds post-repair."
TSK-1870,Evening Shift,Energy & Utilities,Data reconciliation in progress between ERP inventory count and physical warehouse bins in zone Zone-C.,Operations,Medium,In Progress,"Continue production throughput tracking, ensure target quotas met before next handover."
TSK-1871,Night Shift B,Manufacturing,"Patient in ICU Bed 131 experienced sudden cardiac arrest, successfully stabilized on ventilator; critical observation required for next 4 hours.",Safety & Compliance,Critical,Pending,"Immediate escalation to safety supervisor, ensure area remains isolated, await hazardous response team."
TSK-1872,Day Shift B,Security & Facilities,Recalibrate flow meters on chemical metering pump P-19 following high concentration error alert on batch #90581.,Equipment Check,High,Pending,"Perform detailed physical inspection within first 30 minutes of shift, log baseline values in ShiftSync."
TSK-1873,Day Shift A,Security & Facilities,Check hydraulic fluid level and top up ISO VG 46 reservoir on stamping press PRS-1 before morning production.,Equipment Check,Medium,Pending,"Complete routine calibration, record deviations in system maintenance ledger."
TSK-1874,Day Shift B,Security & Facilities,Turned off non-essential bay lighting and conveyor idling drives in storage yard Y-South.,Operations,Low,Completed,"Routine handover sign-off, verify area cleanliness and equipment shutdown."
TSK-1875,Day Shift B,Manufacturing,"Completed production run on batch #57525 with 1,240 units processed and palletized for QC clearance.",Operations,Medium,Completed,"Continue production throughput tracking, ensure target quotas met before next handover."
TSK-1876,Day Shift A,Security & Facilities,Check emergency battery banks in electrical substation SS-5 before oncoming night shift.,Equipment Check,High,Pending,"Perform detailed physical inspection within first 30 minutes of shift, log baseline values in ShiftSync."
TSK-1877,Night Shift B,Manufacturing,Main server room backup UPS inverter failed battery self-test during power flicker. Generator manually engaged; vendor ticket #CRIT-4250 open.,Maintenance,Critical,In Progress,"Continuous monitoring of repair progress, ensure standby units ready, expedite technician parts dispatch."
TSK-1878,Day Shift B,Logistics & Warehousing,Inspect boiler pressure valve on Line 5 after fluctuating readings between 75 and 92 PSI throughout afternoon run.,Equipment Check,High,Pending,"Perform detailed physical inspection within first 30 minutes of shift, log baseline values in ShiftSync."
TSK-1879,Night Shift A,Logistics & Warehousing,Dispatched scheduled freight cargo to regional hub via transport route RT-461 without dispatch delays.,Operations,Medium,Completed,"Continue production throughput tracking, ensure target quotas met before next handover."
TSK-1880,Night Shift A,Energy & Utilities,Restocked consumable packaging strapping rolls at end-of-line pallet wrapping machines.,Operations,Low,Completed,"Routine handover sign-off, verify area cleanliness and equipment shutdown."
TSK-1881,Evening Shift,Energy & Utilities,Schedule quarterly vision and hearing screening appointments for 6 plant technicians with clinic.,Administration,Low,Pending,"File documentation into record repository, confirm routine sign-off."
TSK-1882,Evening Shift,Energy & Utilities,Backup diesel generator coolant temperature reached 98C during weekly run test. Flushed radiator; thermostat needs replacement.,Maintenance,High,In Progress,"Supervise overhaul at scheduled shift window, verify vibration thresholds post-repair."
TSK-1883,Evening Shift,Security & Facilities,Restocked consumable packaging strapping rolls at end-of-line pallet wrapping machines.,Operations,Low,Completed,"Routine handover sign-off, verify area cleanliness and equipment shutdown."
TSK-1884,Night Shift B,Energy & Utilities,Dispatched scheduled freight cargo to regional hub via transport route RT-129 without dispatch delays.,Operations,Medium,Completed,"Continue production throughput tracking, ensure target quotas met before next handover."
TSK-1885,Day Shift B,Logistics & Warehousing,Submitted overtime authorization sheets for 4 operators to HR payroll inbox.,Administration,Low,Completed,"File documentation into record repository, confirm routine sign-off."
TSK-1886,Night Shift A,Security & Facilities,Print updated SOP revision 4.2 for hazardous material handling and clip to shift notice board.,Administration,Low,Pending,"File documentation into record repository, confirm routine sign-off."
TSK-1887,Day Shift A,Logistics & Warehousing,"Loading freight container for shipment #87728; 14 of 24 pallets secured, remainder staged at dock 4.",Operations,Medium,In Progress,"Continue production throughput tracking, ensure target quotas met before next handover."
TSK-1888,Day Shift B,Security & Facilities,Finished routine inventory cycle count for high-value components in bin rack R-62; variance reconciled within 0.2%.,Operations,Medium,Completed,"Continue production throughput tracking, ensure target quotas met before next handover."
TSK-1889,Day Shift A,Security & Facilities,Print updated SOP revision 4.2 for hazardous material handling and clip to shift notice board.,Administration,Low,Pending,"File documentation into record repository, confirm routine sign-off."
TSK-1890,Night Shift B,Manufacturing,Vibration analysis on Air Compressor AC-04 indicates severe bearing wear. Speed derated to 60% to prevent total failure before overhaul.,Maintenance,High,In Progress,"Supervise overhaul at scheduled shift window, verify vibration thresholds post-repair."
TSK-1891,Day Shift A,Security & Facilities,Finished routine inventory cycle count for high-value components in bin rack R-16; variance reconciled within 0.2%.,Operations,Medium,Completed,"Continue production throughput tracking, ensure target quotas met before next handover."
TSK-1892,Day Shift A,Energy & Utilities,Completed mandatory pre-shift gas testing for oxygen deficiency and LEL in confined space tank #10. Safe to enter.,Safety & Compliance,High,Completed,"Audit verification log, ensure all corrective action items signed off by HSE officer."
TSK-1893,Day Shift B,Manufacturing,Hydraulic seal leaking on forklift FL-1. Parked in maintenance bay; replacement o-rings ordered from central stores.,Maintenance,High,In Progress,"Supervise overhaul at scheduled shift window, verify vibration thresholds post-repair."
TSK-1894,Night Shift A,Healthcare,Steam leak detected on flange joint upstream of Stamping Press SP-11. Area barricaded; pipefitters scheduled for gasket swap at 22:00.,Maintenance,High,In Progress,"Supervise overhaul at scheduled shift window, verify vibration thresholds post-repair."
TSK-1895,Evening Shift,Security & Facilities,Verify operational readiness of emergency eyewash and deluge shower stations throughout chemical handling zone Zone-A.,Equipment Check,High,Pending,"Perform detailed physical inspection within first 30 minutes of shift, log baseline values in ShiftSync."
TSK-1896,Night Shift A,Manufacturing,Conveyor belt CV-6 in Packaging Bay 1 showing significant tear along edge. Temporary patch applied; needs full vulcanizing splice tonight.,Maintenance,High,In Progress,"Supervise overhaul at scheduled shift window, verify vibration thresholds post-repair."
TSK-1897,Night Shift B,Energy & Utilities,Offloaded 4 container trailers at loading bay 12. Received bill of lading and entered records into WMS.,Operations,Medium,Completed,"Continue production throughput tracking, ensure target quotas met before next handover."
TSK-1898,Day Shift A,Manufacturing,Updated shift logbook Section 2 and signed off attendance register for outgoing operators.,Administration,Low,Completed,"File documentation into record repository, confirm routine sign-off."
TSK-1899,Day Shift B,Logistics & Warehousing,"Main cooling water pump P-78 bearing seized, causing engine overheating. Replacement pump offline; technician currently rebuilding motor.",Maintenance,Critical,In Progress,"Continuous monitoring of repair progress, ensure standby units ready, expedite technician parts dispatch."
TSK-1900,Day Shift B,Manufacturing,Schedule quarterly vision and hearing screening appointments for 6 plant technicians with clinic.,Administration,Low,Pending,"File documentation into record repository, confirm routine sign-off."
TSK-1901,Day Shift A,Manufacturing,Completed mandatory pre-shift gas testing for oxygen deficiency and LEL in confined space tank #9. Safe to enter.,Safety & Compliance,High,Completed,"Audit verification log, ensure all corrective action items signed off by HSE officer."
TSK-1902,Night Shift B,Energy & Utilities,Order replacement label printer ribbons and thermal paper rolls for dispatch desk 1.,Administration,Low,Pending,"File documentation into record repository, confirm routine sign-off."
TSK-1903,Night Shift B,Healthcare,Batch #70714 currently mixing in blending tank 3. Viscosity check scheduled at 20:30 by lab technician.,Operations,Medium,In Progress,"Continue production throughput tracking, ensure target quotas met before next handover."
TSK-1904,Night Shift A,Healthcare,"Main cooling water pump P-72 bearing seized, causing engine overheating. Replacement pump offline; technician currently rebuilding motor.",Maintenance,Critical,In Progress,"Continuous monitoring of repair progress, ensure standby units ready, expedite technician parts dispatch."
TSK-1905,Evening Shift,Security & Facilities,Primary refrigeration compressor in cold storage HVAC Plant Deck failed at 16:47. Temperature rising rapidly; urgent transfer of perishable stock required.,Maintenance,Critical,In Progress,"Continuous monitoring of repair progress, ensure standby units ready, expedite technician parts dispatch."
TSK-1906,Night Shift B,Healthcare,Inspected fire extinguishers and emergency exit signs across Sector Beta; replaced 2 expired units in corridor B.,Safety & Compliance,High,Completed,"Audit verification log, ensure all corrective action items signed off by HSE officer."
TSK-1907,Night Shift B,Energy & Utilities,Processed shift transfer of 459 sanitized linen bundles from laundry facility to surgical wards.,Operations,Medium,Completed,"Continue production throughput tracking, ensure target quotas met before next handover."
TSK-1908,Day Shift A,Healthcare,Order replacement label printer ribbons and thermal paper rolls for dispatch desk 6.,Administration,Low,Pending,"File documentation into record repository, confirm routine sign-off."
TSK-1909,Day Shift A,Healthcare,Investigated near-miss incident involving pallet jack collision in aisle 9. Statement recorded and forwarded to HSE.,Safety & Compliance,High,Completed,"Audit verification log, ensure all corrective action items signed off by HSE officer."
TSK-1910,Night Shift A,Energy & Utilities,Archived daily SCADA telemetry logs and backed up operational reports to secure cloud drive.,Administration,Low,Completed,"File documentation into record repository, confirm routine sign-off."
TSK-1911,Day Shift B,Logistics & Warehousing,Data reconciliation in progress between ERP inventory count and physical warehouse bins in zone Zone-C.,Operations,Medium,In Progress,"Continue production throughput tracking, ensure target quotas met before next handover."
TSK-1912,Day Shift B,Logistics & Warehousing,Vibration analysis on Boiler #2 indicates severe bearing wear. Speed derated to 60% to prevent total failure before overhaul.,Maintenance,High,In Progress,"Supervise overhaul at scheduled shift window, verify vibration thresholds post-repair."
TSK-1913,Day Shift B,Healthcare,Disposed of general packaging cardboard waste into compactor unit #2.,Operations,Low,Completed,"Routine handover sign-off, verify area cleanliness and equipment shutdown."
TSK-1914,Day Shift B,Manufacturing,Finished routine inventory cycle count for high-value components in bin rack R-89; variance reconciled within 0.2%.,Operations,Medium,Completed,"Continue production throughput tracking, ensure target quotas met before next handover."
TSK-1915,Day Shift B,Manufacturing,Hydraulic seal leaking on forklift FL-9. Parked in maintenance bay; replacement o-rings ordered from central stores.,Maintenance,High,In Progress,"Supervise overhaul at scheduled shift window, verify vibration thresholds post-repair."
TSK-1916,Night Shift B,Manufacturing,Perform zero-point calibration on digital weighing scales at packaging station 4.,Equipment Check,Medium,Pending,"Complete routine calibration, record deviations in system maintenance ledger."
TSK-1917,Night Shift B,Security & Facilities,Completed mandatory pre-shift gas testing for oxygen deficiency and LEL in confined space tank #1. Safe to enter.,Safety & Compliance,High,Completed,"Audit verification log, ensure all corrective action items signed off by HSE officer."
TSK-1918,Night Shift A,Energy & Utilities,Major chemical spill reported in Loading Dock 7; evacuated personnel and awaiting specialized hazardous materials cleanup crew.,Safety & Compliance,Critical,Pending,"Immediate escalation to safety supervisor, ensure area remains isolated, await hazardous response team."
TSK-1919,Night Shift B,Energy & Utilities,Inspect air compressor intake air filters in plant room PR-1 for dust saturation.,Equipment Check,Medium,Pending,"Complete routine calibration, record deviations in system maintenance ledger."
TSK-1920,Day Shift B,Manufacturing,Submitted overtime authorization sheets for 4 operators to HR payroll inbox.,Administration,Low,Completed,"File documentation into record repository, confirm routine sign-off."
TSK-1921,Night Shift B,Manufacturing,Inspect air compressor intake air filters in plant room PR-4 for dust saturation.,Equipment Check,Medium,Pending,"Complete routine calibration, record deviations in system maintenance ledger."
TSK-1922,Night Shift A,Security & Facilities,Verify operational readiness of emergency eyewash and deluge shower stations throughout chemical handling zone Zone-C.,Equipment Check,High,Pending,"Perform detailed physical inspection within first 30 minutes of shift, log baseline values in ShiftSync."
TSK-1923,Evening Shift,Energy & Utilities,"Loading freight container for shipment #76804; 14 of 24 pallets secured, remainder staged at dock 7.",Operations,Medium,In Progress,"Continue production throughput tracking, ensure target quotas met before next handover."
TSK-1924,Evening Shift,Security & Facilities,Main server room backup UPS inverter failed battery self-test during power flicker. Generator manually engaged; vendor ticket #CRIT-5548 open.,Maintenance,Critical,In Progress,"Continuous monitoring of repair progress, ensure standby units ready, expedite technician parts dispatch."
TSK-1925,Day Shift B,Healthcare,Data reconciliation in progress between ERP inventory count and physical warehouse bins in zone Zone-A.,Operations,Medium,In Progress,"Continue production throughput tracking, ensure target quotas met before next handover."
TSK-1926,Day Shift B,Security & Facilities,Sorting returned retail parcels in processing bay 12. Sorting queue estimated at 45 minutes remaining.,Operations,Medium,In Progress,"Continue production throughput tracking, ensure target quotas met before next handover."
TSK-1927,Day Shift A,Security & Facilities,Hydraulic seal leaking on forklift FL-15. Parked in maintenance bay; replacement o-rings ordered from central stores.,Maintenance,High,In Progress,"Supervise overhaul at scheduled shift window, verify vibration thresholds post-repair."
TSK-1928,Day Shift A,Healthcare,"Main cooling water pump P-58 bearing seized, causing engine overheating. Replacement pump offline; technician currently rebuilding motor.",Maintenance,Critical,In Progress,"Continuous monitoring of repair progress, ensure standby units ready, expedite technician parts dispatch."
TSK-1929,Day Shift A,Manufacturing,Offloaded 4 container trailers at loading bay 3. Received bill of lading and entered records into WMS.,Operations,Medium,Completed,"Continue production throughput tracking, ensure target quotas met before next handover."
TSK-1930,Day Shift A,Security & Facilities,Verify operational readiness of emergency eyewash and deluge shower stations throughout chemical handling zone Zone-B.,Equipment Check,High,Pending,"Perform detailed physical inspection within first 30 minutes of shift, log baseline values in ShiftSync."
TSK-1931,Day Shift B,Manufacturing,Investigated near-miss incident involving pallet jack collision in aisle 19. Statement recorded and forwarded to HSE.,Safety & Compliance,High,Completed,"Audit verification log, ensure all corrective action items signed off by HSE officer."
TSK-1932,Evening Shift,Healthcare,Recalibrate flow meters on chemical metering pump P-57 following high concentration error alert on batch #99737.,Equipment Check,High,Pending,"Perform detailed physical inspection within first 30 minutes of shift, log baseline values in ShiftSync."
TSK-1933,Day Shift B,Healthcare,Verify barcode scanner handhelds at packing stations 2 through 6 are docked on charging cradles.,Equipment Check,Medium,Pending,"Complete routine calibration, record deviations in system maintenance ledger."
TSK-1934,Night Shift A,Manufacturing,Check hydraulic fluid level and top up ISO VG 46 reservoir on stamping press PRS-3 before morning production.,Equipment Check,Medium,Pending,"Complete routine calibration, record deviations in system maintenance ledger."
TSK-1935,Night Shift A,Energy & Utilities,Check belt tension and motor alignment on exhaust fan #4 on rooftop HVAC deck.,Equipment Check,Medium,Pending,"Complete routine calibration, record deviations in system maintenance ledger."
TSK-1936,Night Shift B,Energy & Utilities,Check emergency battery banks in electrical substation SS-5 before oncoming night shift.,Equipment Check,High,Pending,"Perform detailed physical inspection within first 30 minutes of shift, log baseline values in ShiftSync."
TSK-1937,Day Shift B,Security & Facilities,"Loading freight container for shipment #80975; 14 of 24 pallets secured, remainder staged at dock 3.",Operations,Medium,In Progress,"Continue production throughput tracking, ensure target quotas met before next handover."
TSK-1938,Night Shift B,Healthcare,Inspected fire extinguishers and emergency exit signs across Sector Delta; replaced 2 expired units in corridor B.,Safety & Compliance,High,Completed,"Audit verification log, ensure all corrective action items signed off by HSE officer."
TSK-1939,Night Shift B,Energy & Utilities,Disposed of general packaging cardboard waste into compactor unit #2.,Operations,Low,Completed,"Routine handover sign-off, verify area cleanliness and equipment shutdown."
TSK-1940,Night Shift B,Healthcare,Order replacement label printer ribbons and thermal paper rolls for dispatch desk 5.,Administration,Low,Pending,"File documentation into record repository, confirm routine sign-off."
TSK-1941,Day Shift B,Energy & Utilities,Inspect automated guided vehicle (AGV) docking rail #8 after two navigation tracking faults occurred during peak dispatch.,Equipment Check,High,Pending,"Perform detailed physical inspection within first 30 minutes of shift, log baseline values in ShiftSync."
TSK-1942,Day Shift B,Logistics & Warehousing,Perimeter security fence breached at South Loading Gate; police notified and security guards dispatched for sweep. Ongoing lockdown.,Safety & Compliance,Critical,Pending,"Immediate escalation to safety supervisor, ensure area remains isolated, await hazardous response team."
TSK-1943,Day Shift A,Manufacturing,Completed mandatory pre-shift gas testing for oxygen deficiency and LEL in confined space tank #2. Safe to enter.,Safety & Compliance,High,Completed,"Audit verification log, ensure all corrective action items signed off by HSE officer."
TSK-1944,Evening Shift,Manufacturing,Conducted emergency spill response drill with incoming and outgoing crew in Loading Dock 7. Log submitted to Safety Officer.,Safety & Compliance,High,Completed,"Audit verification log, ensure all corrective action items signed off by HSE officer."
TSK-1945,Day Shift A,Energy & Utilities,"Loading freight container for shipment #85827; 14 of 24 pallets secured, remainder staged at dock 1.",Operations,Medium,In Progress,"Continue production throughput tracking, ensure target quotas met before next handover."
TSK-1946,Night Shift B,Healthcare,"Loading freight container for shipment #88208; 14 of 24 pallets secured, remainder staged at dock 6.",Operations,Medium,In Progress,"Continue production throughput tracking, ensure target quotas met before next handover."
TSK-1947,Day Shift B,Manufacturing,Ammonia gas leakage sensor threshold exceeded at Warehouse Sector B. Evacuation protocol executed; ventilation fans running on emergency backup.,Safety & Compliance,Critical,Pending,"Immediate escalation to safety supervisor, ensure area remains isolated, await hazardous response team."
TSK-1948,Night Shift B,Manufacturing,Investigated near-miss incident involving pallet jack collision in aisle 12. Statement recorded and forwarded to HSE.,Safety & Compliance,High,Completed,"Audit verification log, ensure all corrective action items signed off by HSE officer."
TSK-1949,Evening Shift,Logistics & Warehousing,Updated shift logbook Section 5 and signed off attendance register for outgoing operators.,Administration,Low,Completed,"File documentation into record repository, confirm routine sign-off."
TSK-1950,Evening Shift,Security & Facilities,Print updated SOP revision 4.2 for hazardous material handling and clip to shift notice board.,Administration,Low,Pending,"File documentation into record repository, confirm routine sign-off."
TSK-1951,Night Shift B,Healthcare,Main server room backup UPS inverter failed battery self-test during power flicker. Generator manually engaged; vendor ticket #CRIT-4117 open.,Maintenance,Critical,In Progress,"Continuous monitoring of repair progress, ensure standby units ready, expedite technician parts dispatch."
TSK-1952,Day Shift B,Manufacturing,Check belt tension and motor alignment on exhaust fan #7 on rooftop HVAC deck.,Equipment Check,Medium,Pending,"Complete routine calibration, record deviations in system maintenance ledger."
TSK-1953,Evening Shift,Healthcare,Restocked consumable packaging strapping rolls at end-of-line pallet wrapping machines.,Operations,Low,Completed,"Routine handover sign-off, verify area cleanliness and equipment shutdown."
TSK-1954,Evening Shift,Security & Facilities,Inspected fire extinguishers and emergency exit signs across Sector Alpha; replaced 2 expired units in corridor B.,Safety & Compliance,High,Completed,"Audit verification log, ensure all corrective action items signed off by HSE officer."
TSK-1955,Evening Shift,Manufacturing,Check emergency battery banks in electrical substation SS-5 before oncoming night shift.,Equipment Check,High,Pending,"Perform detailed physical inspection within first 30 minutes of shift, log baseline values in ShiftSync."
TSK-1956,Day Shift B,Security & Facilities,"Completed production run on batch #78926 with 1,240 units processed and palletized for QC clearance.",Operations,Medium,Completed,"Continue production throughput tracking, ensure target quotas met before next handover."
TSK-1957,Evening Shift,Energy & Utilities,Filed completed maintenance work orders #WO-27774 into central physical records cabinet.,Administration,Low,Completed,"File documentation into record repository, confirm routine sign-off."
TSK-1958,Day Shift B,Manufacturing,Check hydraulic fluid level and top up ISO VG 46 reservoir on stamping press PRS-3 before morning production.,Equipment Check,Medium,Pending,"Complete routine calibration, record deviations in system maintenance ledger."
TSK-1959,Night Shift B,Logistics & Warehousing,Dispatched scheduled freight cargo to regional hub via transport route RT-264 without dispatch delays.,Operations,Medium,Completed,"Continue production throughput tracking, ensure target quotas met before next handover."
TSK-1960,Night Shift A,Healthcare,Check belt tension and motor alignment on exhaust fan #7 on rooftop HVAC deck.,Equipment Check,Medium,Pending,"Complete routine calibration, record deviations in system maintenance ledger."
TSK-1961,Day Shift B,Manufacturing,Order replacement label printer ribbons and thermal paper rolls for dispatch desk 1.,Administration,Low,Pending,"File documentation into record repository, confirm routine sign-off."
TSK-1962,Day Shift B,Security & Facilities,Perimeter security fence breached at North Perimeter Gate; police notified and security guards dispatched for sweep. Ongoing lockdown.,Safety & Compliance,Critical,Pending,"Immediate escalation to safety supervisor, ensure area remains isolated, await hazardous response team."
TSK-1963,Evening Shift,Manufacturing,Dispatched scheduled freight cargo to regional hub via transport route RT-404 without dispatch delays.,Operations,Medium,Completed,"Continue production throughput tracking, ensure target quotas met before next handover."
TSK-1964,Evening Shift,Manufacturing,Verified all peripheral office doors and warehouse delivery shutters locked at end of shift.,Operations,Low,Completed,"Routine handover sign-off, verify area cleanliness and equipment shutdown."
TSK-1965,Day Shift A,Logistics & Warehousing,Conducted emergency spill response drill with incoming and outgoing crew in Loading Dock 7. Log submitted to Safety Officer.,Safety & Compliance,High,Completed,"Audit verification log, ensure all corrective action items signed off by HSE officer."
TSK-1966,Night Shift B,Security & Facilities,Processed shift transfer of 209 sanitized linen bundles from laundry facility to surgical wards.,Operations,Medium,Completed,"Continue production throughput tracking, ensure target quotas met before next handover."
TSK-1967,Night Shift A,Manufacturing,Restock PPE supply locker in locker room B with size L nitrile gloves and safety glasses.,Administration,Low,Pending,"File documentation into record repository, confirm routine sign-off."
TSK-1968,Evening Shift,Logistics & Warehousing,Disposed of general packaging cardboard waste into compactor unit #2.,Operations,Low,Completed,"Routine handover sign-off, verify area cleanliness and equipment shutdown."
TSK-1969,Evening Shift,Security & Facilities,Data reconciliation in progress between ERP inventory count and physical warehouse bins in zone Zone-D.,Operations,Medium,In Progress,"Continue production throughput tracking, ensure target quotas met before next handover."
TSK-1970,Night Shift B,Security & Facilities,Turned off non-essential bay lighting and conveyor idling drives in storage yard Y-West.,Operations,Low,Completed,"Routine handover sign-off, verify area cleanliness and equipment shutdown."
TSK-1971,Day Shift B,Security & Facilities,Structural crack observed on support beam near HVAC Plant Deck. Immediate structural engineering inspection ordered; access restricted.,Safety & Compliance,Critical,Pending,"Immediate escalation to safety supervisor, ensure area remains isolated, await hazardous response team."
TSK-1972,Night Shift B,Manufacturing,Smoke detector alarm triggered in Substation East. Fire suppression system engaged; fire marshals cleared building but electrical panel needs certified clearance.,Safety & Compliance,Critical,Pending,"Immediate escalation to safety supervisor, ensure area remains isolated, await hazardous response team."
TSK-1973,Night Shift A,Manufacturing,Dispatched scheduled freight cargo to regional hub via transport route RT-325 without dispatch delays.,Operations,Medium,Completed,"Continue production throughput tracking, ensure target quotas met before next handover."
TSK-1974,Night Shift A,Security & Facilities,Investigated near-miss incident involving pallet jack collision in aisle 14. Statement recorded and forwarded to HSE.,Safety & Compliance,High,Completed,"Audit verification log, ensure all corrective action items signed off by HSE officer."
TSK-1975,Night Shift B,Healthcare,"Patient in ICU Bed 140 experienced sudden cardiac arrest, successfully stabilized on ventilator; critical observation required for next 4 hours.",Safety & Compliance,Critical,Pending,"Immediate escalation to safety supervisor, ensure area remains isolated, await hazardous response team."
TSK-1976,Night Shift B,Energy & Utilities,Vibration analysis on Boiler #2 indicates severe bearing wear. Speed derated to 60% to prevent total failure before overhaul.,Maintenance,High,In Progress,"Supervise overhaul at scheduled shift window, verify vibration thresholds post-repair."
TSK-1977,Day Shift A,Logistics & Warehousing,Perform zero-point calibration on digital weighing scales at packaging station 9.,Equipment Check,Medium,Pending,"Complete routine calibration, record deviations in system maintenance ledger."
TSK-1978,Night Shift B,Security & Facilities,Dispatched scheduled freight cargo to regional hub via transport route RT-399 without dispatch delays.,Operations,Medium,Completed,"Continue production throughput tracking, ensure target quotas met before next handover."
TSK-1979,Evening Shift,Healthcare,Restock PPE supply locker in locker room B with size L nitrile gloves and safety glasses.,Administration,Low,Pending,"File documentation into record repository, confirm routine sign-off."
TSK-1980,Night Shift B,Security & Facilities,Verify barcode scanner handhelds at packing stations 3 through 7 are docked on charging cradles.,Equipment Check,Medium,Pending,"Complete routine calibration, record deviations in system maintenance ledger."
TSK-1981,Night Shift B,Healthcare,Inspect air compressor intake air filters in plant room PR-3 for dust saturation.,Equipment Check,Medium,Pending,"Complete routine calibration, record deviations in system maintenance ledger."
TSK-1982,Day Shift B,Security & Facilities,Main server room backup UPS inverter failed battery self-test during power flicker. Generator manually engaged; vendor ticket #CRIT-7962 open.,Maintenance,Critical,In Progress,"Continuous monitoring of repair progress, ensure standby units ready, expedite technician parts dispatch."
TSK-1983,Day Shift A,Healthcare,Archived daily SCADA telemetry logs and backed up operational reports to secure cloud drive.,Administration,Low,Completed,"File documentation into record repository, confirm routine sign-off."
TSK-1984,Night Shift A,Logistics & Warehousing,Handed over master locker keys and radio communication sets to incoming shift lead in briefing room.,Administration,Low,Completed,"File documentation into record repository, confirm routine sign-off."
TSK-1985,Night Shift A,Healthcare,High voltage arc flash occurred on Air Compressor AC-04 circuit breaker in Substation East. Lockout/Tagout (LOTO) active; electrician dispatch required immediately.,Safety & Compliance,Critical,Pending,"Immediate escalation to safety supervisor, ensure area remains isolated, await hazardous response team."
TSK-1986,Day Shift B,Healthcare,"Main hydraulic line ruptured on Chiller Unit CH-02 causing immediate line halt. Oil contained with absorbent pads, replacement hose arriving from supplier.",Maintenance,Critical,In Progress,"Continuous monitoring of repair progress, ensure standby units ready, expedite technician parts dispatch."
TSK-1987,Day Shift A,Logistics & Warehousing,Ammonia gas leakage sensor threshold exceeded at Substation East. Evacuation protocol executed; ventilation fans running on emergency backup.,Safety & Compliance,Critical,Pending,"Immediate escalation to safety supervisor, ensure area remains isolated, await hazardous response team."
TSK-1988,Night Shift B,Manufacturing,"Completed production run on batch #77147 with 1,240 units processed and palletized for QC clearance.",Operations,Medium,Completed,"Continue production throughput tracking, ensure target quotas met before next handover."
TSK-1989,Night Shift B,Energy & Utilities,Offloaded 4 container trailers at loading bay 6. Received bill of lading and entered records into WMS.,Operations,Medium,Completed,"Continue production throughput tracking, ensure target quotas met before next handover."
TSK-1990,Evening Shift,Energy & Utilities,High voltage arc flash occurred on Air Compressor AC-04 circuit breaker in Assembly Line 4. Lockout/Tagout (LOTO) active; electrician dispatch required immediately.,Safety & Compliance,Critical,Pending,"Immediate escalation to safety supervisor, ensure area remains isolated, await hazardous response team."
TSK-1991,Day Shift B,Manufacturing,"Loading freight container for shipment #73563; 14 of 24 pallets secured, remainder staged at dock 7.",Operations,Medium,In Progress,"Continue production throughput tracking, ensure target quotas met before next handover."
TSK-1992,Day Shift B,Security & Facilities,Inspected fire extinguishers and emergency exit signs across Sector Delta; replaced 2 expired units in corridor B.,Safety & Compliance,High,Completed,"Audit verification log, ensure all corrective action items signed off by HSE officer."
TSK-1993,Day Shift A,Logistics & Warehousing,Verified all peripheral office doors and warehouse delivery shutters locked at end of shift.,Operations,Low,Completed,"Routine handover sign-off, verify area cleanliness and equipment shutdown."
TSK-1994,Night Shift A,Energy & Utilities,Investigated near-miss incident involving pallet jack collision in aisle 9. Statement recorded and forwarded to HSE.,Safety & Compliance,High,Completed,"Audit verification log, ensure all corrective action items signed off by HSE officer."
TSK-1995,Day Shift B,Manufacturing,Updated shift logbook Section 2 and signed off attendance register for outgoing operators.,Administration,Low,Completed,"File documentation into record repository, confirm routine sign-off."
TSK-1996,Day Shift A,Manufacturing,Check hydraulic fluid level and top up ISO VG 46 reservoir on stamping press PRS-5 before morning production.,Equipment Check,Medium,Pending,"Complete routine calibration, record deviations in system maintenance ledger."
TSK-1997,Night Shift B,Healthcare,"Patient in ICU Bed 125 experienced sudden cardiac arrest, successfully stabilized on ventilator; critical observation required for next 4 hours.",Safety & Compliance,Critical,Pending,"Immediate escalation to safety supervisor, ensure area remains isolated, await hazardous response team."
TSK-1998,Night Shift B,Manufacturing,Structural crack observed on support beam near HVAC Plant Deck. Immediate structural engineering inspection ordered; access restricted.,Safety & Compliance,Critical,Pending,"Immediate escalation to safety supervisor, ensure area remains isolated, await hazardous response team."
TSK-1999,Night Shift A,Energy & Utilities,Ammonia gas leakage sensor threshold exceeded at Assembly Line 4. Evacuation protocol executed; ventilation fans running on emergency backup.,Safety & Compliance,Critical,Pending,"Immediate escalation to safety supervisor, ensure area remains isolated, await hazardous response team."
TSK-2000,Day Shift A,Security & Facilities,Processed shift transfer of 930 sanitized linen bundles from laundry facility to surgical wards.,Operations,Medium,Completed,"Continue production throughput tracking, ensure target quotas met before next handover."
TSK-2001,Day Shift A,Healthcare,Inspect air compressor intake air filters in plant room PR-1 for dust saturation.,Equipment Check,Medium,Pending,"Complete routine calibration, record deviations in system maintenance ledger."
TSK-2002,Night Shift A,Energy & Utilities,Sanitization of packaging line #1 underway following allergen product campaign run.,Operations,Medium,In Progress,"Continue production throughput tracking, ensure target quotas met before next handover."
TSK-2003,Night Shift A,Manufacturing,Inspect air compressor intake air filters in plant room PR-4 for dust saturation.,Equipment Check,Medium,Pending,"Complete routine calibration, record deviations in system maintenance ledger."
TSK-2004,Evening Shift,Logistics & Warehousing,Finished routine inventory cycle count for high-value components in bin rack R-98; variance reconciled within 0.2%.,Operations,Medium,Completed,"Continue production throughput tracking, ensure target quotas met before next handover."
TSK-2005,Day Shift B,Logistics & Warehousing,Inspect air compressor intake air filters in plant room PR-1 for dust saturation.,Equipment Check,Medium,Pending,"Complete routine calibration, record deviations in system maintenance ledger."
TSK-2006,Day Shift A,Security & Facilities,Inspected fire extinguishers and emergency exit signs across Sector Delta; replaced 2 expired units in corridor B.,Safety & Compliance,High,Completed,"Audit verification log, ensure all corrective action items signed off by HSE officer."
TSK-2007,Day Shift A,Manufacturing,Inspected fire extinguishers and emergency exit signs across Sector Beta; replaced 2 expired units in corridor B.,Safety & Compliance,High,Completed,"Audit verification log, ensure all corrective action items signed off by HSE officer."
TSK-2008,Day Shift A,Healthcare,"Loading freight container for shipment #83086; 14 of 24 pallets secured, remainder staged at dock 2.",Operations,Medium,In Progress,"Continue production throughput tracking, ensure target quotas met before next handover."
TSK-2009,Day Shift A,Logistics & Warehousing,Recalibrate flow meters on chemical metering pump P-27 following high concentration error alert on batch #95655.,Equipment Check,High,Pending,"Perform detailed physical inspection within first 30 minutes of shift, log baseline values in ShiftSync."
TSK-2010,Night Shift A,Logistics & Warehousing,Hydraulic seal leaking on forklift FL-4. Parked in maintenance bay; replacement o-rings ordered from central stores.,Maintenance,High,In Progress,"Supervise overhaul at scheduled shift window, verify vibration thresholds post-repair."
TSK-2011,Day Shift B,Healthcare,Data reconciliation in progress between ERP inventory count and physical warehouse bins in zone Zone-B.,Operations,Medium,In Progress,"Continue production throughput tracking, ensure target quotas met before next handover."
TSK-2012,Night Shift A,Healthcare,"Main hydraulic line ruptured on Boiler #2 causing immediate line halt. Oil contained with absorbent pads, replacement hose arriving from supplier.",Maintenance,Critical,In Progress,"Continuous monitoring of repair progress, ensure standby units ready, expedite technician parts dispatch."
TSK-2013,Night Shift A,Healthcare,Order replacement label printer ribbons and thermal paper rolls for dispatch desk 4.,Administration,Low,Pending,"File documentation into record repository, confirm routine sign-off."
TSK-2014,Day Shift B,Logistics & Warehousing,Sorting returned retail parcels in processing bay 9. Sorting queue estimated at 45 minutes remaining.,Operations,Medium,In Progress,"Continue production throughput tracking, ensure target quotas met before next handover."
TSK-2015,Night Shift A,Security & Facilities,Perform zero-point calibration on digital weighing scales at packaging station 8.,Equipment Check,Medium,Pending,"Complete routine calibration, record deviations in system maintenance ledger."
TSK-2016,Night Shift A,Manufacturing,Data reconciliation in progress between ERP inventory count and physical warehouse bins in zone Zone-C.,Operations,Medium,In Progress,"Continue production throughput tracking, ensure target quotas met before next handover."
TSK-2017,Day Shift A,Healthcare,"Main cooling water pump P-53 bearing seized, causing engine overheating. Replacement pump offline; technician currently rebuilding motor.",Maintenance,Critical,In Progress,"Continuous monitoring of repair progress, ensure standby units ready, expedite technician parts dispatch."
TSK-2018,Night Shift A,Energy & Utilities,Updated shift logbook Section 2 and signed off attendance register for outgoing operators.,Administration,Low,Completed,"File documentation into record repository, confirm routine sign-off."
TSK-2019,Night Shift B,Energy & Utilities,Conducted emergency spill response drill with incoming and outgoing crew in Warehouse Sector B. Log submitted to Safety Officer.,Safety & Compliance,High,Completed,"Audit verification log, ensure all corrective action items signed off by HSE officer."
TSK-2020,Day Shift B,Logistics & Warehousing,Perform zero-point calibration on digital weighing scales at packaging station 1.,Equipment Check,Medium,Pending,"Complete routine calibration, record deviations in system maintenance ledger."
TSK-2021,Night Shift B,Security & Facilities,Finished routine inventory cycle count for high-value components in bin rack R-76; variance reconciled within 0.2%.,Operations,Medium,Completed,"Continue production throughput tracking, ensure target quotas met before next handover."
TSK-2022,Evening Shift,Security & Facilities,Swept and mopped gangways in packing hall H-A at conclusion of packaging run.,Operations,Low,Completed,"Routine handover sign-off, verify area cleanliness and equipment shutdown."
TSK-2023,Day Shift A,Healthcare,Conducted emergency spill response drill with incoming and outgoing crew in Cold Storage Room 2. Log submitted to Safety Officer.,Safety & Compliance,High,Completed,"Audit verification log, ensure all corrective action items signed off by HSE officer."
TSK-2024,Day Shift A,Logistics & Warehousing,Structural crack observed on support beam near Boiler Room 3. Immediate structural engineering inspection ordered; access restricted.,Safety & Compliance,Critical,Pending,"Immediate escalation to safety supervisor, ensure area remains isolated, await hazardous response team."
TSK-2025,Evening Shift,Energy & Utilities,High voltage arc flash occurred on Conveyor Belt C-12 circuit breaker in Substation East. Lockout/Tagout (LOTO) active; electrician dispatch required immediately.,Safety & Compliance,Critical,Pending,"Immediate escalation to safety supervisor, ensure area remains isolated, await hazardous response team."
TSK-2026,Night Shift B,Security & Facilities,Sanitization of packaging line #2 underway following allergen product campaign run.,Operations,Medium,In Progress,"Continue production throughput tracking, ensure target quotas met before next handover."
TSK-2027,Day Shift A,Manufacturing,Update whiteboard task allocation chart for tomorrow's scheduled maintenance outage.,Administration,Low,Pending,"File documentation into record repository, confirm routine sign-off."
TSK-2028,Day Shift A,Healthcare,Check emergency battery banks in electrical substation SS-3 before oncoming night shift.,Equipment Check,High,Pending,"Perform detailed physical inspection within first 30 minutes of shift, log baseline values in ShiftSync."
TSK-2029,Night Shift A,Logistics & Warehousing,Data reconciliation in progress between ERP inventory count and physical warehouse bins in zone Zone-B.,Operations,Medium,In Progress,"Continue production throughput tracking, ensure target quotas met before next handover."
TSK-2030,Night Shift B,Logistics & Warehousing,Offloaded 4 container trailers at loading bay 3. Received bill of lading and entered records into WMS.,Operations,Medium,Completed,"Continue production throughput tracking, ensure target quotas met before next handover."
TSK-2031,Evening Shift,Healthcare,Structural crack observed on support beam near HVAC Plant Deck. Immediate structural engineering inspection ordered; access restricted.,Safety & Compliance,Critical,Pending,"Immediate escalation to safety supervisor, ensure area remains isolated, await hazardous response team."
TSK-2032,Day Shift B,Logistics & Warehousing,Sorting returned retail parcels in processing bay 1. Sorting queue estimated at 45 minutes remaining.,Operations,Medium,In Progress,"Continue production throughput tracking, ensure target quotas met before next handover."
TSK-2033,Evening Shift,Security & Facilities,Check hydraulic fluid level and top up ISO VG 46 reservoir on stamping press PRS-3 before morning production.,Equipment Check,Medium,Pending,"Complete routine calibration, record deviations in system maintenance ledger."
TSK-2034,Day Shift A,Logistics & Warehousing,Investigated near-miss incident involving pallet jack collision in aisle 24. Statement recorded and forwarded to HSE.,Safety & Compliance,High,Completed,"Audit verification log, ensure all corrective action items signed off by HSE officer."
TSK-2035,Day Shift B,Energy & Utilities,High voltage arc flash occurred on Stamping Press SP-11 circuit breaker in ICU Ward 3. Lockout/Tagout (LOTO) active; electrician dispatch required immediately.,Safety & Compliance,Critical,Pending,"Immediate escalation to safety supervisor, ensure area remains isolated, await hazardous response team."
TSK-2036,Day Shift A,Logistics & Warehousing,Check emergency battery banks in electrical substation SS-5 before oncoming night shift.,Equipment Check,High,Pending,"Perform detailed physical inspection within first 30 minutes of shift, log baseline values in ShiftSync."
TSK-2037,Night Shift B,Logistics & Warehousing,Processed shift transfer of 1120 sanitized linen bundles from laundry facility to surgical wards.,Operations,Medium,Completed,"Continue production throughput tracking, ensure target quotas met before next handover."
TSK-2038,Night Shift B,Logistics & Warehousing,Print updated SOP revision 4.2 for hazardous material handling and clip to shift notice board.,Administration,Low,Pending,"File documentation into record repository, confirm routine sign-off."
TSK-2039,Day Shift A,Energy & Utilities,Main server room backup UPS inverter failed battery self-test during power flicker. Generator manually engaged; vendor ticket #CRIT-5370 open.,Maintenance,Critical,In Progress,"Continuous monitoring of repair progress, ensure standby units ready, expedite technician parts dispatch."
TSK-2040,Night Shift B,Logistics & Warehousing,Dispatched scheduled freight cargo to regional hub via transport route RT-163 without dispatch delays.,Operations,Medium,Completed,"Continue production throughput tracking, ensure target quotas met before next handover."
TSK-2041,Evening Shift,Energy & Utilities,Disposed of general packaging cardboard waste into compactor unit #2.,Operations,Low,Completed,"Routine handover sign-off, verify area cleanliness and equipment shutdown."
TSK-2042,Day Shift B,Security & Facilities,Offloaded 4 container trailers at loading bay 9. Received bill of lading and entered records into WMS.,Operations,Medium,Completed,"Continue production throughput tracking, ensure target quotas met before next handover."
TSK-2043,Night Shift B,Manufacturing,Order replacement label printer ribbons and thermal paper rolls for dispatch desk 2.,Administration,Low,Pending,"File documentation into record repository, confirm routine sign-off."
TSK-2044,Night Shift A,Security & Facilities,Major chemical spill reported in Loading Dock 7; evacuated personnel and awaiting specialized hazardous materials cleanup crew.,Safety & Compliance,Critical,Pending,"Immediate escalation to safety supervisor, ensure area remains isolated, await hazardous response team."
TSK-2045,Evening Shift,Healthcare,"Main hydraulic line ruptured on Air Compressor AC-04 causing immediate line halt. Oil contained with absorbent pads, replacement hose arriving from supplier.",Maintenance,Critical,In Progress,"Continuous monitoring of repair progress, ensure standby units ready, expedite technician parts dispatch."
TSK-2046,Day Shift B,Manufacturing,Completed mandatory pre-shift gas testing for oxygen deficiency and LEL in confined space tank #5. Safe to enter.,Safety & Compliance,High,Completed,"Audit verification log, ensure all corrective action items signed off by HSE officer."
TSK-2047,Night Shift B,Security & Facilities,Investigated near-miss incident involving pallet jack collision in aisle 11. Statement recorded and forwarded to HSE.,Safety & Compliance,High,Completed,"Audit verification log, ensure all corrective action items signed off by HSE officer."
TSK-2048,Night Shift B,Manufacturing,Sorting returned retail parcels in processing bay 1. Sorting queue estimated at 45 minutes remaining.,Operations,Medium,In Progress,"Continue production throughput tracking, ensure target quotas met before next handover."
TSK-2049,Evening Shift,Healthcare,Turned off non-essential bay lighting and conveyor idling drives in storage yard Y-North.,Operations,Low,Completed,"Routine handover sign-off, verify area cleanliness and equipment shutdown."
TSK-2050,Night Shift A,Manufacturing,Inspect boiler pressure valve on Line 3 after fluctuating readings between 75 and 92 PSI throughout afternoon run.,Equipment Check,High,Pending,"Perform detailed physical inspection within first 30 minutes of shift, log baseline values in ShiftSync."
TSK-2051,Night Shift B,Healthcare,Verify barcode scanner handhelds at packing stations 2 through 7 are docked on charging cradles.,Equipment Check,Medium,Pending,"Complete routine calibration, record deviations in system maintenance ledger."
TSK-2052,Day Shift A,Logistics & Warehousing,Order replacement label printer ribbons and thermal paper rolls for dispatch desk 6.,Administration,Low,Pending,"File documentation into record repository, confirm routine sign-off."
TSK-2053,Night Shift A,Energy & Utilities,Processed shift transfer of 586 sanitized linen bundles from laundry facility to surgical wards.,Operations,Medium,Completed,"Continue production throughput tracking, ensure target quotas met before next handover."
TSK-2054,Night Shift B,Manufacturing,Filed completed maintenance work orders #WO-11576 into central physical records cabinet.,Administration,Low,Completed,"File documentation into record repository, confirm routine sign-off."
TSK-2055,Day Shift B,Security & Facilities,Turned off non-essential bay lighting and conveyor idling drives in storage yard Y-North.,Operations,Low,Completed,"Routine handover sign-off, verify area cleanliness and equipment shutdown."
TSK-2056,Evening Shift,Manufacturing,Sanitization of packaging line #6 underway following allergen product campaign run.,Operations,Medium,In Progress,"Continue production throughput tracking, ensure target quotas met before next handover."
TSK-2057,Day Shift B,Security & Facilities,Hydraulic seal leaking on forklift FL-10. Parked in maintenance bay; replacement o-rings ordered from central stores.,Maintenance,High,In Progress,"Supervise overhaul at scheduled shift window, verify vibration thresholds post-repair."
TSK-2058,Night Shift A,Healthcare,Investigated near-miss incident involving pallet jack collision in aisle 30. Statement recorded and forwarded to HSE.,Safety & Compliance,High,Completed,"Audit verification log, ensure all corrective action items signed off by HSE officer."
TSK-2059,Night Shift B,Logistics & Warehousing,Major chemical spill reported in Warehouse Sector B; evacuated personnel and awaiting specialized hazardous materials cleanup crew.,Safety & Compliance,Critical,Pending,"Immediate escalation to safety supervisor, ensure area remains isolated, await hazardous response team."
TSK-2060,Day Shift B,Healthcare,Verified all peripheral office doors and warehouse delivery shutters locked at end of shift.,Operations,Low,Completed,"Routine handover sign-off, verify area cleanliness and equipment shutdown."
TSK-2061,Evening Shift,Security & Facilities,Schedule quarterly vision and hearing screening appointments for 6 plant technicians with clinic.,Administration,Low,Pending,"File documentation into record repository, confirm routine sign-off."
TSK-2062,Evening Shift,Security & Facilities,Emergency shutoff valve tripped automatically on Forklift FL-08 due to severe pressure spike in Cold Storage Room 2. Do not restart without supervisor sign-off.,Safety & Compliance,Critical,Pending,"Immediate escalation to safety supervisor, ensure area remains isolated, await hazardous response team."
TSK-2063,Night Shift A,Security & Facilities,Submitted overtime authorization sheets for 4 operators to HR payroll inbox.,Administration,Low,Completed,"File documentation into record repository, confirm routine sign-off."
TSK-2064,Night Shift A,Manufacturing,Hydraulic seal leaking on forklift FL-6. Parked in maintenance bay; replacement o-rings ordered from central stores.,Maintenance,High,In Progress,"Supervise overhaul at scheduled shift window, verify vibration thresholds post-repair."
TSK-2065,Day Shift B,Manufacturing,Completed mandatory pre-shift gas testing for oxygen deficiency and LEL in confined space tank #5. Safe to enter.,Safety & Compliance,High,Completed,"Audit verification log, ensure all corrective action items signed off by HSE officer."
TSK-2066,Day Shift B,Energy & Utilities,Submitted overtime authorization sheets for 4 operators to HR payroll inbox.,Administration,Low,Completed,"File documentation into record repository, confirm routine sign-off."
TSK-2067,Night Shift B,Security & Facilities,"Main hydraulic line ruptured on Air Compressor AC-04 causing immediate line halt. Oil contained with absorbent pads, replacement hose arriving from supplier.",Maintenance,Critical,In Progress,"Continuous monitoring of repair progress, ensure standby units ready, expedite technician parts dispatch."
TSK-2068,Night Shift B,Manufacturing,Restocked consumable packaging strapping rolls at end-of-line pallet wrapping machines.,Operations,Low,Completed,"Routine handover sign-off, verify area cleanliness and equipment shutdown."
TSK-2069,Night Shift A,Healthcare,Backup diesel generator coolant temperature reached 98C during weekly run test. Flushed radiator; thermostat needs replacement.,Maintenance,High,In Progress,"Supervise overhaul at scheduled shift window, verify vibration thresholds post-repair."
TSK-2070,Day Shift A,Healthcare,Check belt tension and motor alignment on exhaust fan #2 on rooftop HVAC deck.,Equipment Check,Medium,Pending,"Complete routine calibration, record deviations in system maintenance ledger."
TSK-2071,Evening Shift,Logistics & Warehousing,"Completed production run on batch #52673 with 1,240 units processed and palletized for QC clearance.",Operations,Medium,Completed,"Continue production throughput tracking, ensure target quotas met before next handover."
TSK-2072,Night Shift B,Energy & Utilities,Filed completed maintenance work orders #WO-42607 into central physical records cabinet.,Administration,Low,Completed,"File documentation into record repository, confirm routine sign-off."
TSK-2073,Night Shift A,Security & Facilities,Perform zero-point calibration on digital weighing scales at packaging station 1.,Equipment Check,Medium,Pending,"Complete routine calibration, record deviations in system maintenance ledger."
TSK-2074,Night Shift B,Security & Facilities,"Main cooling water pump P-44 bearing seized, causing engine overheating. Replacement pump offline; technician currently rebuilding motor.",Maintenance,Critical,In Progress,"Continuous monitoring of repair progress, ensure standby units ready, expedite technician parts dispatch."
TSK-2075,Night Shift B,Healthcare,Check belt tension and motor alignment on exhaust fan #5 on rooftop HVAC deck.,Equipment Check,Medium,Pending,"Complete routine calibration, record deviations in system maintenance ledger."
TSK-2076,Day Shift B,Energy & Utilities,Offloaded 4 container trailers at loading bay 10. Received bill of lading and entered records into WMS.,Operations,Medium,Completed,"Continue production throughput tracking, ensure target quotas met before next handover."
TSK-2077,Day Shift B,Manufacturing,Filed completed maintenance work orders #WO-30430 into central physical records cabinet.,Administration,Low,Completed,"File documentation into record repository, confirm routine sign-off."
TSK-2078,Day Shift A,Logistics & Warehousing,Main server room backup UPS inverter failed battery self-test during power flicker. Generator manually engaged; vendor ticket #CRIT-4955 open.,Maintenance,Critical,In Progress,"Continuous monitoring of repair progress, ensure standby units ready, expedite technician parts dispatch."
TSK-2079,Night Shift B,Energy & Utilities,Check emergency battery banks in electrical substation SS-4 before oncoming night shift.,Equipment Check,High,Pending,"Perform detailed physical inspection within first 30 minutes of shift, log baseline values in ShiftSync."
TSK-2080,Day Shift B,Logistics & Warehousing,Steam leak detected on flange joint upstream of Packaging Robot Arm R-3. Area barricaded; pipefitters scheduled for gasket swap at 22:00.,Maintenance,High,In Progress,"Supervise overhaul at scheduled shift window, verify vibration thresholds post-repair."
TSK-2081,Night Shift A,Energy & Utilities,Offloaded 4 container trailers at loading bay 11. Received bill of lading and entered records into WMS.,Operations,Medium,Completed,"Continue production throughput tracking, ensure target quotas met before next handover."
TSK-2082,Night Shift B,Energy & Utilities,Primary refrigeration compressor in cold storage Boiler Room 3 failed at 16:14. Temperature rising rapidly; urgent transfer of perishable stock required.,Maintenance,Critical,In Progress,"Continuous monitoring of repair progress, ensure standby units ready, expedite technician parts dispatch."
TSK-2083,Evening Shift,Security & Facilities,Recalibrate flow meters on chemical metering pump P-20 following high concentration error alert on batch #90532.,Equipment Check,High,Pending,"Perform detailed physical inspection within first 30 minutes of shift, log baseline values in ShiftSync."
TSK-2084,Evening Shift,Logistics & Warehousing,"Main hydraulic line ruptured on Stamping Press SP-11 causing immediate line halt. Oil contained with absorbent pads, replacement hose arriving from supplier.",Maintenance,Critical,In Progress,"Continuous monitoring of repair progress, ensure standby units ready, expedite technician parts dispatch."
TSK-2085,Day Shift B,Security & Facilities,Turned off non-essential bay lighting and conveyor idling drives in storage yard Y-South.,Operations,Low,Completed,"Routine handover sign-off, verify area cleanliness and equipment shutdown."
TSK-2086,Night Shift A,Energy & Utilities,Conveyor belt CV-5 in ICU Ward 3 showing significant tear along edge. Temporary patch applied; needs full vulcanizing splice tonight.,Maintenance,High,In Progress,"Supervise overhaul at scheduled shift window, verify vibration thresholds post-repair."
TSK-2087,Day Shift A,Healthcare,Offloaded 4 container trailers at loading bay 8. Received bill of lading and entered records into WMS.,Operations,Medium,Completed,"Continue production throughput tracking, ensure target quotas met before next handover."
TSK-2088,Day Shift B,Security & Facilities,Turned off non-essential bay lighting and conveyor idling drives in storage yard Y-South.,Operations,Low,Completed,"Routine handover sign-off, verify area cleanliness and equipment shutdown."
TSK-2089,Day Shift B,Healthcare,Vibration analysis on Centrifugal Pump P-204 indicates severe bearing wear. Speed derated to 60% to prevent total failure before overhaul.,Maintenance,High,In Progress,"Supervise overhaul at scheduled shift window, verify vibration thresholds post-repair."
TSK-2090,Night Shift A,Security & Facilities,"Patient in ICU Bed 106 experienced sudden cardiac arrest, successfully stabilized on ventilator; critical observation required for next 4 hours.",Safety & Compliance,Critical,Pending,"Immediate escalation to safety supervisor, ensure area remains isolated, await hazardous response team."
TSK-2091,Night Shift A,Manufacturing,Sorting returned retail parcels in processing bay 3. Sorting queue estimated at 45 minutes remaining.,Operations,Medium,In Progress,"Continue production throughput tracking, ensure target quotas met before next handover."
TSK-2092,Day Shift B,Manufacturing,Investigated near-miss incident involving pallet jack collision in aisle 11. Statement recorded and forwarded to HSE.,Safety & Compliance,High,Completed,"Audit verification log, ensure all corrective action items signed off by HSE officer."
TSK-2093,Evening Shift,Logistics & Warehousing,Hydraulic seal leaking on forklift FL-3. Parked in maintenance bay; replacement o-rings ordered from central stores.,Maintenance,High,In Progress,"Supervise overhaul at scheduled shift window, verify vibration thresholds post-repair."
TSK-2094,Night Shift B,Manufacturing,Processed shift transfer of 1302 sanitized linen bundles from laundry facility to surgical wards.,Operations,Medium,Completed,"Continue production throughput tracking, ensure target quotas met before next handover."
TSK-2095,Day Shift B,Security & Facilities,Order replacement label printer ribbons and thermal paper rolls for dispatch desk 3.,Administration,Low,Pending,"File documentation into record repository, confirm routine sign-off."
TSK-2096,Day Shift A,Logistics & Warehousing,Finished routine inventory cycle count for high-value components in bin rack R-98; variance reconciled within 0.2%.,Operations,Medium,Completed,"Continue production throughput tracking, ensure target quotas met before next handover."
TSK-2097,Night Shift B,Energy & Utilities,Restock PPE supply locker in locker room B with size L nitrile gloves and safety glasses.,Administration,Low,Pending,"File documentation into record repository, confirm routine sign-off."
TSK-2098,Day Shift B,Manufacturing,Handed over master locker keys and radio communication sets to incoming shift lead in briefing room.,Administration,Low,Completed,"File documentation into record repository, confirm routine sign-off."
TSK-2099,Night Shift A,Manufacturing,Print updated SOP revision 4.2 for hazardous material handling and clip to shift notice board.,Administration,Low,Pending,"File documentation into record repository, confirm routine sign-off."
TSK-2100,Night Shift B,Healthcare,High voltage arc flash occurred on Centrifugal Pump P-204 circuit breaker in Warehouse Sector B. Lockout/Tagout (LOTO) active; electrician dispatch required immediately.,Safety & Compliance,Critical,Pending,"Immediate escalation to safety supervisor, ensure area remains isolated, await hazardous response team."
TSK-2101,Day Shift B,Healthcare,Swept and mopped gangways in packing hall H-B at conclusion of packaging run.,Operations,Low,Completed,"Routine handover sign-off, verify area cleanliness and equipment shutdown."
TSK-2102,Day Shift A,Security & Facilities,Verified all peripheral office doors and warehouse delivery shutters locked at end of shift.,Operations,Low,Completed,"Routine handover sign-off, verify area cleanliness and equipment shutdown."
TSK-2103,Night Shift A,Healthcare,Primary refrigeration compressor in cold storage ICU Ward 3 failed at 18:32. Temperature rising rapidly; urgent transfer of perishable stock required.,Maintenance,Critical,In Progress,"Continuous monitoring of repair progress, ensure standby units ready, expedite technician parts dispatch."
TSK-2104,Evening Shift,Logistics & Warehousing,Submitted overtime authorization sheets for 4 operators to HR payroll inbox.,Administration,Low,Completed,"File documentation into record repository, confirm routine sign-off."
TSK-2105,Day Shift A,Healthcare,Sanitization of packaging line #1 underway following allergen product campaign run.,Operations,Medium,In Progress,"Continue production throughput tracking, ensure target quotas met before next handover."
TSK-2106,Night Shift B,Security & Facilities,Disposed of general packaging cardboard waste into compactor unit #2.,Operations,Low,Completed,"Routine handover sign-off, verify area cleanliness and equipment shutdown."
TSK-2107,Day Shift B,Security & Facilities,Check hydraulic fluid level and top up ISO VG 46 reservoir on stamping press PRS-3 before morning production.,Equipment Check,Medium,Pending,"Complete routine calibration, record deviations in system maintenance ledger."
TSK-2108,Day Shift B,Security & Facilities,Batch #69259 currently mixing in blending tank 1. Viscosity check scheduled at 20:30 by lab technician.,Operations,Medium,In Progress,"Continue production throughput tracking, ensure target quotas met before next handover."
TSK-2109,Night Shift A,Manufacturing,Order replacement label printer ribbons and thermal paper rolls for dispatch desk 2.,Administration,Low,Pending,"File documentation into record repository, confirm routine sign-off."
TSK-2110,Evening Shift,Healthcare,Restock PPE supply locker in locker room B with size L nitrile gloves and safety glasses.,Administration,Low,Pending,"File documentation into record repository, confirm routine sign-off."
TSK-2111,Evening Shift,Security & Facilities,Archived daily SCADA telemetry logs and backed up operational reports to secure cloud drive.,Administration,Low,Completed,"File documentation into record repository, confirm routine sign-off."
TSK-2112,Evening Shift,Healthcare,"Patient in ICU Bed 126 experienced sudden cardiac arrest, successfully stabilized on ventilator; critical observation required for next 4 hours.",Safety & Compliance,Critical,Pending,"Immediate escalation to safety supervisor, ensure area remains isolated, await hazardous response team."
TSK-2113,Evening Shift,Logistics & Warehousing,Completed mandatory pre-shift gas testing for oxygen deficiency and LEL in confined space tank #4. Safe to enter.,Safety & Compliance,High,Completed,"Audit verification log, ensure all corrective action items signed off by HSE officer."
TSK-2114,Night Shift B,Manufacturing,"Main cooling water pump P-41 bearing seized, causing engine overheating. Replacement pump offline; technician currently rebuilding motor.",Maintenance,Critical,In Progress,"Continuous monitoring of repair progress, ensure standby units ready, expedite technician parts dispatch."
TSK-2115,Evening Shift,Security & Facilities,Check emergency battery banks in electrical substation SS-3 before oncoming night shift.,Equipment Check,High,Pending,"Perform detailed physical inspection within first 30 minutes of shift, log baseline values in ShiftSync."
TSK-2116,Day Shift A,Security & Facilities,Hydraulic seal leaking on forklift FL-1. Parked in maintenance bay; replacement o-rings ordered from central stores.,Maintenance,High,In Progress,"Supervise overhaul at scheduled shift window, verify vibration thresholds post-repair."
TSK-2117,Night Shift B,Energy & Utilities,Steam leak detected on flange joint upstream of Packaging Robot Arm R-3. Area barricaded; pipefitters scheduled for gasket swap at 22:00.,Maintenance,High,In Progress,"Supervise overhaul at scheduled shift window, verify vibration thresholds post-repair."
TSK-2118,Night Shift B,Healthcare,Archived daily SCADA telemetry logs and backed up operational reports to secure cloud drive.,Administration,Low,Completed,"File documentation into record repository, confirm routine sign-off."
TSK-2119,Day Shift B,Logistics & Warehousing,Handed over master locker keys and radio communication sets to incoming shift lead in briefing room.,Administration,Low,Completed,"File documentation into record repository, confirm routine sign-off."
TSK-2120,Night Shift B,Manufacturing,Disposed of general packaging cardboard waste into compactor unit #2.,Operations,Low,Completed,"Routine handover sign-off, verify area cleanliness and equipment shutdown."
TSK-2121,Night Shift A,Manufacturing,Perimeter security fence breached at North Perimeter Gate; police notified and security guards dispatched for sweep. Ongoing lockdown.,Safety & Compliance,Critical,Pending,"Immediate escalation to safety supervisor, ensure area remains isolated, await hazardous response team."
TSK-2122,Night Shift A,Security & Facilities,Steam leak detected on flange joint upstream of Air Compressor AC-04. Area barricaded; pipefitters scheduled for gasket swap at 22:00.,Maintenance,High,In Progress,"Supervise overhaul at scheduled shift window, verify vibration thresholds post-repair."
TSK-2123,Night Shift A,Manufacturing,Restock PPE supply locker in locker room B with size L nitrile gloves and safety glasses.,Administration,Low,Pending,"File documentation into record repository, confirm routine sign-off."
TSK-2124,Evening Shift,Energy & Utilities,Perform zero-point calibration on digital weighing scales at packaging station 5.,Equipment Check,Medium,Pending,"Complete routine calibration, record deviations in system maintenance ledger."
TSK-2125,Night Shift B,Security & Facilities,Inspected fire extinguishers and emergency exit signs across Sector Beta; replaced 2 expired units in corridor B.,Safety & Compliance,High,Completed,"Audit verification log, ensure all corrective action items signed off by HSE officer."
TSK-2126,Night Shift B,Manufacturing,Vibration analysis on Centrifugal Pump P-204 indicates severe bearing wear. Speed derated to 60% to prevent total failure before overhaul.,Maintenance,High,In Progress,"Supervise overhaul at scheduled shift window, verify vibration thresholds post-repair."
TSK-2127,Night Shift A,Security & Facilities,Perform zero-point calibration on digital weighing scales at packaging station 5.,Equipment Check,Medium,Pending,"Complete routine calibration, record deviations in system maintenance ledger."
TSK-2128,Evening Shift,Logistics & Warehousing,Inspect air compressor intake air filters in plant room PR-3 for dust saturation.,Equipment Check,Medium,Pending,"Complete routine calibration, record deviations in system maintenance ledger."
TSK-2129,Evening Shift,Security & Facilities,Backup diesel generator coolant temperature reached 98C during weekly run test. Flushed radiator; thermostat needs replacement.,Maintenance,High,In Progress,"Supervise overhaul at scheduled shift window, verify vibration thresholds post-repair."
TSK-2130,Evening Shift,Energy & Utilities,Perform zero-point calibration on digital weighing scales at packaging station 1.,Equipment Check,Medium,Pending,"Complete routine calibration, record deviations in system maintenance ledger."
TSK-2131,Day Shift A,Energy & Utilities,Main server room backup UPS inverter failed battery self-test during power flicker. Generator manually engaged; vendor ticket #CRIT-6025 open.,Maintenance,Critical,In Progress,"Continuous monitoring of repair progress, ensure standby units ready, expedite technician parts dispatch."
TSK-2132,Day Shift A,Manufacturing,"Loading freight container for shipment #83223; 14 of 24 pallets secured, remainder staged at dock 8.",Operations,Medium,In Progress,"Continue production throughput tracking, ensure target quotas met before next handover."
TSK-2133,Evening Shift,Healthcare,High voltage arc flash occurred on Forklift FL-08 circuit breaker in Warehouse Sector B. Lockout/Tagout (LOTO) active; electrician dispatch required immediately.,Safety & Compliance,Critical,Pending,"Immediate escalation to safety supervisor, ensure area remains isolated, await hazardous response team."
TSK-2134,Night Shift B,Manufacturing,"Completed production run on batch #80241 with 1,240 units processed and palletized for QC clearance.",Operations,Medium,Completed,"Continue production throughput tracking, ensure target quotas met before next handover."
TSK-2135,Night Shift B,Logistics & Warehousing,Swept and mopped gangways in packing hall H-B at conclusion of packaging run.,Operations,Low,Completed,"Routine handover sign-off, verify area cleanliness and equipment shutdown."
TSK-2136,Night Shift B,Security & Facilities,Backup diesel generator coolant temperature reached 98C during weekly run test. Flushed radiator; thermostat needs replacement.,Maintenance,High,In Progress,"Supervise overhaul at scheduled shift window, verify vibration thresholds post-repair."
TSK-2137,Night Shift A,Healthcare,Submitted overtime authorization sheets for 4 operators to HR payroll inbox.,Administration,Low,Completed,"File documentation into record repository, confirm routine sign-off."
TSK-2138,Night Shift A,Logistics & Warehousing,Disposed of general packaging cardboard waste into compactor unit #2.,Operations,Low,Completed,"Routine handover sign-off, verify area cleanliness and equipment shutdown."
TSK-2139,Night Shift B,Manufacturing,Backup diesel generator coolant temperature reached 98C during weekly run test. Flushed radiator; thermostat needs replacement.,Maintenance,High,In Progress,"Supervise overhaul at scheduled shift window, verify vibration thresholds post-repair."
TSK-2140,Day Shift A,Healthcare,Perimeter security fence breached at Emergency Exit 4; police notified and security guards dispatched for sweep. Ongoing lockdown.,Safety & Compliance,Critical,Pending,"Immediate escalation to safety supervisor, ensure area remains isolated, await hazardous response team."
TSK-2141,Night Shift B,Logistics & Warehousing,Completed mandatory pre-shift gas testing for oxygen deficiency and LEL in confined space tank #9. Safe to enter.,Safety & Compliance,High,Completed,"Audit verification log, ensure all corrective action items signed off by HSE officer."
TSK-2142,Night Shift B,Energy & Utilities,Updated shift logbook Section 2 and signed off attendance register for outgoing operators.,Administration,Low,Completed,"File documentation into record repository, confirm routine sign-off."
TSK-2143,Night Shift A,Energy & Utilities,Print updated SOP revision 4.2 for hazardous material handling and clip to shift notice board.,Administration,Low,Pending,"File documentation into record repository, confirm routine sign-off."
TSK-2144,Night Shift A,Manufacturing,Dispatched scheduled freight cargo to regional hub via transport route RT-351 without dispatch delays.,Operations,Medium,Completed,"Continue production throughput tracking, ensure target quotas met before next handover."
TSK-2145,Day Shift B,Energy & Utilities,Sorting returned retail parcels in processing bay 2. Sorting queue estimated at 45 minutes remaining.,Operations,Medium,In Progress,"Continue production throughput tracking, ensure target quotas met before next handover."
TSK-2146,Day Shift B,Manufacturing,Check emergency battery banks in electrical substation SS-5 before oncoming night shift.,Equipment Check,High,Pending,"Perform detailed physical inspection within first 30 minutes of shift, log baseline values in ShiftSync."
TSK-2147,Night Shift A,Manufacturing,Backup diesel generator coolant temperature reached 98C during weekly run test. Flushed radiator; thermostat needs replacement.,Maintenance,High,In Progress,"Supervise overhaul at scheduled shift window, verify vibration thresholds post-repair."
TSK-2148,Night Shift B,Energy & Utilities,Restocked consumable packaging strapping rolls at end-of-line pallet wrapping machines.,Operations,Low,Completed,"Routine handover sign-off, verify area cleanliness and equipment shutdown."
TSK-2149,Night Shift A,Manufacturing,Backup diesel generator coolant temperature reached 98C during weekly run test. Flushed radiator; thermostat needs replacement.,Maintenance,High,In Progress,"Supervise overhaul at scheduled shift window, verify vibration thresholds post-repair."
TSK-2150,Day Shift B,Energy & Utilities,Vibration analysis on Stamping Press SP-11 indicates severe bearing wear. Speed derated to 60% to prevent total failure before overhaul.,Maintenance,High,In Progress,"Supervise overhaul at scheduled shift window, verify vibration thresholds post-repair."
TSK-2151,Day Shift A,Energy & Utilities,Hydraulic seal leaking on forklift FL-12. Parked in maintenance bay; replacement o-rings ordered from central stores.,Maintenance,High,In Progress,"Supervise overhaul at scheduled shift window, verify vibration thresholds post-repair."
TSK-2152,Day Shift A,Manufacturing,Processed shift transfer of 976 sanitized linen bundles from laundry facility to surgical wards.,Operations,Medium,Completed,"Continue production throughput tracking, ensure target quotas met before next handover."
TSK-2153,Day Shift B,Security & Facilities,Emergency shutoff valve tripped automatically on Boiler #2 due to severe pressure spike in Chemical Storage Annex. Do not restart without supervisor sign-off.,Safety & Compliance,Critical,Pending,"Immediate escalation to safety supervisor, ensure area remains isolated, await hazardous response team."
TSK-2154,Day Shift B,Security & Facilities,Restocked consumable packaging strapping rolls at end-of-line pallet wrapping machines.,Operations,Low,Completed,"Routine handover sign-off, verify area cleanliness and equipment shutdown."
TSK-2155,Night Shift A,Security & Facilities,Dispatched scheduled freight cargo to regional hub via transport route RT-193 without dispatch delays.,Operations,Medium,Completed,"Continue production throughput tracking, ensure target quotas met before next handover."
TSK-2156,Day Shift A,Security & Facilities,Vibration analysis on Conveyor Belt C-12 indicates severe bearing wear. Speed derated to 60% to prevent total failure before overhaul.,Maintenance,High,In Progress,"Supervise overhaul at scheduled shift window, verify vibration thresholds post-repair."
TSK-2157,Day Shift B,Manufacturing,Hydraulic seal leaking on forklift FL-3. Parked in maintenance bay; replacement o-rings ordered from central stores.,Maintenance,High,In Progress,"Supervise overhaul at scheduled shift window, verify vibration thresholds post-repair."
TSK-2158,Night Shift A,Logistics & Warehousing,Perimeter security fence breached at North Perimeter Gate; police notified and security guards dispatched for sweep. Ongoing lockdown.,Safety & Compliance,Critical,Pending,"Immediate escalation to safety supervisor, ensure area remains isolated, await hazardous response team."
TSK-2159,Day Shift A,Logistics & Warehousing,Conducted emergency spill response drill with incoming and outgoing crew in Substation East. Log submitted to Safety Officer.,Safety & Compliance,High,Completed,"Audit verification log, ensure all corrective action items signed off by HSE officer."
TSK-2160,Day Shift B,Manufacturing,Check belt tension and motor alignment on exhaust fan #6 on rooftop HVAC deck.,Equipment Check,Medium,Pending,"Complete routine calibration, record deviations in system maintenance ledger."
TSK-2161,Day Shift A,Manufacturing,Disposed of general packaging cardboard waste into compactor unit #2.,Operations,Low,Completed,"Routine handover sign-off, verify area cleanliness and equipment shutdown."
TSK-2162,Evening Shift,Energy & Utilities,Filed completed maintenance work orders #WO-15202 into central physical records cabinet.,Administration,Low,Completed,"File documentation into record repository, confirm routine sign-off."
TSK-2163,Night Shift B,Healthcare,Sanitization of packaging line #4 underway following allergen product campaign run.,Operations,Medium,In Progress,"Continue production throughput tracking, ensure target quotas met before next handover."
TSK-2164,Night Shift B,Healthcare,Investigated near-miss incident involving pallet jack collision in aisle 6. Statement recorded and forwarded to HSE.,Safety & Compliance,High,Completed,"Audit verification log, ensure all corrective action items signed off by HSE officer."
TSK-2165,Night Shift A,Security & Facilities,Sanitization of packaging line #6 underway following allergen product campaign run.,Operations,Medium,In Progress,"Continue production throughput tracking, ensure target quotas met before next handover."
TSK-2166,Night Shift B,Healthcare,Check belt tension and motor alignment on exhaust fan #1 on rooftop HVAC deck.,Equipment Check,Medium,Pending,"Complete routine calibration, record deviations in system maintenance ledger."
TSK-2167,Evening Shift,Security & Facilities,Sorting returned retail parcels in processing bay 10. Sorting queue estimated at 45 minutes remaining.,Operations,Medium,In Progress,"Continue production throughput tracking, ensure target quotas met before next handover."
TSK-2168,Night Shift B,Energy & Utilities,Hydraulic seal leaking on forklift FL-6. Parked in maintenance bay; replacement o-rings ordered from central stores.,Maintenance,High,In Progress,"Supervise overhaul at scheduled shift window, verify vibration thresholds post-repair."
TSK-2169,Night Shift A,Manufacturing,Finished routine inventory cycle count for high-value components in bin rack R-39; variance reconciled within 0.2%.,Operations,Medium,Completed,"Continue production throughput tracking, ensure target quotas met before next handover."
TSK-2170,Day Shift B,Security & Facilities,Processed shift transfer of 1225 sanitized linen bundles from laundry facility to surgical wards.,Operations,Medium,Completed,"Continue production throughput tracking, ensure target quotas met before next handover."
TSK-2171,Evening Shift,Healthcare,Submitted overtime authorization sheets for 4 operators to HR payroll inbox.,Administration,Low,Completed,"File documentation into record repository, confirm routine sign-off."
TSK-2172,Night Shift B,Logistics & Warehousing,Conducted emergency spill response drill with incoming and outgoing crew in Cold Storage Room 2. Log submitted to Safety Officer.,Safety & Compliance,High,Completed,"Audit verification log, ensure all corrective action items signed off by HSE officer."
TSK-2173,Night Shift A,Security & Facilities,Dispatched scheduled freight cargo to regional hub via transport route RT-433 without dispatch delays.,Operations,Medium,Completed,"Continue production throughput tracking, ensure target quotas met before next handover."
TSK-2174,Night Shift A,Manufacturing,Disposed of general packaging cardboard waste into compactor unit #2.,Operations,Low,Completed,"Routine handover sign-off, verify area cleanliness and equipment shutdown."
TSK-2175,Night Shift A,Logistics & Warehousing,Major chemical spill reported in Chemical Storage Annex; evacuated personnel and awaiting specialized hazardous materials cleanup crew.,Safety & Compliance,Critical,Pending,"Immediate escalation to safety supervisor, ensure area remains isolated, await hazardous response team."
TSK-2176,Day Shift A,Energy & Utilities,Updated shift logbook Section 4 and signed off attendance register for outgoing operators.,Administration,Low,Completed,"File documentation into record repository, confirm routine sign-off."
TSK-2177,Night Shift B,Healthcare,"Loading freight container for shipment #75918; 14 of 24 pallets secured, remainder staged at dock 2.",Operations,Medium,In Progress,"Continue production throughput tracking, ensure target quotas met before next handover."
TSK-2178,Day Shift B,Security & Facilities,Primary refrigeration compressor in cold storage Loading Dock 7 failed at 19:42. Temperature rising rapidly; urgent transfer of perishable stock required.,Maintenance,Critical,In Progress,"Continuous monitoring of repair progress, ensure standby units ready, expedite technician parts dispatch."
TSK-2179,Day Shift B,Manufacturing,"Main hydraulic line ruptured on Forklift FL-08 causing immediate line halt. Oil contained with absorbent pads, replacement hose arriving from supplier.",Maintenance,Critical,In Progress,"Continuous monitoring of repair progress, ensure standby units ready, expedite technician parts dispatch."
TSK-2180,Night Shift B,Manufacturing,Order replacement label printer ribbons and thermal paper rolls for dispatch desk 3.,Administration,Low,Pending,"File documentation into record repository, confirm routine sign-off."
TSK-2181,Night Shift B,Healthcare,Submitted overtime authorization sheets for 4 operators to HR payroll inbox.,Administration,Low,Completed,"File documentation into record repository, confirm routine sign-off."
TSK-2182,Night Shift A,Energy & Utilities,Check emergency battery banks in electrical substation SS-4 before oncoming night shift.,Equipment Check,High,Pending,"Perform detailed physical inspection within first 30 minutes of shift, log baseline values in ShiftSync."
TSK-2183,Day Shift A,Logistics & Warehousing,Disposed of general packaging cardboard waste into compactor unit #2.,Operations,Low,Completed,"Routine handover sign-off, verify area cleanliness and equipment shutdown."
TSK-2184,Day Shift B,Energy & Utilities,Check emergency battery banks in electrical substation SS-5 before oncoming night shift.,Equipment Check,High,Pending,"Perform detailed physical inspection within first 30 minutes of shift, log baseline values in ShiftSync."
TSK-2185,Day Shift B,Security & Facilities,Verify barcode scanner handhelds at packing stations 4 through 6 are docked on charging cradles.,Equipment Check,Medium,Pending,"Complete routine calibration, record deviations in system maintenance ledger."
TSK-2186,Night Shift B,Energy & Utilities,Swept and mopped gangways in packing hall H-C at conclusion of packaging run.,Operations,Low,Completed,"Routine handover sign-off, verify area cleanliness and equipment shutdown."
TSK-2187,Night Shift B,Energy & Utilities,Disposed of general packaging cardboard waste into compactor unit #2.,Operations,Low,Completed,"Routine handover sign-off, verify area cleanliness and equipment shutdown."
TSK-2188,Night Shift A,Energy & Utilities,Handed over master locker keys and radio communication sets to incoming shift lead in briefing room.,Administration,Low,Completed,"File documentation into record repository, confirm routine sign-off."
TSK-2189,Day Shift B,Manufacturing,Completed mandatory pre-shift gas testing for oxygen deficiency and LEL in confined space tank #6. Safe to enter.,Safety & Compliance,High,Completed,"Audit verification log, ensure all corrective action items signed off by HSE officer."
TSK-2190,Evening Shift,Healthcare,Perform zero-point calibration on digital weighing scales at packaging station 4.,Equipment Check,Medium,Pending,"Complete routine calibration, record deviations in system maintenance ledger."
TSK-2191,Day Shift A,Energy & Utilities,Main server room backup UPS inverter failed battery self-test during power flicker. Generator manually engaged; vendor ticket #CRIT-5893 open.,Maintenance,Critical,In Progress,"Continuous monitoring of repair progress, ensure standby units ready, expedite technician parts dispatch."
TSK-2192,Day Shift A,Healthcare,Major chemical spill reported in Loading Dock 7; evacuated personnel and awaiting specialized hazardous materials cleanup crew.,Safety & Compliance,Critical,Pending,"Immediate escalation to safety supervisor, ensure area remains isolated, await hazardous response team."
TSK-2193,Day Shift A,Logistics & Warehousing,Inspected fire extinguishers and emergency exit signs across Sector Beta; replaced 2 expired units in corridor B.,Safety & Compliance,High,Completed,"Audit verification log, ensure all corrective action items signed off by HSE officer."
TSK-2194,Day Shift A,Healthcare,"Main cooling water pump P-24 bearing seized, causing engine overheating. Replacement pump offline; technician currently rebuilding motor.",Maintenance,Critical,In Progress,"Continuous monitoring of repair progress, ensure standby units ready, expedite technician parts dispatch."
TSK-2195,Day Shift A,Energy & Utilities,Conducted emergency spill response drill with incoming and outgoing crew in Boiler Room 3. Log submitted to Safety Officer.,Safety & Compliance,High,Completed,"Audit verification log, ensure all corrective action items signed off by HSE officer."
TSK-2196,Day Shift A,Manufacturing,"Main hydraulic line ruptured on Boiler #2 causing immediate line halt. Oil contained with absorbent pads, replacement hose arriving from supplier.",Maintenance,Critical,In Progress,"Continuous monitoring of repair progress, ensure standby units ready, expedite technician parts dispatch."
TSK-2197,Night Shift A,Manufacturing,Data reconciliation in progress between ERP inventory count and physical warehouse bins in zone Zone-C.,Operations,Medium,In Progress,"Continue production throughput tracking, ensure target quotas met before next handover."
TSK-2198,Night Shift A,Healthcare,Primary refrigeration compressor in cold storage Substation East failed at 20:16. Temperature rising rapidly; urgent transfer of perishable stock required.,Maintenance,Critical,In Progress,"Continuous monitoring of repair progress, ensure standby units ready, expedite technician parts dispatch."
TSK-2199,Night Shift A,Logistics & Warehousing,Dispatched scheduled freight cargo to regional hub via transport route RT-109 without dispatch delays.,Operations,Medium,Completed,"Continue production throughput tracking, ensure target quotas met before next handover."
TSK-2200,Day Shift B,Manufacturing,"Patient in ICU Bed 133 experienced sudden cardiac arrest, successfully stabilized on ventilator; critical observation required for next 4 hours.",Safety & Compliance,Critical,Pending,"Immediate escalation to safety supervisor, ensure area remains isolated, await hazardous response team."
