task_id,shift_type,industry,task_description,category,priority,status,suggested_action
TSK-U-1001,Evening Shift,Logistics & Warehousing,Swept and mopped gangways in packing hall H-B at conclusion of packaging run.,Operations,Low,Completed,"Routine handover sign-off, verify area cleanliness and equipment shutdown."
TSK-U-1002,Night Shift A,Energy & Utilities,Structural crack observed on support beam near HVAC Plant Deck. Immediate structural engineering inspection ordered; access restricted.,Safety & Compliance,Critical,Pending,"Immediate escalation to safety supervisor, ensure area remains isolated, await hazardous response team."
TSK-U-1003,Day Shift B,Security & Facilities,Check emergency battery banks in electrical substation SS-4 before oncoming night shift.,Equipment Check,High,Pending,"Perform detailed physical inspection within first 30 minutes of shift, log baseline values in ShiftSync."
TSK-U-1004,Night Shift B,Manufacturing,Print updated SOP revision 4.2 for hazardous material handling and clip to shift notice board.,Administration,Low,Pending,"File documentation into record repository, confirm routine sign-off."
TSK-U-1005,Evening Shift,Healthcare,"Main hydraulic line ruptured on Air Compressor AC-04 causing immediate line halt. Oil contained with absorbent pads, replacement hose arriving from supplier.",Maintenance,Critical,In Progress,"Continuous monitoring of repair progress, ensure standby units ready, expedite technician parts dispatch."
TSK-U-1006,Day Shift B,Energy & Utilities,Order replacement label printer ribbons and thermal paper rolls for dispatch desk 1.,Administration,Low,Pending,"File documentation into record repository, confirm routine sign-off."
TSK-U-1007,Day Shift B,Manufacturing,Perform zero-point calibration on digital weighing scales at packaging station 7.,Equipment Check,Medium,Pending,"Complete routine calibration, record deviations in system maintenance ledger."
TSK-U-1008,Night Shift A,Security & Facilities,Update whiteboard task allocation chart for tomorrow's scheduled maintenance outage.,Administration,Low,Pending,"File documentation into record repository, confirm routine sign-off."
TSK-U-1009,Night Shift A,Logistics & Warehousing,"Completed production run on batch #54508 with 1,240 units processed and palletized for QC clearance.",Operations,Medium,Completed,"Continue production throughput tracking, ensure target quotas met before next handover."
TSK-U-1010,Day Shift A,Logistics & Warehousing,Recalibrate flow meters on chemical metering pump P-89 following high concentration error alert on batch #51624.,Equipment Check,High,Pending,"Perform detailed physical inspection within first 30 minutes of shift, log baseline values in ShiftSync."
TSK-U-1011,Night Shift A,Energy & Utilities,Dispatched scheduled freight cargo to regional hub via transport route RT-462 without dispatch delays.,Operations,Medium,Completed,"Continue production throughput tracking, ensure target quotas met before next handover."
TSK-U-1012,Night Shift A,Manufacturing,Completed mandatory pre-shift gas testing for oxygen deficiency and LEL in confined space tank #5. Safe to enter.,Safety & Compliance,High,Completed,"Audit verification log, ensure all corrective action items signed off by HSE officer."
TSK-U-1013,Evening Shift,Energy & Utilities,Check emergency battery banks in electrical substation SS-5 before oncoming night shift.,Equipment Check,High,Pending,"Perform detailed physical inspection within first 30 minutes of shift, log baseline values in ShiftSync."
TSK-U-1014,Night Shift A,Energy & Utilities,Processed shift transfer of 680 sanitized linen bundles from laundry facility to surgical wards.,Operations,Medium,Completed,"Continue production throughput tracking, ensure target quotas met before next handover."
TSK-U-1015,Night Shift B,Energy & Utilities,Check belt tension and motor alignment on exhaust fan #6 on rooftop HVAC deck.,Equipment Check,Medium,Pending,"Complete routine calibration, record deviations in system maintenance ledger."
TSK-U-1016,Night Shift B,Healthcare,Verify operational readiness of emergency eyewash and deluge shower stations throughout chemical handling zone Zone-B.,Equipment Check,High,Pending,"Perform detailed physical inspection within first 30 minutes of shift, log baseline values in ShiftSync."
TSK-U-1017,Night Shift B,Security & Facilities,Batch #65981 currently mixing in blending tank 6. Viscosity check scheduled at 20:30 by lab technician.,Operations,Medium,In Progress,"Continue production throughput tracking, ensure target quotas met before next handover."
TSK-U-1018,Day Shift A,Healthcare,Check hydraulic fluid level and top up ISO VG 46 reservoir on stamping press PRS-3 before morning production.,Equipment Check,Medium,Pending,"Complete routine calibration, record deviations in system maintenance ledger."
TSK-U-1019,Day Shift B,Manufacturing,Inspected fire extinguishers and emergency exit signs across Sector Gamma; replaced 2 expired units in corridor B.,Safety & Compliance,High,Completed,"Audit verification log, ensure all corrective action items signed off by HSE officer."
TSK-U-1020,Night Shift B,Manufacturing,Archived daily SCADA telemetry logs and backed up operational reports to secure cloud drive.,Administration,Low,Completed,"File documentation into record repository, confirm routine sign-off."
TSK-U-1021,Evening Shift,Manufacturing,Disposed of general packaging cardboard waste into compactor unit #2.,Operations,Low,Completed,"Routine handover sign-off, verify area cleanliness and equipment shutdown."
TSK-U-1022,Day Shift A,Energy & Utilities,Restocked consumable packaging strapping rolls at end-of-line pallet wrapping machines.,Operations,Low,Completed,"Routine handover sign-off, verify area cleanliness and equipment shutdown."
TSK-U-1023,Night Shift B,Security & Facilities,Check belt tension and motor alignment on exhaust fan #8 on rooftop HVAC deck.,Equipment Check,Medium,Pending,"Complete routine calibration, record deviations in system maintenance ledger."
TSK-U-1024,Day Shift A,Logistics & Warehousing,Perform zero-point calibration on digital weighing scales at packaging station 6.,Equipment Check,Medium,Pending,"Complete routine calibration, record deviations in system maintenance ledger."
TSK-U-1025,Night Shift A,Energy & Utilities,Main server room backup UPS inverter failed battery self-test during power flicker. Generator manually engaged; vendor ticket #CRIT-6453 open.,Maintenance,Critical,In Progress,"Continuous monitoring of repair progress, ensure standby units ready, expedite technician parts dispatch."
TSK-U-1026,Day Shift B,Manufacturing,Vibration analysis on Stamping Press SP-11 indicates severe bearing wear. Speed derated to 60% to prevent total failure before overhaul.,Maintenance,High,In Progress,"Supervise overhaul at scheduled shift window, verify vibration thresholds post-repair."
TSK-U-1027,Day Shift A,Logistics & Warehousing,Sorting returned retail parcels in processing bay 5. Sorting queue estimated at 45 minutes remaining.,Operations,Medium,In Progress,"Continue production throughput tracking, ensure target quotas met before next handover."
TSK-U-1028,Night Shift B,Security & Facilities,Swept and mopped gangways in packing hall H-C at conclusion of packaging run.,Operations,Low,Completed,"Routine handover sign-off, verify area cleanliness and equipment shutdown."
TSK-U-1029,Day Shift B,Security & Facilities,"Main cooling water pump P-45 bearing seized, causing engine overheating. Replacement pump offline; technician currently rebuilding motor.",Maintenance,Critical,In Progress,"Continuous monitoring of repair progress, ensure standby units ready, expedite technician parts dispatch."
TSK-U-1030,Evening Shift,Energy & Utilities,"Main cooling water pump P-57 bearing seized, causing engine overheating. Replacement pump offline; technician currently rebuilding motor.",Maintenance,Critical,In Progress,"Continuous monitoring of repair progress, ensure standby units ready, expedite technician parts dispatch."
TSK-U-1031,Day Shift B,Energy & Utilities,Verify barcode scanner handhelds at packing stations 1 through 8 are docked on charging cradles.,Equipment Check,Medium,Pending,"Complete routine calibration, record deviations in system maintenance ledger."
TSK-U-1032,Night Shift A,Healthcare,Filed completed maintenance work orders #WO-30334 into central physical records cabinet.,Administration,Low,Completed,"File documentation into record repository, confirm routine sign-off."
TSK-U-1033,Day Shift A,Logistics & Warehousing,Oxygen supply manifold pressure dropped to 35 PSI in Ward 4. Switched to emergency cylinder bank; biomed engineer en route.,Maintenance,Critical,In Progress,"Continuous monitoring of repair progress, ensure standby units ready, expedite technician parts dispatch."
TSK-U-1034,Night Shift A,Logistics & Warehousing,Check belt tension and motor alignment on exhaust fan #1 on rooftop HVAC deck.,Equipment Check,Medium,Pending,"Complete routine calibration, record deviations in system maintenance ledger."
TSK-U-1035,Evening Shift,Logistics & Warehousing,Completed mandatory pre-shift gas testing for oxygen deficiency and LEL in confined space tank #10. Safe to enter.,Safety & Compliance,High,Completed,"Audit verification log, ensure all corrective action items signed off by HSE officer."
TSK-U-1036,Night Shift B,Healthcare,"Patient in ICU Bed 114 experienced sudden cardiac arrest, successfully stabilized on ventilator; critical observation required for next 4 hours.",Safety & Compliance,Critical,Pending,"Immediate escalation to safety supervisor, ensure area remains isolated, await hazardous response team."
TSK-U-1037,Night Shift B,Manufacturing,Dispatched scheduled freight cargo to regional hub via transport route RT-362 without dispatch delays.,Operations,Medium,Completed,"Continue production throughput tracking, ensure target quotas met before next handover."
TSK-U-1038,Day Shift A,Manufacturing,Offloaded 4 container trailers at loading bay 4. Received bill of lading and entered records into WMS.,Operations,Medium,Completed,"Continue production throughput tracking, ensure target quotas met before next handover."
TSK-U-1039,Day Shift A,Energy & Utilities,Verify barcode scanner handhelds at packing stations 1 through 7 are docked on charging cradles.,Equipment Check,Medium,Pending,"Complete routine calibration, record deviations in system maintenance ledger."
TSK-U-1040,Night Shift B,Security & Facilities,Offloaded 4 container trailers at loading bay 1. Received bill of lading and entered records into WMS.,Operations,Medium,Completed,"Continue production throughput tracking, ensure target quotas met before next handover."
TSK-U-1041,Day Shift A,Security & Facilities,Sorting returned retail parcels in processing bay 6. Sorting queue estimated at 45 minutes remaining.,Operations,Medium,In Progress,"Continue production throughput tracking, ensure target quotas met before next handover."
TSK-U-1042,Day Shift A,Logistics & Warehousing,Dispatched scheduled freight cargo to regional hub via transport route RT-170 without dispatch delays.,Operations,Medium,Completed,"Continue production throughput tracking, ensure target quotas met before next handover."
TSK-U-1043,Night Shift A,Security & Facilities,Completed mandatory pre-shift gas testing for oxygen deficiency and LEL in confined space tank #9. Safe to enter.,Safety & Compliance,High,Completed,"Audit verification log, ensure all corrective action items signed off by HSE officer."
TSK-U-1044,Night Shift A,Energy & Utilities,Submitted overtime authorization sheets for 4 operators to HR payroll inbox.,Administration,Low,Completed,"File documentation into record repository, confirm routine sign-off."
TSK-U-1045,Night Shift A,Security & Facilities,Conducted emergency spill response drill with incoming and outgoing crew in Chemical Storage Annex. Log submitted to Safety Officer.,Safety & Compliance,High,Completed,"Audit verification log, ensure all corrective action items signed off by HSE officer."
TSK-U-1046,Evening Shift,Logistics & Warehousing,"Main cooling water pump P-69 bearing seized, causing engine overheating. Replacement pump offline; technician currently rebuilding motor.",Maintenance,Critical,In Progress,"Continuous monitoring of repair progress, ensure standby units ready, expedite technician parts dispatch."
TSK-U-1047,Evening Shift,Healthcare,Recalibrate flow meters on chemical metering pump P-73 following high concentration error alert on batch #88230.,Equipment Check,High,Pending,"Perform detailed physical inspection within first 30 minutes of shift, log baseline values in ShiftSync."
TSK-U-1048,Evening Shift,Logistics & Warehousing,Dispatched scheduled freight cargo to regional hub via transport route RT-465 without dispatch delays.,Operations,Medium,Completed,"Continue production throughput tracking, ensure target quotas met before next handover."
TSK-U-1049,Day Shift B,Security & Facilities,Handed over master locker keys and radio communication sets to incoming shift lead in briefing room.,Administration,Low,Completed,"File documentation into record repository, confirm routine sign-off."
TSK-U-1050,Evening Shift,Healthcare,Sorting returned retail parcels in processing bay 12. Sorting queue estimated at 45 minutes remaining.,Operations,Medium,In Progress,"Continue production throughput tracking, ensure target quotas met before next handover."
TSK-U-1051,Night Shift B,Logistics & Warehousing,Sanitization of packaging line #2 underway following allergen product campaign run.,Operations,Medium,In Progress,"Continue production throughput tracking, ensure target quotas met before next handover."
TSK-U-1052,Evening Shift,Manufacturing,Inspect boiler pressure valve on Line 2 after fluctuating readings between 75 and 92 PSI throughout afternoon run.,Equipment Check,High,Pending,"Perform detailed physical inspection within first 30 minutes of shift, log baseline values in ShiftSync."
TSK-U-1053,Day Shift A,Energy & Utilities,Investigated near-miss incident involving pallet jack collision in aisle 8. Statement recorded and forwarded to HSE.,Safety & Compliance,High,Completed,"Audit verification log, ensure all corrective action items signed off by HSE officer."
TSK-U-1054,Night Shift A,Manufacturing,"Main cooling water pump P-31 bearing seized, causing engine overheating. Replacement pump offline; technician currently rebuilding motor.",Maintenance,Critical,In Progress,"Continuous monitoring of repair progress, ensure standby units ready, expedite technician parts dispatch."
TSK-U-1055,Day Shift B,Healthcare,Updated shift logbook Section 4 and signed off attendance register for outgoing operators.,Administration,Low,Completed,"File documentation into record repository, confirm routine sign-off."
TSK-U-1056,Day Shift B,Security & Facilities,Inspect air compressor intake air filters in plant room PR-3 for dust saturation.,Equipment Check,Medium,Pending,"Complete routine calibration, record deviations in system maintenance ledger."
TSK-U-1057,Day Shift A,Security & Facilities,Investigated near-miss incident involving pallet jack collision in aisle 13. Statement recorded and forwarded to HSE.,Safety & Compliance,High,Completed,"Audit verification log, ensure all corrective action items signed off by HSE officer."
TSK-U-1058,Night Shift A,Logistics & Warehousing,"Completed production run on batch #97468 with 1,240 units processed and palletized for QC clearance.",Operations,Medium,Completed,"Continue production throughput tracking, ensure target quotas met before next handover."
TSK-U-1059,Day Shift B,Energy & Utilities,Investigated near-miss incident involving pallet jack collision in aisle 10. Statement recorded and forwarded to HSE.,Safety & Compliance,High,Completed,"Audit verification log, ensure all corrective action items signed off by HSE officer."
TSK-U-1060,Night Shift B,Healthcare,Perform zero-point calibration on digital weighing scales at packaging station 1.,Equipment Check,Medium,Pending,"Complete routine calibration, record deviations in system maintenance ledger."
TSK-U-1061,Night Shift A,Energy & Utilities,"Main cooling water pump P-89 bearing seized, causing engine overheating. Replacement pump offline; technician currently rebuilding motor.",Maintenance,Critical,In Progress,"Continuous monitoring of repair progress, ensure standby units ready, expedite technician parts dispatch."
TSK-U-1062,Day Shift B,Manufacturing,Oxygen supply manifold pressure dropped to 35 PSI in Ward 2. Switched to emergency cylinder bank; biomed engineer en route.,Maintenance,Critical,In Progress,"Continuous monitoring of repair progress, ensure standby units ready, expedite technician parts dispatch."
TSK-U-1063,Night Shift A,Manufacturing,Dispatched scheduled freight cargo to regional hub via transport route RT-237 without dispatch delays.,Operations,Medium,Completed,"Continue production throughput tracking, ensure target quotas met before next handover."
TSK-U-1064,Night Shift B,Logistics & Warehousing,Vibration analysis on Chiller Unit CH-02 indicates severe bearing wear. Speed derated to 60% to prevent total failure before overhaul.,Maintenance,High,In Progress,"Supervise overhaul at scheduled shift window, verify vibration thresholds post-repair."
TSK-U-1065,Night Shift B,Energy & Utilities,Sorting returned retail parcels in processing bay 7. Sorting queue estimated at 45 minutes remaining.,Operations,Medium,In Progress,"Continue production throughput tracking, ensure target quotas met before next handover."
TSK-U-1066,Day Shift A,Manufacturing,Updated shift logbook Section 1 and signed off attendance register for outgoing operators.,Administration,Low,Completed,"File documentation into record repository, confirm routine sign-off."
TSK-U-1067,Night Shift B,Security & Facilities,Steam leak detected on flange joint upstream of Stamping Press SP-11. Area barricaded; pipefitters scheduled for gasket swap at 22:00.,Maintenance,High,In Progress,"Supervise overhaul at scheduled shift window, verify vibration thresholds post-repair."
TSK-U-1068,Evening Shift,Energy & Utilities,Ammonia gas leakage sensor threshold exceeded at Substation East. Evacuation protocol executed; ventilation fans running on emergency backup.,Safety & Compliance,Critical,Pending,"Immediate escalation to safety supervisor, ensure area remains isolated, await hazardous response team."
TSK-U-1069,Night Shift B,Energy & Utilities,Primary refrigeration compressor in cold storage Loading Dock 7 failed at 21:19. Temperature rising rapidly; urgent transfer of perishable stock required.,Maintenance,Critical,In Progress,"Continuous monitoring of repair progress, ensure standby units ready, expedite technician parts dispatch."
TSK-U-1070,Night Shift B,Healthcare,Main server room backup UPS inverter failed battery self-test during power flicker. Generator manually engaged; vendor ticket #CRIT-9183 open.,Maintenance,Critical,In Progress,"Continuous monitoring of repair progress, ensure standby units ready, expedite technician parts dispatch."
TSK-U-1071,Evening Shift,Security & Facilities,Restock PPE supply locker in locker room B with size L nitrile gloves and safety glasses.,Administration,Low,Pending,"File documentation into record repository, confirm routine sign-off."
TSK-U-1072,Evening Shift,Healthcare,"Completed production run on batch #95127 with 1,240 units processed and palletized for QC clearance.",Operations,Medium,Completed,"Continue production throughput tracking, ensure target quotas met before next handover."
TSK-U-1073,Evening Shift,Manufacturing,"Main cooling water pump P-54 bearing seized, causing engine overheating. Replacement pump offline; technician currently rebuilding motor.",Maintenance,Critical,In Progress,"Continuous monitoring of repair progress, ensure standby units ready, expedite technician parts dispatch."
TSK-U-1074,Evening Shift,Logistics & Warehousing,Finished routine inventory cycle count for high-value components in bin rack R-74; variance reconciled within 0.2%.,Operations,Medium,Completed,"Continue production throughput tracking, ensure target quotas met before next handover."
TSK-U-1075,Night Shift A,Energy & Utilities,Data reconciliation in progress between ERP inventory count and physical warehouse bins in zone Zone-C.,Operations,Medium,In Progress,"Continue production throughput tracking, ensure target quotas met before next handover."
TSK-U-1076,Night Shift A,Manufacturing,Swept and mopped gangways in packing hall H-A at conclusion of packaging run.,Operations,Low,Completed,"Routine handover sign-off, verify area cleanliness and equipment shutdown."
TSK-U-1077,Night Shift A,Logistics & Warehousing,Perimeter security fence breached at South Loading Gate; police notified and security guards dispatched for sweep. Ongoing lockdown.,Safety & Compliance,Critical,Pending,"Immediate escalation to safety supervisor, ensure area remains isolated, await hazardous response team."
TSK-U-1078,Night Shift A,Healthcare,Inspect air compressor intake air filters in plant room PR-2 for dust saturation.,Equipment Check,Medium,Pending,"Complete routine calibration, record deviations in system maintenance ledger."
TSK-U-1079,Night Shift B,Healthcare,Perimeter security fence breached at Staff Entrance Gate C; police notified and security guards dispatched for sweep. Ongoing lockdown.,Safety & Compliance,Critical,Pending,"Immediate escalation to safety supervisor, ensure area remains isolated, await hazardous response team."
TSK-U-1080,Day Shift B,Energy & Utilities,High voltage arc flash occurred on Forklift FL-08 circuit breaker in Warehouse Sector B. Lockout/Tagout (LOTO) active; electrician dispatch required immediately.,Safety & Compliance,Critical,Pending,"Immediate escalation to safety supervisor, ensure area remains isolated, await hazardous response team."
TSK-U-1081,Evening Shift,Logistics & Warehousing,Inspect boiler pressure valve on Line 3 after fluctuating readings between 75 and 92 PSI throughout afternoon run.,Equipment Check,High,Pending,"Perform detailed physical inspection within first 30 minutes of shift, log baseline values in ShiftSync."
TSK-U-1082,Night Shift A,Manufacturing,Inspect automated guided vehicle (AGV) docking rail #4 after two navigation tracking faults occurred during peak dispatch.,Equipment Check,High,Pending,"Perform detailed physical inspection within first 30 minutes of shift, log baseline values in ShiftSync."
TSK-U-1083,Day Shift A,Security & Facilities,Major chemical spill reported in ICU Ward 3; evacuated personnel and awaiting specialized hazardous materials cleanup crew.,Safety & Compliance,Critical,Pending,"Immediate escalation to safety supervisor, ensure area remains isolated, await hazardous response team."
TSK-U-1084,Evening Shift,Logistics & Warehousing,Data reconciliation in progress between ERP inventory count and physical warehouse bins in zone Zone-B.,Operations,Medium,In Progress,"Continue production throughput tracking, ensure target quotas met before next handover."
TSK-U-1085,Night Shift A,Manufacturing,Completed mandatory pre-shift gas testing for oxygen deficiency and LEL in confined space tank #8. Safe to enter.,Safety & Compliance,High,Completed,"Audit verification log, ensure all corrective action items signed off by HSE officer."
TSK-U-1086,Night Shift B,Manufacturing,Finished routine inventory cycle count for high-value components in bin rack R-72; variance reconciled within 0.2%.,Operations,Medium,Completed,"Continue production throughput tracking, ensure target quotas met before next handover."
TSK-U-1087,Day Shift A,Security & Facilities,Offloaded 4 container trailers at loading bay 12. Received bill of lading and entered records into WMS.,Operations,Medium,Completed,"Continue production throughput tracking, ensure target quotas met before next handover."
TSK-U-1088,Night Shift A,Healthcare,Conveyor belt CV-6 in Packaging Bay 1 showing significant tear along edge. Temporary patch applied; needs full vulcanizing splice tonight.,Maintenance,High,In Progress,"Supervise overhaul at scheduled shift window, verify vibration thresholds post-repair."
TSK-U-1089,Evening Shift,Healthcare,Hydraulic seal leaking on forklift FL-8. Parked in maintenance bay; replacement o-rings ordered from central stores.,Maintenance,High,In Progress,"Supervise overhaul at scheduled shift window, verify vibration thresholds post-repair."
TSK-U-1090,Night Shift A,Healthcare,Inspect air compressor intake air filters in plant room PR-1 for dust saturation.,Equipment Check,Medium,Pending,"Complete routine calibration, record deviations in system maintenance ledger."
TSK-U-1091,Evening Shift,Manufacturing,Main server room backup UPS inverter failed battery self-test during power flicker. Generator manually engaged; vendor ticket #CRIT-6442 open.,Maintenance,Critical,In Progress,"Continuous monitoring of repair progress, ensure standby units ready, expedite technician parts dispatch."
TSK-U-1092,Night Shift B,Manufacturing,Processed shift transfer of 724 sanitized linen bundles from laundry facility to surgical wards.,Operations,Medium,Completed,"Continue production throughput tracking, ensure target quotas met before next handover."
TSK-U-1093,Night Shift A,Energy & Utilities,"Main cooling water pump P-52 bearing seized, causing engine overheating. Replacement pump offline; technician currently rebuilding motor.",Maintenance,Critical,In Progress,"Continuous monitoring of repair progress, ensure standby units ready, expedite technician parts dispatch."
TSK-U-1094,Day Shift A,Energy & Utilities,Smoke detector alarm triggered in Substation East. Fire suppression system engaged; fire marshals cleared building but electrical panel needs certified clearance.,Safety & Compliance,Critical,Pending,"Immediate escalation to safety supervisor, ensure area remains isolated, await hazardous response team."
TSK-U-1095,Night Shift B,Logistics & Warehousing,Inspect automated guided vehicle (AGV) docking rail #7 after two navigation tracking faults occurred during peak dispatch.,Equipment Check,High,Pending,"Perform detailed physical inspection within first 30 minutes of shift, log baseline values in ShiftSync."
TSK-U-1096,Evening Shift,Energy & Utilities,Check hydraulic fluid level and top up ISO VG 46 reservoir on stamping press PRS-4 before morning production.,Equipment Check,Medium,Pending,"Complete routine calibration, record deviations in system maintenance ledger."
TSK-U-1097,Day Shift B,Healthcare,Backup diesel generator coolant temperature reached 98C during weekly run test. Flushed radiator; thermostat needs replacement.,Maintenance,High,In Progress,"Supervise overhaul at scheduled shift window, verify vibration thresholds post-repair."
TSK-U-1098,Night Shift B,Manufacturing,Inspect automated guided vehicle (AGV) docking rail #1 after two navigation tracking faults occurred during peak dispatch.,Equipment Check,High,Pending,"Perform detailed physical inspection within first 30 minutes of shift, log baseline values in ShiftSync."
TSK-U-1099,Night Shift A,Logistics & Warehousing,Sorting returned retail parcels in processing bay 9. Sorting queue estimated at 45 minutes remaining.,Operations,Medium,In Progress,"Continue production throughput tracking, ensure target quotas met before next handover."
TSK-U-1100,Day Shift A,Healthcare,Finished routine inventory cycle count for high-value components in bin rack R-46; variance reconciled within 0.2%.,Operations,Medium,Completed,"Continue production throughput tracking, ensure target quotas met before next handover."
TSK-U-1101,Night Shift B,Logistics & Warehousing,Inspected fire extinguishers and emergency exit signs across Sector Alpha; replaced 2 expired units in corridor B.,Safety & Compliance,High,Completed,"Audit verification log, ensure all corrective action items signed off by HSE officer."
TSK-U-1102,Night Shift B,Logistics & Warehousing,Major chemical spill reported in Packaging Bay 1; evacuated personnel and awaiting specialized hazardous materials cleanup crew.,Safety & Compliance,Critical,Pending,"Immediate escalation to safety supervisor, ensure area remains isolated, await hazardous response team."
TSK-U-1103,Evening Shift,Security & Facilities,Verified all peripheral office doors and warehouse delivery shutters locked at end of shift.,Operations,Low,Completed,"Routine handover sign-off, verify area cleanliness and equipment shutdown."
TSK-U-1104,Night Shift A,Logistics & Warehousing,Inspected fire extinguishers and emergency exit signs across Sector Delta; replaced 2 expired units in corridor B.,Safety & Compliance,High,Completed,"Audit verification log, ensure all corrective action items signed off by HSE officer."
TSK-U-1105,Day Shift A,Security & Facilities,Finished routine inventory cycle count for high-value components in bin rack R-78; variance reconciled within 0.2%.,Operations,Medium,Completed,"Continue production throughput tracking, ensure target quotas met before next handover."
TSK-U-1106,Evening Shift,Manufacturing,"Main cooling water pump P-71 bearing seized, causing engine overheating. Replacement pump offline; technician currently rebuilding motor.",Maintenance,Critical,In Progress,"Continuous monitoring of repair progress, ensure standby units ready, expedite technician parts dispatch."
TSK-U-1107,Night Shift B,Security & Facilities,Finished routine inventory cycle count for high-value components in bin rack R-67; variance reconciled within 0.2%.,Operations,Medium,Completed,"Continue production throughput tracking, ensure target quotas met before next handover."
TSK-U-1108,Day Shift B,Logistics & Warehousing,Hydraulic seal leaking on forklift FL-3. Parked in maintenance bay; replacement o-rings ordered from central stores.,Maintenance,High,In Progress,"Supervise overhaul at scheduled shift window, verify vibration thresholds post-repair."
TSK-U-1109,Day Shift B,Logistics & Warehousing,Finished routine inventory cycle count for high-value components in bin rack R-39; variance reconciled within 0.2%.,Operations,Medium,Completed,"Continue production throughput tracking, ensure target quotas met before next handover."
TSK-U-1110,Night Shift B,Healthcare,Primary refrigeration compressor in cold storage Assembly Line 4 failed at 10:59. Temperature rising rapidly; urgent transfer of perishable stock required.,Maintenance,Critical,In Progress,"Continuous monitoring of repair progress, ensure standby units ready, expedite technician parts dispatch."
TSK-U-1111,Day Shift B,Manufacturing,Offloaded 4 container trailers at loading bay 2. Received bill of lading and entered records into WMS.,Operations,Medium,Completed,"Continue production throughput tracking, ensure target quotas met before next handover."
TSK-U-1112,Day Shift A,Healthcare,Investigated near-miss incident involving pallet jack collision in aisle 3. Statement recorded and forwarded to HSE.,Safety & Compliance,High,Completed,"Audit verification log, ensure all corrective action items signed off by HSE officer."
TSK-U-1113,Day Shift A,Energy & Utilities,Check hydraulic fluid level and top up ISO VG 46 reservoir on stamping press PRS-2 before morning production.,Equipment Check,Medium,Pending,"Complete routine calibration, record deviations in system maintenance ledger."
TSK-U-1114,Evening Shift,Logistics & Warehousing,Verify barcode scanner handhelds at packing stations 3 through 6 are docked on charging cradles.,Equipment Check,Medium,Pending,"Complete routine calibration, record deviations in system maintenance ledger."
TSK-U-1115,Night Shift A,Energy & Utilities,Investigated near-miss incident involving pallet jack collision in aisle 2. Statement recorded and forwarded to HSE.,Safety & Compliance,High,Completed,"Audit verification log, ensure all corrective action items signed off by HSE officer."
TSK-U-1116,Night Shift A,Healthcare,Sorting returned retail parcels in processing bay 10. Sorting queue estimated at 45 minutes remaining.,Operations,Medium,In Progress,"Continue production throughput tracking, ensure target quotas met before next handover."
TSK-U-1117,Evening Shift,Logistics & Warehousing,Check emergency battery banks in electrical substation SS-3 before oncoming night shift.,Equipment Check,High,Pending,"Perform detailed physical inspection within first 30 minutes of shift, log baseline values in ShiftSync."
TSK-U-1118,Night Shift A,Logistics & Warehousing,Structural crack observed on support beam near Warehouse Sector B. Immediate structural engineering inspection ordered; access restricted.,Safety & Compliance,Critical,Pending,"Immediate escalation to safety supervisor, ensure area remains isolated, await hazardous response team."
TSK-U-1119,Day Shift B,Security & Facilities,Finished routine inventory cycle count for high-value components in bin rack R-29; variance reconciled within 0.2%.,Operations,Medium,Completed,"Continue production throughput tracking, ensure target quotas met before next handover."
TSK-U-1120,Night Shift A,Healthcare,Hydraulic seal leaking on forklift FL-15. Parked in maintenance bay; replacement o-rings ordered from central stores.,Maintenance,High,In Progress,"Supervise overhaul at scheduled shift window, verify vibration thresholds post-repair."
TSK-U-1121,Day Shift A,Energy & Utilities,Offloaded 4 container trailers at loading bay 6. Received bill of lading and entered records into WMS.,Operations,Medium,Completed,"Continue production throughput tracking, ensure target quotas met before next handover."
TSK-U-1122,Day Shift A,Manufacturing,Conducted emergency spill response drill with incoming and outgoing crew in Substation East. Log submitted to Safety Officer.,Safety & Compliance,High,Completed,"Audit verification log, ensure all corrective action items signed off by HSE officer."
TSK-U-1123,Evening Shift,Manufacturing,Main server room backup UPS inverter failed battery self-test during power flicker. Generator manually engaged; vendor ticket #CRIT-9414 open.,Maintenance,Critical,In Progress,"Continuous monitoring of repair progress, ensure standby units ready, expedite technician parts dispatch."
TSK-U-1124,Day Shift B,Healthcare,Verify barcode scanner handhelds at packing stations 3 through 5 are docked on charging cradles.,Equipment Check,Medium,Pending,"Complete routine calibration, record deviations in system maintenance ledger."
TSK-U-1125,Night Shift B,Manufacturing,Investigated near-miss incident involving pallet jack collision in aisle 9. Statement recorded and forwarded to HSE.,Safety & Compliance,High,Completed,"Audit verification log, ensure all corrective action items signed off by HSE officer."
TSK-U-1126,Day Shift A,Manufacturing,Main server room backup UPS inverter failed battery self-test during power flicker. Generator manually engaged; vendor ticket #CRIT-6913 open.,Maintenance,Critical,In Progress,"Continuous monitoring of repair progress, ensure standby units ready, expedite technician parts dispatch."
TSK-U-1127,Day Shift A,Energy & Utilities,Inspected fire extinguishers and emergency exit signs across Sector Beta; replaced 2 expired units in corridor B.,Safety & Compliance,High,Completed,"Audit verification log, ensure all corrective action items signed off by HSE officer."
TSK-U-1128,Night Shift A,Energy & Utilities,Inspect air compressor intake air filters in plant room PR-4 for dust saturation.,Equipment Check,Medium,Pending,"Complete routine calibration, record deviations in system maintenance ledger."
TSK-U-1129,Night Shift A,Energy & Utilities,Order replacement label printer ribbons and thermal paper rolls for dispatch desk 4.,Administration,Low,Pending,"File documentation into record repository, confirm routine sign-off."
TSK-U-1130,Day Shift B,Security & Facilities,"Main cooling water pump P-25 bearing seized, causing engine overheating. Replacement pump offline; technician currently rebuilding motor.",Maintenance,Critical,In Progress,"Continuous monitoring of repair progress, ensure standby units ready, expedite technician parts dispatch."
TSK-U-1131,Night Shift B,Security & Facilities,Main server room backup UPS inverter failed battery self-test during power flicker. Generator manually engaged; vendor ticket #CRIT-5178 open.,Maintenance,Critical,In Progress,"Continuous monitoring of repair progress, ensure standby units ready, expedite technician parts dispatch."
TSK-U-1132,Night Shift B,Healthcare,Sanitization of packaging line #6 underway following allergen product campaign run.,Operations,Medium,In Progress,"Continue production throughput tracking, ensure target quotas met before next handover."
TSK-U-1133,Evening Shift,Manufacturing,Vibration analysis on Centrifugal Pump P-204 indicates severe bearing wear. Speed derated to 60% to prevent total failure before overhaul.,Maintenance,High,In Progress,"Supervise overhaul at scheduled shift window, verify vibration thresholds post-repair."
TSK-U-1134,Night Shift A,Energy & Utilities,Recalibrate flow meters on chemical metering pump P-49 following high concentration error alert on batch #57482.,Equipment Check,High,Pending,"Perform detailed physical inspection within first 30 minutes of shift, log baseline values in ShiftSync."
TSK-U-1135,Day Shift A,Energy & Utilities,"Main hydraulic line ruptured on Chiller Unit CH-02 causing immediate line halt. Oil contained with absorbent pads, replacement hose arriving from supplier.",Maintenance,Critical,In Progress,"Continuous monitoring of repair progress, ensure standby units ready, expedite technician parts dispatch."
TSK-U-1136,Night Shift A,Healthcare,Conveyor belt CV-6 in Warehouse Sector B showing significant tear along edge. Temporary patch applied; needs full vulcanizing splice tonight.,Maintenance,High,In Progress,"Supervise overhaul at scheduled shift window, verify vibration thresholds post-repair."
TSK-U-1137,Night Shift B,Energy & Utilities,Processed shift transfer of 1343 sanitized linen bundles from laundry facility to surgical wards.,Operations,Medium,Completed,"Continue production throughput tracking, ensure target quotas met before next handover."
TSK-U-1138,Night Shift A,Manufacturing,Hydraulic seal leaking on forklift FL-13. Parked in maintenance bay; replacement o-rings ordered from central stores.,Maintenance,High,In Progress,"Supervise overhaul at scheduled shift window, verify vibration thresholds post-repair."
TSK-U-1139,Day Shift A,Logistics & Warehousing,Inspect automated guided vehicle (AGV) docking rail #8 after two navigation tracking faults occurred during peak dispatch.,Equipment Check,High,Pending,"Perform detailed physical inspection within first 30 minutes of shift, log baseline values in ShiftSync."
TSK-U-1140,Night Shift A,Logistics & Warehousing,Perimeter security fence breached at Emergency Exit 4; police notified and security guards dispatched for sweep. Ongoing lockdown.,Safety & Compliance,Critical,Pending,"Immediate escalation to safety supervisor, ensure area remains isolated, await hazardous response team."
TSK-U-1141,Night Shift A,Energy & Utilities,Finished routine inventory cycle count for high-value components in bin rack R-52; variance reconciled within 0.2%.,Operations,Medium,Completed,"Continue production throughput tracking, ensure target quotas met before next handover."
TSK-U-1142,Night Shift A,Healthcare,Check hydraulic fluid level and top up ISO VG 46 reservoir on stamping press PRS-5 before morning production.,Equipment Check,Medium,Pending,"Complete routine calibration, record deviations in system maintenance ledger."
TSK-U-1143,Day Shift B,Healthcare,Sorting returned retail parcels in processing bay 2. Sorting queue estimated at 45 minutes remaining.,Operations,Medium,In Progress,"Continue production throughput tracking, ensure target quotas met before next handover."
TSK-U-1144,Evening Shift,Logistics & Warehousing,Check emergency battery banks in electrical substation SS-2 before oncoming night shift.,Equipment Check,High,Pending,"Perform detailed physical inspection within first 30 minutes of shift, log baseline values in ShiftSync."
TSK-U-1145,Day Shift A,Security & Facilities,Primary refrigeration compressor in cold storage Boiler Room 3 failed at 11:24. Temperature rising rapidly; urgent transfer of perishable stock required.,Maintenance,Critical,In Progress,"Continuous monitoring of repair progress, ensure standby units ready, expedite technician parts dispatch."
TSK-U-1146,Night Shift B,Manufacturing,Main server room backup UPS inverter failed battery self-test during power flicker. Generator manually engaged; vendor ticket #CRIT-9416 open.,Maintenance,Critical,In Progress,"Continuous monitoring of repair progress, ensure standby units ready, expedite technician parts dispatch."
TSK-U-1147,Day Shift B,Logistics & Warehousing,Batch #70539 currently mixing in blending tank 3. Viscosity check scheduled at 20:30 by lab technician.,Operations,Medium,In Progress,"Continue production throughput tracking, ensure target quotas met before next handover."
TSK-U-1148,Day Shift B,Energy & Utilities,High voltage arc flash occurred on Forklift FL-08 circuit breaker in Boiler Room 3. Lockout/Tagout (LOTO) active; electrician dispatch required immediately.,Safety & Compliance,Critical,Pending,"Immediate escalation to safety supervisor, ensure area remains isolated, await hazardous response team."
TSK-U-1149,Night Shift B,Manufacturing,Hydraulic seal leaking on forklift FL-4. Parked in maintenance bay; replacement o-rings ordered from central stores.,Maintenance,High,In Progress,"Supervise overhaul at scheduled shift window, verify vibration thresholds post-repair."
TSK-U-1150,Night Shift A,Healthcare,Structural crack observed on support beam near Assembly Line 4. Immediate structural engineering inspection ordered; access restricted.,Safety & Compliance,Critical,Pending,"Immediate escalation to safety supervisor, ensure area remains isolated, await hazardous response team."
TSK-U-1151,Day Shift B,Healthcare,Dispatched scheduled freight cargo to regional hub via transport route RT-429 without dispatch delays.,Operations,Medium,Completed,"Continue production throughput tracking, ensure target quotas met before next handover."
TSK-U-1152,Night Shift B,Logistics & Warehousing,Check belt tension and motor alignment on exhaust fan #3 on rooftop HVAC deck.,Equipment Check,Medium,Pending,"Complete routine calibration, record deviations in system maintenance ledger."
TSK-U-1153,Evening Shift,Manufacturing,Recalibrate flow meters on chemical metering pump P-43 following high concentration error alert on batch #72133.,Equipment Check,High,Pending,"Perform detailed physical inspection within first 30 minutes of shift, log baseline values in ShiftSync."
TSK-U-1154,Evening Shift,Healthcare,Batch #97030 currently mixing in blending tank 7. Viscosity check scheduled at 20:30 by lab technician.,Operations,Medium,In Progress,"Continue production throughput tracking, ensure target quotas met before next handover."
TSK-U-1155,Night Shift A,Energy & Utilities,Sanitization of packaging line #3 underway following allergen product campaign run.,Operations,Medium,In Progress,"Continue production throughput tracking, ensure target quotas met before next handover."
TSK-U-1156,Day Shift A,Security & Facilities,"Completed production run on batch #96835 with 1,240 units processed and palletized for QC clearance.",Operations,Medium,Completed,"Continue production throughput tracking, ensure target quotas met before next handover."
TSK-U-1157,Evening Shift,Security & Facilities,Schedule quarterly vision and hearing screening appointments for 6 plant technicians with clinic.,Administration,Low,Pending,"File documentation into record repository, confirm routine sign-off."
TSK-U-1158,Evening Shift,Manufacturing,Processed shift transfer of 293 sanitized linen bundles from laundry facility to surgical wards.,Operations,Medium,Completed,"Continue production throughput tracking, ensure target quotas met before next handover."
TSK-U-1159,Night Shift B,Manufacturing,Conducted emergency spill response drill with incoming and outgoing crew in Assembly Line 4. Log submitted to Safety Officer.,Safety & Compliance,High,Completed,"Audit verification log, ensure all corrective action items signed off by HSE officer."
TSK-U-1160,Night Shift A,Manufacturing,Investigated near-miss incident involving pallet jack collision in aisle 27. Statement recorded and forwarded to HSE.,Safety & Compliance,High,Completed,"Audit verification log, ensure all corrective action items signed off by HSE officer."
TSK-U-1161,Night Shift A,Logistics & Warehousing,Vibration analysis on Forklift FL-08 indicates severe bearing wear. Speed derated to 60% to prevent total failure before overhaul.,Maintenance,High,In Progress,"Supervise overhaul at scheduled shift window, verify vibration thresholds post-repair."
TSK-U-1162,Night Shift A,Healthcare,Inspect boiler pressure valve on Line 5 after fluctuating readings between 75 and 92 PSI throughout afternoon run.,Equipment Check,High,Pending,"Perform detailed physical inspection within first 30 minutes of shift, log baseline values in ShiftSync."
TSK-U-1163,Day Shift A,Healthcare,Recalibrate flow meters on chemical metering pump P-90 following high concentration error alert on batch #88832.,Equipment Check,High,Pending,"Perform detailed physical inspection within first 30 minutes of shift, log baseline values in ShiftSync."
TSK-U-1164,Day Shift B,Logistics & Warehousing,Emergency shutoff valve tripped automatically on Centrifugal Pump P-204 due to severe pressure spike in Loading Dock 7. Do not restart without supervisor sign-off.,Safety & Compliance,Critical,Pending,"Immediate escalation to safety supervisor, ensure area remains isolated, await hazardous response team."
TSK-U-1165,Day Shift B,Manufacturing,Perform zero-point calibration on digital weighing scales at packaging station 5.,Equipment Check,Medium,Pending,"Complete routine calibration, record deviations in system maintenance ledger."
TSK-U-1166,Night Shift A,Logistics & Warehousing,Verify barcode scanner handhelds at packing stations 4 through 6 are docked on charging cradles.,Equipment Check,Medium,Pending,"Complete routine calibration, record deviations in system maintenance ledger."
TSK-U-1167,Day Shift A,Logistics & Warehousing,Updated shift logbook Section 3 and signed off attendance register for outgoing operators.,Administration,Low,Completed,"File documentation into record repository, confirm routine sign-off."
TSK-U-1168,Night Shift A,Security & Facilities,Batch #56110 currently mixing in blending tank 10. Viscosity check scheduled at 20:30 by lab technician.,Operations,Medium,In Progress,"Continue production throughput tracking, ensure target quotas met before next handover."
TSK-U-1169,Day Shift A,Manufacturing,Batch #70300 currently mixing in blending tank 4. Viscosity check scheduled at 20:30 by lab technician.,Operations,Medium,In Progress,"Continue production throughput tracking, ensure target quotas met before next handover."
TSK-U-1170,Night Shift A,Healthcare,Completed mandatory pre-shift gas testing for oxygen deficiency and LEL in confined space tank #3. Safe to enter.,Safety & Compliance,High,Completed,"Audit verification log, ensure all corrective action items signed off by HSE officer."
TSK-U-1171,Evening Shift,Security & Facilities,Updated shift logbook Section 5 and signed off attendance register for outgoing operators.,Administration,Low,Completed,"File documentation into record repository, confirm routine sign-off."
TSK-U-1172,Day Shift A,Healthcare,Vibration analysis on Packaging Robot Arm R-3 indicates severe bearing wear. Speed derated to 60% to prevent total failure before overhaul.,Maintenance,High,In Progress,"Supervise overhaul at scheduled shift window, verify vibration thresholds post-repair."
TSK-U-1173,Night Shift B,Manufacturing,Primary refrigeration compressor in cold storage Assembly Line 4 failed at 19:23. Temperature rising rapidly; urgent transfer of perishable stock required.,Maintenance,Critical,In Progress,"Continuous monitoring of repair progress, ensure standby units ready, expedite technician parts dispatch."
TSK-U-1174,Day Shift A,Healthcare,Recalibrate flow meters on chemical metering pump P-40 following high concentration error alert on batch #92179.,Equipment Check,High,Pending,"Perform detailed physical inspection within first 30 minutes of shift, log baseline values in ShiftSync."
TSK-U-1175,Night Shift B,Healthcare,Recalibrate flow meters on chemical metering pump P-40 following high concentration error alert on batch #97295.,Equipment Check,High,Pending,"Perform detailed physical inspection within first 30 minutes of shift, log baseline values in ShiftSync."
TSK-U-1176,Day Shift B,Manufacturing,Conducted emergency spill response drill with incoming and outgoing crew in ICU Ward 3. Log submitted to Safety Officer.,Safety & Compliance,High,Completed,"Audit verification log, ensure all corrective action items signed off by HSE officer."
TSK-U-1177,Night Shift B,Energy & Utilities,"Main cooling water pump P-76 bearing seized, causing engine overheating. Replacement pump offline; technician currently rebuilding motor.",Maintenance,Critical,In Progress,"Continuous monitoring of repair progress, ensure standby units ready, expedite technician parts dispatch."
TSK-U-1178,Night Shift B,Security & Facilities,Sorting returned retail parcels in processing bay 4. Sorting queue estimated at 45 minutes remaining.,Operations,Medium,In Progress,"Continue production throughput tracking, ensure target quotas met before next handover."
TSK-U-1179,Day Shift B,Energy & Utilities,Emergency shutoff valve tripped automatically on Packaging Robot Arm R-3 due to severe pressure spike in HVAC Plant Deck. Do not restart without supervisor sign-off.,Safety & Compliance,Critical,Pending,"Immediate escalation to safety supervisor, ensure area remains isolated, await hazardous response team."
TSK-U-1180,Night Shift B,Healthcare,Processed shift transfer of 1104 sanitized linen bundles from laundry facility to surgical wards.,Operations,Medium,Completed,"Continue production throughput tracking, ensure target quotas met before next handover."
TSK-U-1181,Evening Shift,Healthcare,Emergency shutoff valve tripped automatically on Forklift FL-08 due to severe pressure spike in Loading Dock 7. Do not restart without supervisor sign-off.,Safety & Compliance,Critical,Pending,"Immediate escalation to safety supervisor, ensure area remains isolated, await hazardous response team."
TSK-U-1182,Day Shift B,Healthcare,Structural crack observed on support beam near Chemical Storage Annex. Immediate structural engineering inspection ordered; access restricted.,Safety & Compliance,Critical,Pending,"Immediate escalation to safety supervisor, ensure area remains isolated, await hazardous response team."
TSK-U-1183,Evening Shift,Healthcare,Oxygen supply manifold pressure dropped to 35 PSI in Ward 6. Switched to emergency cylinder bank; biomed engineer en route.,Maintenance,Critical,In Progress,"Continuous monitoring of repair progress, ensure standby units ready, expedite technician parts dispatch."
TSK-U-1184,Night Shift A,Manufacturing,Inspect boiler pressure valve on Line 6 after fluctuating readings between 75 and 92 PSI throughout afternoon run.,Equipment Check,High,Pending,"Perform detailed physical inspection within first 30 minutes of shift, log baseline values in ShiftSync."
TSK-U-1185,Day Shift A,Logistics & Warehousing,Inspect boiler pressure valve on Line 4 after fluctuating readings between 75 and 92 PSI throughout afternoon run.,Equipment Check,High,Pending,"Perform detailed physical inspection within first 30 minutes of shift, log baseline values in ShiftSync."
TSK-U-1186,Evening Shift,Manufacturing,"Loading freight container for shipment #83699; 14 of 24 pallets secured, remainder staged at dock 4.",Operations,Medium,In Progress,"Continue production throughput tracking, ensure target quotas met before next handover."
TSK-U-1187,Night Shift A,Logistics & Warehousing,Batch #71706 currently mixing in blending tank 5. Viscosity check scheduled at 20:30 by lab technician.,Operations,Medium,In Progress,"Continue production throughput tracking, ensure target quotas met before next handover."
TSK-U-1188,Day Shift B,Security & Facilities,Turned off non-essential bay lighting and conveyor idling drives in storage yard Y-South.,Operations,Low,Completed,"Routine handover sign-off, verify area cleanliness and equipment shutdown."
TSK-U-1189,Day Shift A,Security & Facilities,Verify operational readiness of emergency eyewash and deluge shower stations throughout chemical handling zone Zone-C.,Equipment Check,High,Pending,"Perform detailed physical inspection within first 30 minutes of shift, log baseline values in ShiftSync."
TSK-U-1190,Evening Shift,Security & Facilities,"Loading freight container for shipment #80870; 14 of 24 pallets secured, remainder staged at dock 8.",Operations,Medium,In Progress,"Continue production throughput tracking, ensure target quotas met before next handover."
TSK-U-1191,Day Shift A,Logistics & Warehousing,Smoke detector alarm triggered in Boiler Room 3. Fire suppression system engaged; fire marshals cleared building but electrical panel needs certified clearance.,Safety & Compliance,Critical,Pending,"Immediate escalation to safety supervisor, ensure area remains isolated, await hazardous response team."
TSK-U-1192,Night Shift B,Logistics & Warehousing,Primary refrigeration compressor in cold storage Warehouse Sector B failed at 16:37. Temperature rising rapidly; urgent transfer of perishable stock required.,Maintenance,Critical,In Progress,"Continuous monitoring of repair progress, ensure standby units ready, expedite technician parts dispatch."
TSK-U-1193,Day Shift B,Energy & Utilities,"Patient in ICU Bed 101 experienced sudden cardiac arrest, successfully stabilized on ventilator; critical observation required for next 4 hours.",Safety & Compliance,Critical,Pending,"Immediate escalation to safety supervisor, ensure area remains isolated, await hazardous response team."
TSK-U-1194,Evening Shift,Manufacturing,"Completed production run on batch #52594 with 1,240 units processed and palletized for QC clearance.",Operations,Medium,Completed,"Continue production throughput tracking, ensure target quotas met before next handover."
TSK-U-1195,Day Shift B,Security & Facilities,Sanitization of packaging line #5 underway following allergen product campaign run.,Operations,Medium,In Progress,"Continue production throughput tracking, ensure target quotas met before next handover."
TSK-U-1196,Evening Shift,Manufacturing,Batch #71960 currently mixing in blending tank 10. Viscosity check scheduled at 20:30 by lab technician.,Operations,Medium,In Progress,"Continue production throughput tracking, ensure target quotas met before next handover."
TSK-U-1197,Day Shift A,Energy & Utilities,Turned off non-essential bay lighting and conveyor idling drives in storage yard Y-North.,Operations,Low,Completed,"Routine handover sign-off, verify area cleanliness and equipment shutdown."
TSK-U-1198,Day Shift A,Logistics & Warehousing,"Main cooling water pump P-46 bearing seized, causing engine overheating. Replacement pump offline; technician currently rebuilding motor.",Maintenance,Critical,In Progress,"Continuous monitoring of repair progress, ensure standby units ready, expedite technician parts dispatch."
TSK-U-1199,Day Shift B,Healthcare,Processed shift transfer of 459 sanitized linen bundles from laundry facility to surgical wards.,Operations,Medium,Completed,"Continue production throughput tracking, ensure target quotas met before next handover."
TSK-U-1200,Day Shift A,Security & Facilities,Offloaded 4 container trailers at loading bay 9. Received bill of lading and entered records into WMS.,Operations,Medium,Completed,"Continue production throughput tracking, ensure target quotas met before next handover."
TSK-U-1201,Night Shift A,Security & Facilities,Check hydraulic fluid level and top up ISO VG 46 reservoir on stamping press PRS-1 before morning production.,Equipment Check,Medium,Pending,"Complete routine calibration, record deviations in system maintenance ledger."
TSK-U-1202,Day Shift A,Healthcare,Batch #60092 currently mixing in blending tank 6. Viscosity check scheduled at 20:30 by lab technician.,Operations,Medium,In Progress,"Continue production throughput tracking, ensure target quotas met before next handover."
TSK-U-1203,Night Shift B,Security & Facilities,"Main hydraulic line ruptured on Forklift FL-08 causing immediate line halt. Oil contained with absorbent pads, replacement hose arriving from supplier.",Maintenance,Critical,In Progress,"Continuous monitoring of repair progress, ensure standby units ready, expedite technician parts dispatch."
TSK-U-1204,Evening Shift,Energy & Utilities,High voltage arc flash occurred on Centrifugal Pump P-204 circuit breaker in Boiler Room 3. Lockout/Tagout (LOTO) active; electrician dispatch required immediately.,Safety & Compliance,Critical,Pending,"Immediate escalation to safety supervisor, ensure area remains isolated, await hazardous response team."
TSK-U-1205,Evening Shift,Manufacturing,Oxygen supply manifold pressure dropped to 35 PSI in Ward 1. Switched to emergency cylinder bank; biomed engineer en route.,Maintenance,Critical,In Progress,"Continuous monitoring of repair progress, ensure standby units ready, expedite technician parts dispatch."
TSK-U-1206,Night Shift A,Healthcare,Processed shift transfer of 289 sanitized linen bundles from laundry facility to surgical wards.,Operations,Medium,Completed,"Continue production throughput tracking, ensure target quotas met before next handover."
TSK-U-1207,Evening Shift,Manufacturing,"Patient in ICU Bed 139 experienced sudden cardiac arrest, successfully stabilized on ventilator; critical observation required for next 4 hours.",Safety & Compliance,Critical,Pending,"Immediate escalation to safety supervisor, ensure area remains isolated, await hazardous response team."
TSK-U-1208,Night Shift B,Manufacturing,Check belt tension and motor alignment on exhaust fan #7 on rooftop HVAC deck.,Equipment Check,Medium,Pending,"Complete routine calibration, record deviations in system maintenance ledger."
TSK-U-1209,Night Shift B,Energy & Utilities,"Completed production run on batch #89725 with 1,240 units processed and palletized for QC clearance.",Operations,Medium,Completed,"Continue production throughput tracking, ensure target quotas met before next handover."
TSK-U-1210,Night Shift B,Logistics & Warehousing,"Main cooling water pump P-79 bearing seized, causing engine overheating. Replacement pump offline; technician currently rebuilding motor.",Maintenance,Critical,In Progress,"Continuous monitoring of repair progress, ensure standby units ready, expedite technician parts dispatch."
TSK-U-1211,Day Shift B,Healthcare,"Main cooling water pump P-27 bearing seized, causing engine overheating. Replacement pump offline; technician currently rebuilding motor.",Maintenance,Critical,In Progress,"Continuous monitoring of repair progress, ensure standby units ready, expedite technician parts dispatch."
TSK-U-1212,Evening Shift,Energy & Utilities,Conducted emergency spill response drill with incoming and outgoing crew in Cold Storage Room 2. Log submitted to Safety Officer.,Safety & Compliance,High,Completed,"Audit verification log, ensure all corrective action items signed off by HSE officer."
TSK-U-1213,Day Shift A,Manufacturing,Verify operational readiness of emergency eyewash and deluge shower stations throughout chemical handling zone Zone-A.,Equipment Check,High,Pending,"Perform detailed physical inspection within first 30 minutes of shift, log baseline values in ShiftSync."
TSK-U-1214,Day Shift B,Security & Facilities,"Completed production run on batch #70593 with 1,240 units processed and palletized for QC clearance.",Operations,Medium,Completed,"Continue production throughput tracking, ensure target quotas met before next handover."
TSK-U-1215,Day Shift B,Logistics & Warehousing,High voltage arc flash occurred on Air Compressor AC-04 circuit breaker in Packaging Bay 1. Lockout/Tagout (LOTO) active; electrician dispatch required immediately.,Safety & Compliance,Critical,Pending,"Immediate escalation to safety supervisor, ensure area remains isolated, await hazardous response team."
TSK-U-1216,Night Shift B,Security & Facilities,Emergency shutoff valve tripped automatically on Boiler #2 due to severe pressure spike in Chemical Storage Annex. Do not restart without supervisor sign-off.,Safety & Compliance,Critical,Pending,"Immediate escalation to safety supervisor, ensure area remains isolated, await hazardous response team."
TSK-U-1217,Night Shift B,Logistics & Warehousing,"Main hydraulic line ruptured on Boiler #2 causing immediate line halt. Oil contained with absorbent pads, replacement hose arriving from supplier.",Maintenance,Critical,In Progress,"Continuous monitoring of repair progress, ensure standby units ready, expedite technician parts dispatch."
TSK-U-1218,Day Shift A,Energy & Utilities,"Main hydraulic line ruptured on Centrifugal Pump P-204 causing immediate line halt. Oil contained with absorbent pads, replacement hose arriving from supplier.",Maintenance,Critical,In Progress,"Continuous monitoring of repair progress, ensure standby units ready, expedite technician parts dispatch."
TSK-U-1219,Day Shift B,Security & Facilities,Batch #89261 currently mixing in blending tank 6. Viscosity check scheduled at 20:30 by lab technician.,Operations,Medium,In Progress,"Continue production throughput tracking, ensure target quotas met before next handover."
TSK-U-1220,Day Shift A,Logistics & Warehousing,Steam leak detected on flange joint upstream of Centrifugal Pump P-204. Area barricaded; pipefitters scheduled for gasket swap at 22:00.,Maintenance,High,In Progress,"Supervise overhaul at scheduled shift window, verify vibration thresholds post-repair."
TSK-U-1221,Evening Shift,Energy & Utilities,Filed completed maintenance work orders #WO-21167 into central physical records cabinet.,Administration,Low,Completed,"File documentation into record repository, confirm routine sign-off."
TSK-U-1222,Night Shift A,Energy & Utilities,Dispatched scheduled freight cargo to regional hub via transport route RT-282 without dispatch delays.,Operations,Medium,Completed,"Continue production throughput tracking, ensure target quotas met before next handover."
TSK-U-1223,Night Shift B,Logistics & Warehousing,Conveyor belt CV-7 in ICU Ward 3 showing significant tear along edge. Temporary patch applied; needs full vulcanizing splice tonight.,Maintenance,High,In Progress,"Supervise overhaul at scheduled shift window, verify vibration thresholds post-repair."
TSK-U-1224,Night Shift A,Energy & Utilities,Ammonia gas leakage sensor threshold exceeded at Cold Storage Room 2. Evacuation protocol executed; ventilation fans running on emergency backup.,Safety & Compliance,Critical,Pending,"Immediate escalation to safety supervisor, ensure area remains isolated, await hazardous response team."
TSK-U-1225,Day Shift B,Security & Facilities,Processed shift transfer of 733 sanitized linen bundles from laundry facility to surgical wards.,Operations,Medium,Completed,"Continue production throughput tracking, ensure target quotas met before next handover."
TSK-U-1226,Night Shift A,Security & Facilities,Main server room backup UPS inverter failed battery self-test during power flicker. Generator manually engaged; vendor ticket #CRIT-5152 open.,Maintenance,Critical,In Progress,"Continuous monitoring of repair progress, ensure standby units ready, expedite technician parts dispatch."
TSK-U-1227,Day Shift B,Manufacturing,Dispatched scheduled freight cargo to regional hub via transport route RT-268 without dispatch delays.,Operations,Medium,Completed,"Continue production throughput tracking, ensure target quotas met before next handover."
TSK-U-1228,Evening Shift,Healthcare,Recalibrate flow meters on chemical metering pump P-71 following high concentration error alert on batch #79700.,Equipment Check,High,Pending,"Perform detailed physical inspection within first 30 minutes of shift, log baseline values in ShiftSync."
TSK-U-1229,Day Shift B,Healthcare,Primary refrigeration compressor in cold storage Substation East failed at 17:37. Temperature rising rapidly; urgent transfer of perishable stock required.,Maintenance,Critical,In Progress,"Continuous monitoring of repair progress, ensure standby units ready, expedite technician parts dispatch."
TSK-U-1230,Night Shift A,Manufacturing,Recalibrate flow meters on chemical metering pump P-27 following high concentration error alert on batch #63489.,Equipment Check,High,Pending,"Perform detailed physical inspection within first 30 minutes of shift, log baseline values in ShiftSync."
TSK-U-1231,Day Shift B,Security & Facilities,Processed shift transfer of 702 sanitized linen bundles from laundry facility to surgical wards.,Operations,Medium,Completed,"Continue production throughput tracking, ensure target quotas met before next handover."
TSK-U-1232,Evening Shift,Security & Facilities,Hydraulic seal leaking on forklift FL-6. Parked in maintenance bay; replacement o-rings ordered from central stores.,Maintenance,High,In Progress,"Supervise overhaul at scheduled shift window, verify vibration thresholds post-repair."
TSK-U-1233,Day Shift B,Logistics & Warehousing,Major chemical spill reported in Loading Dock 7; evacuated personnel and awaiting specialized hazardous materials cleanup crew.,Safety & Compliance,Critical,Pending,"Immediate escalation to safety supervisor, ensure area remains isolated, await hazardous response team."
TSK-U-1234,Night Shift A,Manufacturing,Batch #53991 currently mixing in blending tank 1. Viscosity check scheduled at 20:30 by lab technician.,Operations,Medium,In Progress,"Continue production throughput tracking, ensure target quotas met before next handover."
TSK-U-1235,Night Shift A,Energy & Utilities,Offloaded 4 container trailers at loading bay 11. Received bill of lading and entered records into WMS.,Operations,Medium,Completed,"Continue production throughput tracking, ensure target quotas met before next handover."
TSK-U-1236,Night Shift A,Manufacturing,Verify barcode scanner handhelds at packing stations 1 through 6 are docked on charging cradles.,Equipment Check,Medium,Pending,"Complete routine calibration, record deviations in system maintenance ledger."
TSK-U-1237,Day Shift A,Security & Facilities,Structural crack observed on support beam near Substation East. Immediate structural engineering inspection ordered; access restricted.,Safety & Compliance,Critical,Pending,"Immediate escalation to safety supervisor, ensure area remains isolated, await hazardous response team."
TSK-U-1238,Evening Shift,Manufacturing,Batch #54547 currently mixing in blending tank 6. Viscosity check scheduled at 20:30 by lab technician.,Operations,Medium,In Progress,"Continue production throughput tracking, ensure target quotas met before next handover."
TSK-U-1239,Day Shift A,Energy & Utilities,Recalibrate flow meters on chemical metering pump P-96 following high concentration error alert on batch #71725.,Equipment Check,High,Pending,"Perform detailed physical inspection within first 30 minutes of shift, log baseline values in ShiftSync."
TSK-U-1240,Night Shift B,Energy & Utilities,Primary refrigeration compressor in cold storage Packaging Bay 1 failed at 21:31. Temperature rising rapidly; urgent transfer of perishable stock required.,Maintenance,Critical,In Progress,"Continuous monitoring of repair progress, ensure standby units ready, expedite technician parts dispatch."
TSK-U-1241,Night Shift B,Security & Facilities,Vibration analysis on Conveyor Belt C-12 indicates severe bearing wear. Speed derated to 60% to prevent total failure before overhaul.,Maintenance,High,In Progress,"Supervise overhaul at scheduled shift window, verify vibration thresholds post-repair."
TSK-U-1242,Evening Shift,Security & Facilities,Recalibrate flow meters on chemical metering pump P-30 following high concentration error alert on batch #81241.,Equipment Check,High,Pending,"Perform detailed physical inspection within first 30 minutes of shift, log baseline values in ShiftSync."
TSK-U-1243,Evening Shift,Security & Facilities,"Main cooling water pump P-36 bearing seized, causing engine overheating. Replacement pump offline; technician currently rebuilding motor.",Maintenance,Critical,In Progress,"Continuous monitoring of repair progress, ensure standby units ready, expedite technician parts dispatch."
TSK-U-1244,Day Shift B,Logistics & Warehousing,Investigated near-miss incident involving pallet jack collision in aisle 4. Statement recorded and forwarded to HSE.,Safety & Compliance,High,Completed,"Audit verification log, ensure all corrective action items signed off by HSE officer."
TSK-U-1245,Night Shift B,Energy & Utilities,Data reconciliation in progress between ERP inventory count and physical warehouse bins in zone Zone-A.,Operations,Medium,In Progress,"Continue production throughput tracking, ensure target quotas met before next handover."
TSK-U-1246,Day Shift B,Energy & Utilities,Perimeter security fence breached at North Perimeter Gate; police notified and security guards dispatched for sweep. Ongoing lockdown.,Safety & Compliance,Critical,Pending,"Immediate escalation to safety supervisor, ensure area remains isolated, await hazardous response team."
TSK-U-1247,Night Shift B,Energy & Utilities,Recalibrate flow meters on chemical metering pump P-36 following high concentration error alert on batch #69881.,Equipment Check,High,Pending,"Perform detailed physical inspection within first 30 minutes of shift, log baseline values in ShiftSync."
TSK-U-1248,Day Shift A,Logistics & Warehousing,Check emergency battery banks in electrical substation SS-1 before oncoming night shift.,Equipment Check,High,Pending,"Perform detailed physical inspection within first 30 minutes of shift, log baseline values in ShiftSync."
TSK-U-1249,Evening Shift,Manufacturing,Primary refrigeration compressor in cold storage Assembly Line 4 failed at 15:52. Temperature rising rapidly; urgent transfer of perishable stock required.,Maintenance,Critical,In Progress,"Continuous monitoring of repair progress, ensure standby units ready, expedite technician parts dispatch."
TSK-U-1250,Night Shift A,Logistics & Warehousing,Ammonia gas leakage sensor threshold exceeded at Loading Dock 7. Evacuation protocol executed; ventilation fans running on emergency backup.,Safety & Compliance,Critical,Pending,"Immediate escalation to safety supervisor, ensure area remains isolated, await hazardous response team."
TSK-U-1251,Night Shift B,Healthcare,Verify barcode scanner handhelds at packing stations 2 through 7 are docked on charging cradles.,Equipment Check,Medium,Pending,"Complete routine calibration, record deviations in system maintenance ledger."
TSK-U-1252,Day Shift A,Healthcare,Order replacement label printer ribbons and thermal paper rolls for dispatch desk 5.,Administration,Low,Pending,"File documentation into record repository, confirm routine sign-off."
TSK-U-1253,Evening Shift,Healthcare,Dispatched scheduled freight cargo to regional hub via transport route RT-108 without dispatch delays.,Operations,Medium,Completed,"Continue production throughput tracking, ensure target quotas met before next handover."
TSK-U-1254,Night Shift B,Security & Facilities,Conveyor belt CV-7 in Chemical Storage Annex showing significant tear along edge. Temporary patch applied; needs full vulcanizing splice tonight.,Maintenance,High,In Progress,"Supervise overhaul at scheduled shift window, verify vibration thresholds post-repair."
TSK-U-1255,Night Shift B,Healthcare,Perform zero-point calibration on digital weighing scales at packaging station 9.,Equipment Check,Medium,Pending,"Complete routine calibration, record deviations in system maintenance ledger."
TSK-U-1256,Night Shift A,Healthcare,Ammonia gas leakage sensor threshold exceeded at Boiler Room 3. Evacuation protocol executed; ventilation fans running on emergency backup.,Safety & Compliance,Critical,Pending,"Immediate escalation to safety supervisor, ensure area remains isolated, await hazardous response team."
TSK-U-1257,Evening Shift,Healthcare,Perform zero-point calibration on digital weighing scales at packaging station 4.,Equipment Check,Medium,Pending,"Complete routine calibration, record deviations in system maintenance ledger."
TSK-U-1258,Night Shift A,Manufacturing,Finished routine inventory cycle count for high-value components in bin rack R-42; variance reconciled within 0.2%.,Operations,Medium,Completed,"Continue production throughput tracking, ensure target quotas met before next handover."
TSK-U-1259,Day Shift A,Manufacturing,Recalibrate flow meters on chemical metering pump P-50 following high concentration error alert on batch #52005.,Equipment Check,High,Pending,"Perform detailed physical inspection within first 30 minutes of shift, log baseline values in ShiftSync."
TSK-U-1260,Evening Shift,Energy & Utilities,"Main cooling water pump P-99 bearing seized, causing engine overheating. Replacement pump offline; technician currently rebuilding motor.",Maintenance,Critical,In Progress,"Continuous monitoring of repair progress, ensure standby units ready, expedite technician parts dispatch."
TSK-U-1261,Day Shift B,Manufacturing,Oxygen supply manifold pressure dropped to 35 PSI in Ward 3. Switched to emergency cylinder bank; biomed engineer en route.,Maintenance,Critical,In Progress,"Continuous monitoring of repair progress, ensure standby units ready, expedite technician parts dispatch."
TSK-U-1262,Day Shift A,Logistics & Warehousing,"Main cooling water pump P-67 bearing seized, causing engine overheating. Replacement pump offline; technician currently rebuilding motor.",Maintenance,Critical,In Progress,"Continuous monitoring of repair progress, ensure standby units ready, expedite technician parts dispatch."
TSK-U-1263,Night Shift A,Energy & Utilities,Batch #93149 currently mixing in blending tank 7. Viscosity check scheduled at 20:30 by lab technician.,Operations,Medium,In Progress,"Continue production throughput tracking, ensure target quotas met before next handover."
TSK-U-1264,Day Shift B,Logistics & Warehousing,Finished routine inventory cycle count for high-value components in bin rack R-85; variance reconciled within 0.2%.,Operations,Medium,Completed,"Continue production throughput tracking, ensure target quotas met before next handover."
TSK-U-1265,Night Shift B,Energy & Utilities,Order replacement label printer ribbons and thermal paper rolls for dispatch desk 3.,Administration,Low,Pending,"File documentation into record repository, confirm routine sign-off."
TSK-U-1266,Day Shift A,Security & Facilities,Offloaded 4 container trailers at loading bay 7. Received bill of lading and entered records into WMS.,Operations,Medium,Completed,"Continue production throughput tracking, ensure target quotas met before next handover."
TSK-U-1267,Night Shift B,Healthcare,"Completed production run on batch #73149 with 1,240 units processed and palletized for QC clearance.",Operations,Medium,Completed,"Continue production throughput tracking, ensure target quotas met before next handover."
TSK-U-1268,Evening Shift,Healthcare,Conveyor belt CV-8 in Packaging Bay 1 showing significant tear along edge. Temporary patch applied; needs full vulcanizing splice tonight.,Maintenance,High,In Progress,"Supervise overhaul at scheduled shift window, verify vibration thresholds post-repair."
TSK-U-1269,Day Shift A,Healthcare,Check belt tension and motor alignment on exhaust fan #5 on rooftop HVAC deck.,Equipment Check,Medium,Pending,"Complete routine calibration, record deviations in system maintenance ledger."
TSK-U-1270,Night Shift B,Energy & Utilities,"Main cooling water pump P-15 bearing seized, causing engine overheating. Replacement pump offline; technician currently rebuilding motor.",Maintenance,Critical,In Progress,"Continuous monitoring of repair progress, ensure standby units ready, expedite technician parts dispatch."
TSK-U-1271,Day Shift A,Security & Facilities,Recalibrate flow meters on chemical metering pump P-94 following high concentration error alert on batch #97452.,Equipment Check,High,Pending,"Perform detailed physical inspection within first 30 minutes of shift, log baseline values in ShiftSync."
TSK-U-1272,Day Shift A,Energy & Utilities,Recalibrate flow meters on chemical metering pump P-86 following high concentration error alert on batch #68296.,Equipment Check,High,Pending,"Perform detailed physical inspection within first 30 minutes of shift, log baseline values in ShiftSync."
TSK-U-1273,Night Shift B,Healthcare,Hydraulic seal leaking on forklift FL-2. Parked in maintenance bay; replacement o-rings ordered from central stores.,Maintenance,High,In Progress,"Supervise overhaul at scheduled shift window, verify vibration thresholds post-repair."
TSK-U-1274,Evening Shift,Healthcare,Hydraulic seal leaking on forklift FL-9. Parked in maintenance bay; replacement o-rings ordered from central stores.,Maintenance,High,In Progress,"Supervise overhaul at scheduled shift window, verify vibration thresholds post-repair."
TSK-U-1275,Night Shift A,Energy & Utilities,Oxygen supply manifold pressure dropped to 35 PSI in Ward 8. Switched to emergency cylinder bank; biomed engineer en route.,Maintenance,Critical,In Progress,"Continuous monitoring of repair progress, ensure standby units ready, expedite technician parts dispatch."
TSK-U-1276,Evening Shift,Energy & Utilities,Batch #99171 currently mixing in blending tank 4. Viscosity check scheduled at 20:30 by lab technician.,Operations,Medium,In Progress,"Continue production throughput tracking, ensure target quotas met before next handover."
TSK-U-1277,Evening Shift,Security & Facilities,Updated shift logbook Section 2 and signed off attendance register for outgoing operators.,Administration,Low,Completed,"File documentation into record repository, confirm routine sign-off."
TSK-U-1278,Night Shift A,Healthcare,Processed shift transfer of 1002 sanitized linen bundles from laundry facility to surgical wards.,Operations,Medium,Completed,"Continue production throughput tracking, ensure target quotas met before next handover."
TSK-U-1279,Night Shift B,Security & Facilities,Emergency shutoff valve tripped automatically on Boiler #2 due to severe pressure spike in Boiler Room 3. Do not restart without supervisor sign-off.,Safety & Compliance,Critical,Pending,"Immediate escalation to safety supervisor, ensure area remains isolated, await hazardous response team."
TSK-U-1280,Evening Shift,Logistics & Warehousing,High voltage arc flash occurred on Stamping Press SP-11 circuit breaker in Warehouse Sector B. Lockout/Tagout (LOTO) active; electrician dispatch required immediately.,Safety & Compliance,Critical,Pending,"Immediate escalation to safety supervisor, ensure area remains isolated, await hazardous response team."
TSK-U-1281,Night Shift B,Energy & Utilities,"Main hydraulic line ruptured on Packaging Robot Arm R-3 causing immediate line halt. Oil contained with absorbent pads, replacement hose arriving from supplier.",Maintenance,Critical,In Progress,"Continuous monitoring of repair progress, ensure standby units ready, expedite technician parts dispatch."
TSK-U-1282,Day Shift B,Energy & Utilities,High voltage arc flash occurred on Packaging Robot Arm R-3 circuit breaker in Boiler Room 3. Lockout/Tagout (LOTO) active; electrician dispatch required immediately.,Safety & Compliance,Critical,Pending,"Immediate escalation to safety supervisor, ensure area remains isolated, await hazardous response team."
TSK-U-1283,Day Shift B,Healthcare,Steam leak detected on flange joint upstream of Conveyor Belt C-12. Area barricaded; pipefitters scheduled for gasket swap at 22:00.,Maintenance,High,In Progress,"Supervise overhaul at scheduled shift window, verify vibration thresholds post-repair."
TSK-U-1284,Day Shift B,Healthcare,Inspect boiler pressure valve on Line 1 after fluctuating readings between 75 and 92 PSI throughout afternoon run.,Equipment Check,High,Pending,"Perform detailed physical inspection within first 30 minutes of shift, log baseline values in ShiftSync."
TSK-U-1285,Night Shift B,Energy & Utilities,Inspect automated guided vehicle (AGV) docking rail #3 after two navigation tracking faults occurred during peak dispatch.,Equipment Check,High,Pending,"Perform detailed physical inspection within first 30 minutes of shift, log baseline values in ShiftSync."
TSK-U-1286,Night Shift A,Logistics & Warehousing,Primary refrigeration compressor in cold storage Cold Storage Room 2 failed at 20:29. Temperature rising rapidly; urgent transfer of perishable stock required.,Maintenance,Critical,In Progress,"Continuous monitoring of repair progress, ensure standby units ready, expedite technician parts dispatch."
TSK-U-1287,Day Shift B,Healthcare,Dispatched scheduled freight cargo to regional hub via transport route RT-161 without dispatch delays.,Operations,Medium,Completed,"Continue production throughput tracking, ensure target quotas met before next handover."
TSK-U-1288,Night Shift A,Healthcare,Hydraulic seal leaking on forklift FL-11. Parked in maintenance bay; replacement o-rings ordered from central stores.,Maintenance,High,In Progress,"Supervise overhaul at scheduled shift window, verify vibration thresholds post-repair."
TSK-U-1289,Day Shift B,Healthcare,"Patient in ICU Bed 137 experienced sudden cardiac arrest, successfully stabilized on ventilator; critical observation required for next 4 hours.",Safety & Compliance,Critical,Pending,"Immediate escalation to safety supervisor, ensure area remains isolated, await hazardous response team."
TSK-U-1290,Day Shift A,Energy & Utilities,Emergency shutoff valve tripped automatically on Stamping Press SP-11 due to severe pressure spike in Assembly Line 4. Do not restart without supervisor sign-off.,Safety & Compliance,Critical,Pending,"Immediate escalation to safety supervisor, ensure area remains isolated, await hazardous response team."
TSK-U-1291,Day Shift B,Security & Facilities,Smoke detector alarm triggered in Assembly Line 4. Fire suppression system engaged; fire marshals cleared building but electrical panel needs certified clearance.,Safety & Compliance,Critical,Pending,"Immediate escalation to safety supervisor, ensure area remains isolated, await hazardous response team."
TSK-U-1292,Night Shift A,Logistics & Warehousing,Sorting returned retail parcels in processing bay 11. Sorting queue estimated at 45 minutes remaining.,Operations,Medium,In Progress,"Continue production throughput tracking, ensure target quotas met before next handover."
TSK-U-1293,Day Shift A,Logistics & Warehousing,"Loading freight container for shipment #82693; 14 of 24 pallets secured, remainder staged at dock 5.",Operations,Medium,In Progress,"Continue production throughput tracking, ensure target quotas met before next handover."
TSK-U-1294,Night Shift B,Security & Facilities,High voltage arc flash occurred on Packaging Robot Arm R-3 circuit breaker in Loading Dock 7. Lockout/Tagout (LOTO) active; electrician dispatch required immediately.,Safety & Compliance,Critical,Pending,"Immediate escalation to safety supervisor, ensure area remains isolated, await hazardous response team."
TSK-U-1295,Evening Shift,Healthcare,Batch #67432 currently mixing in blending tank 6. Viscosity check scheduled at 20:30 by lab technician.,Operations,Medium,In Progress,"Continue production throughput tracking, ensure target quotas met before next handover."
TSK-U-1296,Day Shift A,Logistics & Warehousing,Primary refrigeration compressor in cold storage Cold Storage Room 2 failed at 13:24. Temperature rising rapidly; urgent transfer of perishable stock required.,Maintenance,Critical,In Progress,"Continuous monitoring of repair progress, ensure standby units ready, expedite technician parts dispatch."
TSK-U-1297,Night Shift A,Security & Facilities,"Loading freight container for shipment #81197; 14 of 24 pallets secured, remainder staged at dock 3.",Operations,Medium,In Progress,"Continue production throughput tracking, ensure target quotas met before next handover."
TSK-U-1298,Day Shift B,Manufacturing,Primary refrigeration compressor in cold storage Loading Dock 7 failed at 19:52. Temperature rising rapidly; urgent transfer of perishable stock required.,Maintenance,Critical,In Progress,"Continuous monitoring of repair progress, ensure standby units ready, expedite technician parts dispatch."
TSK-U-1299,Day Shift B,Energy & Utilities,Steam leak detected on flange joint upstream of Packaging Robot Arm R-3. Area barricaded; pipefitters scheduled for gasket swap at 22:00.,Maintenance,High,In Progress,"Supervise overhaul at scheduled shift window, verify vibration thresholds post-repair."
TSK-U-1300,Day Shift B,Energy & Utilities,Main server room backup UPS inverter failed battery self-test during power flicker. Generator manually engaged; vendor ticket #CRIT-4548 open.,Maintenance,Critical,In Progress,"Continuous monitoring of repair progress, ensure standby units ready, expedite technician parts dispatch."
TSK-U-1301,Night Shift A,Healthcare,Verify barcode scanner handhelds at packing stations 2 through 5 are docked on charging cradles.,Equipment Check,Medium,Pending,"Complete routine calibration, record deviations in system maintenance ledger."
TSK-U-1302,Night Shift B,Energy & Utilities,Emergency shutoff valve tripped automatically on Chiller Unit CH-02 due to severe pressure spike in HVAC Plant Deck. Do not restart without supervisor sign-off.,Safety & Compliance,Critical,Pending,"Immediate escalation to safety supervisor, ensure area remains isolated, await hazardous response team."
TSK-U-1303,Evening Shift,Security & Facilities,Conducted emergency spill response drill with incoming and outgoing crew in Boiler Room 3. Log submitted to Safety Officer.,Safety & Compliance,High,Completed,"Audit verification log, ensure all corrective action items signed off by HSE officer."
TSK-U-1304,Night Shift A,Energy & Utilities,Main server room backup UPS inverter failed battery self-test during power flicker. Generator manually engaged; vendor ticket #CRIT-7772 open.,Maintenance,Critical,In Progress,"Continuous monitoring of repair progress, ensure standby units ready, expedite technician parts dispatch."
TSK-U-1305,Day Shift A,Manufacturing,Recalibrate flow meters on chemical metering pump P-81 following high concentration error alert on batch #81816.,Equipment Check,High,Pending,"Perform detailed physical inspection within first 30 minutes of shift, log baseline values in ShiftSync."
TSK-U-1306,Night Shift A,Healthcare,Steam leak detected on flange joint upstream of Forklift FL-08. Area barricaded; pipefitters scheduled for gasket swap at 22:00.,Maintenance,High,In Progress,"Supervise overhaul at scheduled shift window, verify vibration thresholds post-repair."
TSK-U-1307,Night Shift B,Energy & Utilities,"Main cooling water pump P-37 bearing seized, causing engine overheating. Replacement pump offline; technician currently rebuilding motor.",Maintenance,Critical,In Progress,"Continuous monitoring of repair progress, ensure standby units ready, expedite technician parts dispatch."
TSK-U-1308,Evening Shift,Energy & Utilities,Recalibrate flow meters on chemical metering pump P-37 following high concentration error alert on batch #56931.,Equipment Check,High,Pending,"Perform detailed physical inspection within first 30 minutes of shift, log baseline values in ShiftSync."
TSK-U-1309,Night Shift B,Energy & Utilities,Turned off non-essential bay lighting and conveyor idling drives in storage yard Y-West.,Operations,Low,Completed,"Routine handover sign-off, verify area cleanliness and equipment shutdown."
TSK-U-1310,Day Shift B,Logistics & Warehousing,Recalibrate flow meters on chemical metering pump P-50 following high concentration error alert on batch #64418.,Equipment Check,High,Pending,"Perform detailed physical inspection within first 30 minutes of shift, log baseline values in ShiftSync."
TSK-U-1311,Evening Shift,Energy & Utilities,Recalibrate flow meters on chemical metering pump P-74 following high concentration error alert on batch #86125.,Equipment Check,High,Pending,"Perform detailed physical inspection within first 30 minutes of shift, log baseline values in ShiftSync."
TSK-U-1312,Day Shift A,Security & Facilities,Conveyor belt CV-6 in Boiler Room 3 showing significant tear along edge. Temporary patch applied; needs full vulcanizing splice tonight.,Maintenance,High,In Progress,"Supervise overhaul at scheduled shift window, verify vibration thresholds post-repair."
TSK-U-1313,Night Shift A,Energy & Utilities,Verify operational readiness of emergency eyewash and deluge shower stations throughout chemical handling zone Zone-D.,Equipment Check,High,Pending,"Perform detailed physical inspection within first 30 minutes of shift, log baseline values in ShiftSync."
TSK-U-1314,Evening Shift,Security & Facilities,"Main hydraulic line ruptured on Conveyor Belt C-12 causing immediate line halt. Oil contained with absorbent pads, replacement hose arriving from supplier.",Maintenance,Critical,In Progress,"Continuous monitoring of repair progress, ensure standby units ready, expedite technician parts dispatch."
TSK-U-1315,Night Shift A,Manufacturing,Primary refrigeration compressor in cold storage Boiler Room 3 failed at 13:31. Temperature rising rapidly; urgent transfer of perishable stock required.,Maintenance,Critical,In Progress,"Continuous monitoring of repair progress, ensure standby units ready, expedite technician parts dispatch."
TSK-U-1316,Evening Shift,Manufacturing,Order replacement label printer ribbons and thermal paper rolls for dispatch desk 6.,Administration,Low,Pending,"File documentation into record repository, confirm routine sign-off."
TSK-U-1317,Day Shift B,Logistics & Warehousing,"Completed production run on batch #90113 with 1,240 units processed and palletized for QC clearance.",Operations,Medium,Completed,"Continue production throughput tracking, ensure target quotas met before next handover."
TSK-U-1318,Day Shift A,Security & Facilities,Batch #60161 currently mixing in blending tank 10. Viscosity check scheduled at 20:30 by lab technician.,Operations,Medium,In Progress,"Continue production throughput tracking, ensure target quotas met before next handover."
TSK-U-1319,Evening Shift,Logistics & Warehousing,Batch #87060 currently mixing in blending tank 5. Viscosity check scheduled at 20:30 by lab technician.,Operations,Medium,In Progress,"Continue production throughput tracking, ensure target quotas met before next handover."
TSK-U-1320,Night Shift B,Logistics & Warehousing,Main server room backup UPS inverter failed battery self-test during power flicker. Generator manually engaged; vendor ticket #CRIT-4031 open.,Maintenance,Critical,In Progress,"Continuous monitoring of repair progress, ensure standby units ready, expedite technician parts dispatch."
TSK-U-1321,Evening Shift,Manufacturing,Processed shift transfer of 271 sanitized linen bundles from laundry facility to surgical wards.,Operations,Medium,Completed,"Continue production throughput tracking, ensure target quotas met before next handover."
TSK-U-1322,Night Shift B,Security & Facilities,Investigated near-miss incident involving pallet jack collision in aisle 11. Statement recorded and forwarded to HSE.,Safety & Compliance,High,Completed,"Audit verification log, ensure all corrective action items signed off by HSE officer."
TSK-U-1323,Evening Shift,Energy & Utilities,Offloaded 4 container trailers at loading bay 8. Received bill of lading and entered records into WMS.,Operations,Medium,Completed,"Continue production throughput tracking, ensure target quotas met before next handover."
TSK-U-1324,Evening Shift,Security & Facilities,Dispatched scheduled freight cargo to regional hub via transport route RT-331 without dispatch delays.,Operations,Medium,Completed,"Continue production throughput tracking, ensure target quotas met before next handover."
TSK-U-1325,Night Shift A,Energy & Utilities,"Completed production run on batch #98785 with 1,240 units processed and palletized for QC clearance.",Operations,Medium,Completed,"Continue production throughput tracking, ensure target quotas met before next handover."
TSK-U-1326,Day Shift A,Logistics & Warehousing,Oxygen supply manifold pressure dropped to 35 PSI in Ward 5. Switched to emergency cylinder bank; biomed engineer en route.,Maintenance,Critical,In Progress,"Continuous monitoring of repair progress, ensure standby units ready, expedite technician parts dispatch."
TSK-U-1327,Evening Shift,Security & Facilities,Batch #70774 currently mixing in blending tank 8. Viscosity check scheduled at 20:30 by lab technician.,Operations,Medium,In Progress,"Continue production throughput tracking, ensure target quotas met before next handover."
TSK-U-1328,Day Shift B,Healthcare,Verify barcode scanner handhelds at packing stations 2 through 6 are docked on charging cradles.,Equipment Check,Medium,Pending,"Complete routine calibration, record deviations in system maintenance ledger."
TSK-U-1329,Day Shift B,Healthcare,Main server room backup UPS inverter failed battery self-test during power flicker. Generator manually engaged; vendor ticket #CRIT-8050 open.,Maintenance,Critical,In Progress,"Continuous monitoring of repair progress, ensure standby units ready, expedite technician parts dispatch."
TSK-U-1330,Night Shift B,Energy & Utilities,"Loading freight container for shipment #78512; 14 of 24 pallets secured, remainder staged at dock 1.",Operations,Medium,In Progress,"Continue production throughput tracking, ensure target quotas met before next handover."
TSK-U-1331,Night Shift B,Manufacturing,Investigated near-miss incident involving pallet jack collision in aisle 20. Statement recorded and forwarded to HSE.,Safety & Compliance,High,Completed,"Audit verification log, ensure all corrective action items signed off by HSE officer."
TSK-U-1332,Night Shift B,Security & Facilities,Major chemical spill reported in Substation East; evacuated personnel and awaiting specialized hazardous materials cleanup crew.,Safety & Compliance,Critical,Pending,"Immediate escalation to safety supervisor, ensure area remains isolated, await hazardous response team."
TSK-U-1333,Day Shift A,Manufacturing,Primary refrigeration compressor in cold storage Substation East failed at 23:36. Temperature rising rapidly; urgent transfer of perishable stock required.,Maintenance,Critical,In Progress,"Continuous monitoring of repair progress, ensure standby units ready, expedite technician parts dispatch."
TSK-U-1334,Night Shift A,Manufacturing,"Loading freight container for shipment #84182; 14 of 24 pallets secured, remainder staged at dock 5.",Operations,Medium,In Progress,"Continue production throughput tracking, ensure target quotas met before next handover."
TSK-U-1335,Night Shift A,Logistics & Warehousing,"Main cooling water pump P-77 bearing seized, causing engine overheating. Replacement pump offline; technician currently rebuilding motor.",Maintenance,Critical,In Progress,"Continuous monitoring of repair progress, ensure standby units ready, expedite technician parts dispatch."
TSK-U-1336,Evening Shift,Healthcare,Primary refrigeration compressor in cold storage Boiler Room 3 failed at 10:59. Temperature rising rapidly; urgent transfer of perishable stock required.,Maintenance,Critical,In Progress,"Continuous monitoring of repair progress, ensure standby units ready, expedite technician parts dispatch."
TSK-U-1337,Night Shift A,Security & Facilities,Check belt tension and motor alignment on exhaust fan #2 on rooftop HVAC deck.,Equipment Check,Medium,Pending,"Complete routine calibration, record deviations in system maintenance ledger."
TSK-U-1338,Day Shift B,Logistics & Warehousing,Completed mandatory pre-shift gas testing for oxygen deficiency and LEL in confined space tank #1. Safe to enter.,Safety & Compliance,High,Completed,"Audit verification log, ensure all corrective action items signed off by HSE officer."
TSK-U-1339,Day Shift A,Energy & Utilities,"Patient in ICU Bed 118 experienced sudden cardiac arrest, successfully stabilized on ventilator; critical observation required for next 4 hours.",Safety & Compliance,Critical,Pending,"Immediate escalation to safety supervisor, ensure area remains isolated, await hazardous response team."
TSK-U-1340,Day Shift A,Healthcare,Perform zero-point calibration on digital weighing scales at packaging station 8.,Equipment Check,Medium,Pending,"Complete routine calibration, record deviations in system maintenance ledger."
TSK-U-1341,Night Shift B,Security & Facilities,Main server room backup UPS inverter failed battery self-test during power flicker. Generator manually engaged; vendor ticket #CRIT-7623 open.,Maintenance,Critical,In Progress,"Continuous monitoring of repair progress, ensure standby units ready, expedite technician parts dispatch."
TSK-U-1342,Day Shift A,Energy & Utilities,Perform zero-point calibration on digital weighing scales at packaging station 3.,Equipment Check,Medium,Pending,"Complete routine calibration, record deviations in system maintenance ledger."
TSK-U-1343,Evening Shift,Energy & Utilities,Order replacement label printer ribbons and thermal paper rolls for dispatch desk 2.,Administration,Low,Pending,"File documentation into record repository, confirm routine sign-off."
TSK-U-1344,Evening Shift,Logistics & Warehousing,Vibration analysis on Air Compressor AC-04 indicates severe bearing wear. Speed derated to 60% to prevent total failure before overhaul.,Maintenance,High,In Progress,"Supervise overhaul at scheduled shift window, verify vibration thresholds post-repair."
TSK-U-1345,Day Shift B,Energy & Utilities,Sorting returned retail parcels in processing bay 1. Sorting queue estimated at 45 minutes remaining.,Operations,Medium,In Progress,"Continue production throughput tracking, ensure target quotas met before next handover."
TSK-U-1346,Night Shift B,Healthcare,Conveyor belt CV-11 in Assembly Line 4 showing significant tear along edge. Temporary patch applied; needs full vulcanizing splice tonight.,Maintenance,High,In Progress,"Supervise overhaul at scheduled shift window, verify vibration thresholds post-repair."
TSK-U-1347,Night Shift B,Energy & Utilities,High voltage arc flash occurred on Conveyor Belt C-12 circuit breaker in ICU Ward 3. Lockout/Tagout (LOTO) active; electrician dispatch required immediately.,Safety & Compliance,Critical,Pending,"Immediate escalation to safety supervisor, ensure area remains isolated, await hazardous response team."
TSK-U-1348,Night Shift A,Healthcare,Completed mandatory pre-shift gas testing for oxygen deficiency and LEL in confined space tank #4. Safe to enter.,Safety & Compliance,High,Completed,"Audit verification log, ensure all corrective action items signed off by HSE officer."
TSK-U-1349,Night Shift B,Healthcare,Dispatched scheduled freight cargo to regional hub via transport route RT-208 without dispatch delays.,Operations,Medium,Completed,"Continue production throughput tracking, ensure target quotas met before next handover."
TSK-U-1350,Night Shift B,Security & Facilities,Recalibrate flow meters on chemical metering pump P-37 following high concentration error alert on batch #51458.,Equipment Check,High,Pending,"Perform detailed physical inspection within first 30 minutes of shift, log baseline values in ShiftSync."
TSK-U-1351,Night Shift B,Healthcare,Inspect automated guided vehicle (AGV) docking rail #5 after two navigation tracking faults occurred during peak dispatch.,Equipment Check,High,Pending,"Perform detailed physical inspection within first 30 minutes of shift, log baseline values in ShiftSync."
TSK-U-1352,Evening Shift,Security & Facilities,Conducted emergency spill response drill with incoming and outgoing crew in HVAC Plant Deck. Log submitted to Safety Officer.,Safety & Compliance,High,Completed,"Audit verification log, ensure all corrective action items signed off by HSE officer."
TSK-U-1353,Night Shift A,Security & Facilities,Smoke detector alarm triggered in Cold Storage Room 2. Fire suppression system engaged; fire marshals cleared building but electrical panel needs certified clearance.,Safety & Compliance,Critical,Pending,"Immediate escalation to safety supervisor, ensure area remains isolated, await hazardous response team."
TSK-U-1354,Night Shift B,Security & Facilities,High voltage arc flash occurred on Boiler #2 circuit breaker in Substation East. Lockout/Tagout (LOTO) active; electrician dispatch required immediately.,Safety & Compliance,Critical,Pending,"Immediate escalation to safety supervisor, ensure area remains isolated, await hazardous response team."
TSK-U-1355,Night Shift B,Manufacturing,Hydraulic seal leaking on forklift FL-1. Parked in maintenance bay; replacement o-rings ordered from central stores.,Maintenance,High,In Progress,"Supervise overhaul at scheduled shift window, verify vibration thresholds post-repair."
TSK-U-1356,Evening Shift,Logistics & Warehousing,Conveyor belt CV-12 in Packaging Bay 1 showing significant tear along edge. Temporary patch applied; needs full vulcanizing splice tonight.,Maintenance,High,In Progress,"Supervise overhaul at scheduled shift window, verify vibration thresholds post-repair."
TSK-U-1357,Night Shift B,Logistics & Warehousing,Emergency shutoff valve tripped automatically on Air Compressor AC-04 due to severe pressure spike in Loading Dock 7. Do not restart without supervisor sign-off.,Safety & Compliance,Critical,Pending,"Immediate escalation to safety supervisor, ensure area remains isolated, await hazardous response team."
TSK-U-1358,Night Shift A,Security & Facilities,Offloaded 4 container trailers at loading bay 10. Received bill of lading and entered records into WMS.,Operations,Medium,Completed,"Continue production throughput tracking, ensure target quotas met before next handover."
TSK-U-1359,Evening Shift,Energy & Utilities,Inspect automated guided vehicle (AGV) docking rail #6 after two navigation tracking faults occurred during peak dispatch.,Equipment Check,High,Pending,"Perform detailed physical inspection within first 30 minutes of shift, log baseline values in ShiftSync."
TSK-U-1360,Night Shift B,Healthcare,Verify barcode scanner handhelds at packing stations 3 through 8 are docked on charging cradles.,Equipment Check,Medium,Pending,"Complete routine calibration, record deviations in system maintenance ledger."
TSK-U-1361,Night Shift B,Manufacturing,Conducted emergency spill response drill with incoming and outgoing crew in Warehouse Sector B. Log submitted to Safety Officer.,Safety & Compliance,High,Completed,"Audit verification log, ensure all corrective action items signed off by HSE officer."
TSK-U-1362,Night Shift A,Manufacturing,Smoke detector alarm triggered in ICU Ward 3. Fire suppression system engaged; fire marshals cleared building but electrical panel needs certified clearance.,Safety & Compliance,Critical,Pending,"Immediate escalation to safety supervisor, ensure area remains isolated, await hazardous response team."
TSK-U-1363,Evening Shift,Healthcare,Sanitization of packaging line #4 underway following allergen product campaign run.,Operations,Medium,In Progress,"Continue production throughput tracking, ensure target quotas met before next handover."
TSK-U-1364,Day Shift B,Logistics & Warehousing,Filed completed maintenance work orders #WO-39255 into central physical records cabinet.,Administration,Low,Completed,"File documentation into record repository, confirm routine sign-off."
TSK-U-1365,Day Shift A,Energy & Utilities,Batch #57530 currently mixing in blending tank 1. Viscosity check scheduled at 20:30 by lab technician.,Operations,Medium,In Progress,"Continue production throughput tracking, ensure target quotas met before next handover."
TSK-U-1366,Night Shift B,Security & Facilities,"Loading freight container for shipment #86043; 14 of 24 pallets secured, remainder staged at dock 3.",Operations,Medium,In Progress,"Continue production throughput tracking, ensure target quotas met before next handover."
TSK-U-1367,Day Shift A,Manufacturing,"Completed production run on batch #84033 with 1,240 units processed and palletized for QC clearance.",Operations,Medium,Completed,"Continue production throughput tracking, ensure target quotas met before next handover."
TSK-U-1368,Day Shift B,Logistics & Warehousing,Primary refrigeration compressor in cold storage Chemical Storage Annex failed at 13:51. Temperature rising rapidly; urgent transfer of perishable stock required.,Maintenance,Critical,In Progress,"Continuous monitoring of repair progress, ensure standby units ready, expedite technician parts dispatch."
TSK-U-1369,Night Shift B,Healthcare,Main server room backup UPS inverter failed battery self-test during power flicker. Generator manually engaged; vendor ticket #CRIT-9585 open.,Maintenance,Critical,In Progress,"Continuous monitoring of repair progress, ensure standby units ready, expedite technician parts dispatch."
TSK-U-1370,Evening Shift,Logistics & Warehousing,Offloaded 4 container trailers at loading bay 5. Received bill of lading and entered records into WMS.,Operations,Medium,Completed,"Continue production throughput tracking, ensure target quotas met before next handover."
TSK-U-1371,Night Shift B,Security & Facilities,Conveyor belt CV-6 in Substation East showing significant tear along edge. Temporary patch applied; needs full vulcanizing splice tonight.,Maintenance,High,In Progress,"Supervise overhaul at scheduled shift window, verify vibration thresholds post-repair."
TSK-U-1372,Day Shift B,Energy & Utilities,Major chemical spill reported in Chemical Storage Annex; evacuated personnel and awaiting specialized hazardous materials cleanup crew.,Safety & Compliance,Critical,Pending,"Immediate escalation to safety supervisor, ensure area remains isolated, await hazardous response team."
TSK-U-1373,Day Shift A,Healthcare,Emergency shutoff valve tripped automatically on Packaging Robot Arm R-3 due to severe pressure spike in Warehouse Sector B. Do not restart without supervisor sign-off.,Safety & Compliance,Critical,Pending,"Immediate escalation to safety supervisor, ensure area remains isolated, await hazardous response team."
TSK-U-1374,Evening Shift,Security & Facilities,Verify barcode scanner handhelds at packing stations 4 through 5 are docked on charging cradles.,Equipment Check,Medium,Pending,"Complete routine calibration, record deviations in system maintenance ledger."
TSK-U-1375,Day Shift A,Healthcare,Filed completed maintenance work orders #WO-35354 into central physical records cabinet.,Administration,Low,Completed,"File documentation into record repository, confirm routine sign-off."
TSK-U-1376,Night Shift B,Security & Facilities,Offloaded 4 container trailers at loading bay 3. Received bill of lading and entered records into WMS.,Operations,Medium,Completed,"Continue production throughput tracking, ensure target quotas met before next handover."
TSK-U-1377,Night Shift B,Energy & Utilities,Primary refrigeration compressor in cold storage Packaging Bay 1 failed at 12:19. Temperature rising rapidly; urgent transfer of perishable stock required.,Maintenance,Critical,In Progress,"Continuous monitoring of repair progress, ensure standby units ready, expedite technician parts dispatch."
TSK-U-1378,Day Shift A,Healthcare,"Completed production run on batch #81142 with 1,240 units processed and palletized for QC clearance.",Operations,Medium,Completed,"Continue production throughput tracking, ensure target quotas met before next handover."
TSK-U-1379,Day Shift B,Manufacturing,Smoke detector alarm triggered in HVAC Plant Deck. Fire suppression system engaged; fire marshals cleared building but electrical panel needs certified clearance.,Safety & Compliance,Critical,Pending,"Immediate escalation to safety supervisor, ensure area remains isolated, await hazardous response team."
TSK-U-1380,Evening Shift,Manufacturing,Filed completed maintenance work orders #WO-17468 into central physical records cabinet.,Administration,Low,Completed,"File documentation into record repository, confirm routine sign-off."
TSK-U-1381,Night Shift A,Security & Facilities,Hydraulic seal leaking on forklift FL-10. Parked in maintenance bay; replacement o-rings ordered from central stores.,Maintenance,High,In Progress,"Supervise overhaul at scheduled shift window, verify vibration thresholds post-repair."
TSK-U-1382,Day Shift A,Security & Facilities,"Patient in ICU Bed 106 experienced sudden cardiac arrest, successfully stabilized on ventilator; critical observation required for next 4 hours.",Safety & Compliance,Critical,Pending,"Immediate escalation to safety supervisor, ensure area remains isolated, await hazardous response team."
TSK-U-1383,Night Shift B,Healthcare,"Main hydraulic line ruptured on Stamping Press SP-11 causing immediate line halt. Oil contained with absorbent pads, replacement hose arriving from supplier.",Maintenance,Critical,In Progress,"Continuous monitoring of repair progress, ensure standby units ready, expedite technician parts dispatch."
TSK-U-1384,Evening Shift,Healthcare,Hydraulic seal leaking on forklift FL-14. Parked in maintenance bay; replacement o-rings ordered from central stores.,Maintenance,High,In Progress,"Supervise overhaul at scheduled shift window, verify vibration thresholds post-repair."
TSK-U-1385,Evening Shift,Energy & Utilities,Emergency shutoff valve tripped automatically on Boiler #2 due to severe pressure spike in Cold Storage Room 2. Do not restart without supervisor sign-off.,Safety & Compliance,Critical,Pending,"Immediate escalation to safety supervisor, ensure area remains isolated, await hazardous response team."
TSK-U-1386,Day Shift A,Healthcare,"Patient in ICU Bed 138 experienced sudden cardiac arrest, successfully stabilized on ventilator; critical observation required for next 4 hours.",Safety & Compliance,Critical,Pending,"Immediate escalation to safety supervisor, ensure area remains isolated, await hazardous response team."
TSK-U-1387,Day Shift B,Logistics & Warehousing,Batch #66921 currently mixing in blending tank 2. Viscosity check scheduled at 20:30 by lab technician.,Operations,Medium,In Progress,"Continue production throughput tracking, ensure target quotas met before next handover."
TSK-U-1388,Night Shift A,Healthcare,Processed shift transfer of 814 sanitized linen bundles from laundry facility to surgical wards.,Operations,Medium,Completed,"Continue production throughput tracking, ensure target quotas met before next handover."
TSK-U-1389,Day Shift A,Healthcare,Completed mandatory pre-shift gas testing for oxygen deficiency and LEL in confined space tank #7. Safe to enter.,Safety & Compliance,High,Completed,"Audit verification log, ensure all corrective action items signed off by HSE officer."
TSK-U-1390,Night Shift A,Energy & Utilities,"Completed production run on batch #54714 with 1,240 units processed and palletized for QC clearance.",Operations,Medium,Completed,"Continue production throughput tracking, ensure target quotas met before next handover."
TSK-U-1391,Night Shift A,Security & Facilities,"Main cooling water pump P-92 bearing seized, causing engine overheating. Replacement pump offline; technician currently rebuilding motor.",Maintenance,Critical,In Progress,"Continuous monitoring of repair progress, ensure standby units ready, expedite technician parts dispatch."
TSK-U-1392,Day Shift B,Security & Facilities,Main server room backup UPS inverter failed battery self-test during power flicker. Generator manually engaged; vendor ticket #CRIT-7590 open.,Maintenance,Critical,In Progress,"Continuous monitoring of repair progress, ensure standby units ready, expedite technician parts dispatch."
TSK-U-1393,Night Shift B,Energy & Utilities,Verify barcode scanner handhelds at packing stations 4 through 7 are docked on charging cradles.,Equipment Check,Medium,Pending,"Complete routine calibration, record deviations in system maintenance ledger."
TSK-U-1394,Evening Shift,Logistics & Warehousing,"Main cooling water pump P-19 bearing seized, causing engine overheating. Replacement pump offline; technician currently rebuilding motor.",Maintenance,Critical,In Progress,"Continuous monitoring of repair progress, ensure standby units ready, expedite technician parts dispatch."
TSK-U-1395,Day Shift B,Healthcare,Primary refrigeration compressor in cold storage ICU Ward 3 failed at 10:23. Temperature rising rapidly; urgent transfer of perishable stock required.,Maintenance,Critical,In Progress,"Continuous monitoring of repair progress, ensure standby units ready, expedite technician parts dispatch."
TSK-U-1396,Night Shift B,Healthcare,Finished routine inventory cycle count for high-value components in bin rack R-63; variance reconciled within 0.2%.,Operations,Medium,Completed,"Continue production throughput tracking, ensure target quotas met before next handover."
TSK-U-1397,Night Shift A,Energy & Utilities,Main server room backup UPS inverter failed battery self-test during power flicker. Generator manually engaged; vendor ticket #CRIT-4404 open.,Maintenance,Critical,In Progress,"Continuous monitoring of repair progress, ensure standby units ready, expedite technician parts dispatch."
TSK-U-1398,Evening Shift,Energy & Utilities,Structural crack observed on support beam near Packaging Bay 1. Immediate structural engineering inspection ordered; access restricted.,Safety & Compliance,Critical,Pending,"Immediate escalation to safety supervisor, ensure area remains isolated, await hazardous response team."
TSK-U-1399,Day Shift A,Security & Facilities,Dispatched scheduled freight cargo to regional hub via transport route RT-342 without dispatch delays.,Operations,Medium,Completed,"Continue production throughput tracking, ensure target quotas met before next handover."
TSK-U-1400,Night Shift A,Healthcare,Recalibrate flow meters on chemical metering pump P-94 following high concentration error alert on batch #80166.,Equipment Check,High,Pending,"Perform detailed physical inspection within first 30 minutes of shift, log baseline values in ShiftSync."
TSK-U-1401,Day Shift B,Logistics & Warehousing,Recalibrate flow meters on chemical metering pump P-83 following high concentration error alert on batch #60585.,Equipment Check,High,Pending,"Perform detailed physical inspection within first 30 minutes of shift, log baseline values in ShiftSync."
TSK-U-1402,Day Shift A,Manufacturing,Batch #99838 currently mixing in blending tank 6. Viscosity check scheduled at 20:30 by lab technician.,Operations,Medium,In Progress,"Continue production throughput tracking, ensure target quotas met before next handover."
TSK-U-1403,Day Shift B,Healthcare,Filed completed maintenance work orders #WO-36390 into central physical records cabinet.,Administration,Low,Completed,"File documentation into record repository, confirm routine sign-off."
TSK-U-1404,Night Shift A,Manufacturing,Conveyor belt CV-8 in Chemical Storage Annex showing significant tear along edge. Temporary patch applied; needs full vulcanizing splice tonight.,Maintenance,High,In Progress,"Supervise overhaul at scheduled shift window, verify vibration thresholds post-repair."
TSK-U-1405,Evening Shift,Security & Facilities,Main server room backup UPS inverter failed battery self-test during power flicker. Generator manually engaged; vendor ticket #CRIT-7355 open.,Maintenance,Critical,In Progress,"Continuous monitoring of repair progress, ensure standby units ready, expedite technician parts dispatch."
TSK-U-1406,Night Shift A,Manufacturing,Data reconciliation in progress between ERP inventory count and physical warehouse bins in zone Zone-D.,Operations,Medium,In Progress,"Continue production throughput tracking, ensure target quotas met before next handover."
TSK-U-1407,Night Shift A,Manufacturing,Verify barcode scanner handhelds at packing stations 4 through 8 are docked on charging cradles.,Equipment Check,Medium,Pending,"Complete routine calibration, record deviations in system maintenance ledger."
TSK-U-1408,Night Shift B,Security & Facilities,Filed completed maintenance work orders #WO-24019 into central physical records cabinet.,Administration,Low,Completed,"File documentation into record repository, confirm routine sign-off."
TSK-U-1409,Evening Shift,Healthcare,Filed completed maintenance work orders #WO-48480 into central physical records cabinet.,Administration,Low,Completed,"File documentation into record repository, confirm routine sign-off."
TSK-U-1410,Day Shift A,Logistics & Warehousing,"Main cooling water pump P-64 bearing seized, causing engine overheating. Replacement pump offline; technician currently rebuilding motor.",Maintenance,Critical,In Progress,"Continuous monitoring of repair progress, ensure standby units ready, expedite technician parts dispatch."
TSK-U-1411,Day Shift B,Security & Facilities,Sorting returned retail parcels in processing bay 8. Sorting queue estimated at 45 minutes remaining.,Operations,Medium,In Progress,"Continue production throughput tracking, ensure target quotas met before next handover."
TSK-U-1412,Day Shift A,Manufacturing,Major chemical spill reported in Warehouse Sector B; evacuated personnel and awaiting specialized hazardous materials cleanup crew.,Safety & Compliance,Critical,Pending,"Immediate escalation to safety supervisor, ensure area remains isolated, await hazardous response team."
TSK-U-1413,Day Shift B,Manufacturing,Investigated near-miss incident involving pallet jack collision in aisle 25. Statement recorded and forwarded to HSE.,Safety & Compliance,High,Completed,"Audit verification log, ensure all corrective action items signed off by HSE officer."
TSK-U-1414,Day Shift A,Healthcare,Conveyor belt CV-6 in ICU Ward 3 showing significant tear along edge. Temporary patch applied; needs full vulcanizing splice tonight.,Maintenance,High,In Progress,"Supervise overhaul at scheduled shift window, verify vibration thresholds post-repair."
TSK-U-1415,Night Shift B,Manufacturing,"Patient in ICU Bed 131 experienced sudden cardiac arrest, successfully stabilized on ventilator; critical observation required for next 4 hours.",Safety & Compliance,Critical,Pending,"Immediate escalation to safety supervisor, ensure area remains isolated, await hazardous response team."
TSK-U-1416,Day Shift B,Security & Facilities,Recalibrate flow meters on chemical metering pump P-19 following high concentration error alert on batch #90581.,Equipment Check,High,Pending,"Perform detailed physical inspection within first 30 minutes of shift, log baseline values in ShiftSync."
TSK-U-1417,Day Shift B,Manufacturing,"Completed production run on batch #57525 with 1,240 units processed and palletized for QC clearance.",Operations,Medium,Completed,"Continue production throughput tracking, ensure target quotas met before next handover."
TSK-U-1418,Night Shift B,Manufacturing,Main server room backup UPS inverter failed battery self-test during power flicker. Generator manually engaged; vendor ticket #CRIT-4250 open.,Maintenance,Critical,In Progress,"Continuous monitoring of repair progress, ensure standby units ready, expedite technician parts dispatch."
TSK-U-1419,Night Shift A,Logistics & Warehousing,Dispatched scheduled freight cargo to regional hub via transport route RT-461 without dispatch delays.,Operations,Medium,Completed,"Continue production throughput tracking, ensure target quotas met before next handover."
TSK-U-1420,Night Shift B,Energy & Utilities,Dispatched scheduled freight cargo to regional hub via transport route RT-129 without dispatch delays.,Operations,Medium,Completed,"Continue production throughput tracking, ensure target quotas met before next handover."
TSK-U-1421,Day Shift A,Logistics & Warehousing,"Loading freight container for shipment #87728; 14 of 24 pallets secured, remainder staged at dock 4.",Operations,Medium,In Progress,"Continue production throughput tracking, ensure target quotas met before next handover."
TSK-U-1422,Day Shift B,Security & Facilities,Finished routine inventory cycle count for high-value components in bin rack R-62; variance reconciled within 0.2%.,Operations,Medium,Completed,"Continue production throughput tracking, ensure target quotas met before next handover."
TSK-U-1423,Day Shift A,Security & Facilities,Finished routine inventory cycle count for high-value components in bin rack R-16; variance reconciled within 0.2%.,Operations,Medium,Completed,"Continue production throughput tracking, ensure target quotas met before next handover."
TSK-U-1424,Day Shift B,Logistics & Warehousing,"Main cooling water pump P-78 bearing seized, causing engine overheating. Replacement pump offline; technician currently rebuilding motor.",Maintenance,Critical,In Progress,"Continuous monitoring of repair progress, ensure standby units ready, expedite technician parts dispatch."
TSK-U-1425,Night Shift B,Healthcare,Batch #70714 currently mixing in blending tank 3. Viscosity check scheduled at 20:30 by lab technician.,Operations,Medium,In Progress,"Continue production throughput tracking, ensure target quotas met before next handover."
TSK-U-1426,Night Shift A,Healthcare,"Main cooling water pump P-72 bearing seized, causing engine overheating. Replacement pump offline; technician currently rebuilding motor.",Maintenance,Critical,In Progress,"Continuous monitoring of repair progress, ensure standby units ready, expedite technician parts dispatch."
TSK-U-1427,Evening Shift,Security & Facilities,Primary refrigeration compressor in cold storage HVAC Plant Deck failed at 16:47. Temperature rising rapidly; urgent transfer of perishable stock required.,Maintenance,Critical,In Progress,"Continuous monitoring of repair progress, ensure standby units ready, expedite technician parts dispatch."
TSK-U-1428,Day Shift B,Logistics & Warehousing,Vibration analysis on Boiler #2 indicates severe bearing wear. Speed derated to 60% to prevent total failure before overhaul.,Maintenance,High,In Progress,"Supervise overhaul at scheduled shift window, verify vibration thresholds post-repair."
TSK-U-1429,Day Shift B,Manufacturing,Finished routine inventory cycle count for high-value components in bin rack R-89; variance reconciled within 0.2%.,Operations,Medium,Completed,"Continue production throughput tracking, ensure target quotas met before next handover."
TSK-U-1430,Evening Shift,Energy & Utilities,"Loading freight container for shipment #76804; 14 of 24 pallets secured, remainder staged at dock 7.",Operations,Medium,In Progress,"Continue production throughput tracking, ensure target quotas met before next handover."
TSK-U-1431,Evening Shift,Security & Facilities,Main server room backup UPS inverter failed battery self-test during power flicker. Generator manually engaged; vendor ticket #CRIT-5548 open.,Maintenance,Critical,In Progress,"Continuous monitoring of repair progress, ensure standby units ready, expedite technician parts dispatch."
TSK-U-1432,Day Shift A,Healthcare,"Main cooling water pump P-58 bearing seized, causing engine overheating. Replacement pump offline; technician currently rebuilding motor.",Maintenance,Critical,In Progress,"Continuous monitoring of repair progress, ensure standby units ready, expedite technician parts dispatch."
TSK-U-1433,Day Shift B,Manufacturing,Investigated near-miss incident involving pallet jack collision in aisle 19. Statement recorded and forwarded to HSE.,Safety & Compliance,High,Completed,"Audit verification log, ensure all corrective action items signed off by HSE officer."
TSK-U-1434,Evening Shift,Healthcare,Recalibrate flow meters on chemical metering pump P-57 following high concentration error alert on batch #99737.,Equipment Check,High,Pending,"Perform detailed physical inspection within first 30 minutes of shift, log baseline values in ShiftSync."
TSK-U-1435,Night Shift A,Energy & Utilities,Check belt tension and motor alignment on exhaust fan #4 on rooftop HVAC deck.,Equipment Check,Medium,Pending,"Complete routine calibration, record deviations in system maintenance ledger."
TSK-U-1436,Day Shift B,Security & Facilities,"Loading freight container for shipment #80975; 14 of 24 pallets secured, remainder staged at dock 3.",Operations,Medium,In Progress,"Continue production throughput tracking, ensure target quotas met before next handover."
TSK-U-1437,Day Shift A,Manufacturing,Completed mandatory pre-shift gas testing for oxygen deficiency and LEL in confined space tank #2. Safe to enter.,Safety & Compliance,High,Completed,"Audit verification log, ensure all corrective action items signed off by HSE officer."
TSK-U-1438,Evening Shift,Manufacturing,Conducted emergency spill response drill with incoming and outgoing crew in Loading Dock 7. Log submitted to Safety Officer.,Safety & Compliance,High,Completed,"Audit verification log, ensure all corrective action items signed off by HSE officer."
TSK-U-1439,Day Shift A,Energy & Utilities,"Loading freight container for shipment #85827; 14 of 24 pallets secured, remainder staged at dock 1.",Operations,Medium,In Progress,"Continue production throughput tracking, ensure target quotas met before next handover."
TSK-U-1440,Night Shift B,Healthcare,"Loading freight container for shipment #88208; 14 of 24 pallets secured, remainder staged at dock 6.",Operations,Medium,In Progress,"Continue production throughput tracking, ensure target quotas met before next handover."
TSK-U-1441,Day Shift B,Manufacturing,Ammonia gas leakage sensor threshold exceeded at Warehouse Sector B. Evacuation protocol executed; ventilation fans running on emergency backup.,Safety & Compliance,Critical,Pending,"Immediate escalation to safety supervisor, ensure area remains isolated, await hazardous response team."
TSK-U-1442,Night Shift B,Manufacturing,Investigated near-miss incident involving pallet jack collision in aisle 12. Statement recorded and forwarded to HSE.,Safety & Compliance,High,Completed,"Audit verification log, ensure all corrective action items signed off by HSE officer."
TSK-U-1443,Night Shift B,Healthcare,Main server room backup UPS inverter failed battery self-test during power flicker. Generator manually engaged; vendor ticket #CRIT-4117 open.,Maintenance,Critical,In Progress,"Continuous monitoring of repair progress, ensure standby units ready, expedite technician parts dispatch."
TSK-U-1444,Day Shift B,Security & Facilities,"Completed production run on batch #78926 with 1,240 units processed and palletized for QC clearance.",Operations,Medium,Completed,"Continue production throughput tracking, ensure target quotas met before next handover."
TSK-U-1445,Evening Shift,Energy & Utilities,Filed completed maintenance work orders #WO-27774 into central physical records cabinet.,Administration,Low,Completed,"File documentation into record repository, confirm routine sign-off."
TSK-U-1446,Night Shift B,Logistics & Warehousing,Dispatched scheduled freight cargo to regional hub via transport route RT-264 without dispatch delays.,Operations,Medium,Completed,"Continue production throughput tracking, ensure target quotas met before next handover."
TSK-U-1447,Evening Shift,Manufacturing,Dispatched scheduled freight cargo to regional hub via transport route RT-404 without dispatch delays.,Operations,Medium,Completed,"Continue production throughput tracking, ensure target quotas met before next handover."
TSK-U-1448,Night Shift B,Security & Facilities,Processed shift transfer of 209 sanitized linen bundles from laundry facility to surgical wards.,Operations,Medium,Completed,"Continue production throughput tracking, ensure target quotas met before next handover."
TSK-U-1449,Night Shift A,Manufacturing,Dispatched scheduled freight cargo to regional hub via transport route RT-325 without dispatch delays.,Operations,Medium,Completed,"Continue production throughput tracking, ensure target quotas met before next handover."
TSK-U-1450,Night Shift A,Security & Facilities,Investigated near-miss incident involving pallet jack collision in aisle 14. Statement recorded and forwarded to HSE.,Safety & Compliance,High,Completed,"Audit verification log, ensure all corrective action items signed off by HSE officer."
TSK-U-1451,Night Shift B,Healthcare,"Patient in ICU Bed 140 experienced sudden cardiac arrest, successfully stabilized on ventilator; critical observation required for next 4 hours.",Safety & Compliance,Critical,Pending,"Immediate escalation to safety supervisor, ensure area remains isolated, await hazardous response team."
TSK-U-1452,Night Shift B,Security & Facilities,Dispatched scheduled freight cargo to regional hub via transport route RT-399 without dispatch delays.,Operations,Medium,Completed,"Continue production throughput tracking, ensure target quotas met before next handover."
TSK-U-1453,Night Shift B,Security & Facilities,Verify barcode scanner handhelds at packing stations 3 through 7 are docked on charging cradles.,Equipment Check,Medium,Pending,"Complete routine calibration, record deviations in system maintenance ledger."
TSK-U-1454,Day Shift B,Security & Facilities,Main server room backup UPS inverter failed battery self-test during power flicker. Generator manually engaged; vendor ticket #CRIT-7962 open.,Maintenance,Critical,In Progress,"Continuous monitoring of repair progress, ensure standby units ready, expedite technician parts dispatch."
TSK-U-1455,Night Shift A,Healthcare,High voltage arc flash occurred on Air Compressor AC-04 circuit breaker in Substation East. Lockout/Tagout (LOTO) active; electrician dispatch required immediately.,Safety & Compliance,Critical,Pending,"Immediate escalation to safety supervisor, ensure area remains isolated, await hazardous response team."
TSK-U-1456,Night Shift B,Manufacturing,"Completed production run on batch #77147 with 1,240 units processed and palletized for QC clearance.",Operations,Medium,Completed,"Continue production throughput tracking, ensure target quotas met before next handover."
TSK-U-1457,Evening Shift,Energy & Utilities,High voltage arc flash occurred on Air Compressor AC-04 circuit breaker in Assembly Line 4. Lockout/Tagout (LOTO) active; electrician dispatch required immediately.,Safety & Compliance,Critical,Pending,"Immediate escalation to safety supervisor, ensure area remains isolated, await hazardous response team."
TSK-U-1458,Day Shift B,Manufacturing,"Loading freight container for shipment #73563; 14 of 24 pallets secured, remainder staged at dock 7.",Operations,Medium,In Progress,"Continue production throughput tracking, ensure target quotas met before next handover."
TSK-U-1459,Night Shift B,Healthcare,"Patient in ICU Bed 125 experienced sudden cardiac arrest, successfully stabilized on ventilator; critical observation required for next 4 hours.",Safety & Compliance,Critical,Pending,"Immediate escalation to safety supervisor, ensure area remains isolated, await hazardous response team."
TSK-U-1460,Night Shift A,Energy & Utilities,Ammonia gas leakage sensor threshold exceeded at Assembly Line 4. Evacuation protocol executed; ventilation fans running on emergency backup.,Safety & Compliance,Critical,Pending,"Immediate escalation to safety supervisor, ensure area remains isolated, await hazardous response team."
TSK-U-1461,Day Shift A,Security & Facilities,Processed shift transfer of 930 sanitized linen bundles from laundry facility to surgical wards.,Operations,Medium,Completed,"Continue production throughput tracking, ensure target quotas met before next handover."
TSK-U-1462,Night Shift A,Energy & Utilities,Sanitization of packaging line #1 underway following allergen product campaign run.,Operations,Medium,In Progress,"Continue production throughput tracking, ensure target quotas met before next handover."
TSK-U-1463,Evening Shift,Logistics & Warehousing,Finished routine inventory cycle count for high-value components in bin rack R-98; variance reconciled within 0.2%.,Operations,Medium,Completed,"Continue production throughput tracking, ensure target quotas met before next handover."
TSK-U-1464,Day Shift A,Healthcare,"Loading freight container for shipment #83086; 14 of 24 pallets secured, remainder staged at dock 2.",Operations,Medium,In Progress,"Continue production throughput tracking, ensure target quotas met before next handover."
TSK-U-1465,Day Shift A,Logistics & Warehousing,Recalibrate flow meters on chemical metering pump P-27 following high concentration error alert on batch #95655.,Equipment Check,High,Pending,"Perform detailed physical inspection within first 30 minutes of shift, log baseline values in ShiftSync."
TSK-U-1466,Day Shift A,Healthcare,"Main cooling water pump P-53 bearing seized, causing engine overheating. Replacement pump offline; technician currently rebuilding motor.",Maintenance,Critical,In Progress,"Continuous monitoring of repair progress, ensure standby units ready, expedite technician parts dispatch."
TSK-U-1467,Night Shift B,Security & Facilities,Finished routine inventory cycle count for high-value components in bin rack R-76; variance reconciled within 0.2%.,Operations,Medium,Completed,"Continue production throughput tracking, ensure target quotas met before next handover."
TSK-U-1468,Day Shift A,Logistics & Warehousing,Structural crack observed on support beam near Boiler Room 3. Immediate structural engineering inspection ordered; access restricted.,Safety & Compliance,Critical,Pending,"Immediate escalation to safety supervisor, ensure area remains isolated, await hazardous response team."
TSK-U-1469,Evening Shift,Energy & Utilities,High voltage arc flash occurred on Conveyor Belt C-12 circuit breaker in Substation East. Lockout/Tagout (LOTO) active; electrician dispatch required immediately.,Safety & Compliance,Critical,Pending,"Immediate escalation to safety supervisor, ensure area remains isolated, await hazardous response team."
TSK-U-1470,Day Shift A,Logistics & Warehousing,Investigated near-miss incident involving pallet jack collision in aisle 24. Statement recorded and forwarded to HSE.,Safety & Compliance,High,Completed,"Audit verification log, ensure all corrective action items signed off by HSE officer."
TSK-U-1471,Day Shift B,Energy & Utilities,High voltage arc flash occurred on Stamping Press SP-11 circuit breaker in ICU Ward 3. Lockout/Tagout (LOTO) active; electrician dispatch required immediately.,Safety & Compliance,Critical,Pending,"Immediate escalation to safety supervisor, ensure area remains isolated, await hazardous response team."
TSK-U-1472,Night Shift B,Logistics & Warehousing,Processed shift transfer of 1120 sanitized linen bundles from laundry facility to surgical wards.,Operations,Medium,Completed,"Continue production throughput tracking, ensure target quotas met before next handover."
TSK-U-1473,Day Shift A,Energy & Utilities,Main server room backup UPS inverter failed battery self-test during power flicker. Generator manually engaged; vendor ticket #CRIT-5370 open.,Maintenance,Critical,In Progress,"Continuous monitoring of repair progress, ensure standby units ready, expedite technician parts dispatch."
TSK-U-1474,Night Shift B,Logistics & Warehousing,Dispatched scheduled freight cargo to regional hub via transport route RT-163 without dispatch delays.,Operations,Medium,Completed,"Continue production throughput tracking, ensure target quotas met before next handover."
TSK-U-1475,Night Shift A,Energy & Utilities,Processed shift transfer of 586 sanitized linen bundles from laundry facility to surgical wards.,Operations,Medium,Completed,"Continue production throughput tracking, ensure target quotas met before next handover."
TSK-U-1476,Night Shift B,Manufacturing,Filed completed maintenance work orders #WO-11576 into central physical records cabinet.,Administration,Low,Completed,"File documentation into record repository, confirm routine sign-off."
TSK-U-1477,Night Shift A,Healthcare,Investigated near-miss incident involving pallet jack collision in aisle 30. Statement recorded and forwarded to HSE.,Safety & Compliance,High,Completed,"Audit verification log, ensure all corrective action items signed off by HSE officer."
TSK-U-1478,Evening Shift,Security & Facilities,Emergency shutoff valve tripped automatically on Forklift FL-08 due to severe pressure spike in Cold Storage Room 2. Do not restart without supervisor sign-off.,Safety & Compliance,Critical,Pending,"Immediate escalation to safety supervisor, ensure area remains isolated, await hazardous response team."
TSK-U-1479,Evening Shift,Logistics & Warehousing,"Completed production run on batch #52673 with 1,240 units processed and palletized for QC clearance.",Operations,Medium,Completed,"Continue production throughput tracking, ensure target quotas met before next handover."
TSK-U-1480,Night Shift B,Energy & Utilities,Filed completed maintenance work orders #WO-42607 into central physical records cabinet.,Administration,Low,Completed,"File documentation into record repository, confirm routine sign-off."
TSK-U-1481,Night Shift B,Security & Facilities,"Main cooling water pump P-44 bearing seized, causing engine overheating. Replacement pump offline; technician currently rebuilding motor.",Maintenance,Critical,In Progress,"Continuous monitoring of repair progress, ensure standby units ready, expedite technician parts dispatch."
TSK-U-1482,Day Shift B,Manufacturing,Filed completed maintenance work orders #WO-30430 into central physical records cabinet.,Administration,Low,Completed,"File documentation into record repository, confirm routine sign-off."
TSK-U-1483,Day Shift A,Logistics & Warehousing,Main server room backup UPS inverter failed battery self-test during power flicker. Generator manually engaged; vendor ticket #CRIT-4955 open.,Maintenance,Critical,In Progress,"Continuous monitoring of repair progress, ensure standby units ready, expedite technician parts dispatch."
TSK-U-1484,Night Shift B,Energy & Utilities,Primary refrigeration compressor in cold storage Boiler Room 3 failed at 16:14. Temperature rising rapidly; urgent transfer of perishable stock required.,Maintenance,Critical,In Progress,"Continuous monitoring of repair progress, ensure standby units ready, expedite technician parts dispatch."
TSK-U-1485,Evening Shift,Security & Facilities,Recalibrate flow meters on chemical metering pump P-20 following high concentration error alert on batch #90532.,Equipment Check,High,Pending,"Perform detailed physical inspection within first 30 minutes of shift, log baseline values in ShiftSync."
TSK-U-1486,Night Shift A,Energy & Utilities,Conveyor belt CV-5 in ICU Ward 3 showing significant tear along edge. Temporary patch applied; needs full vulcanizing splice tonight.,Maintenance,High,In Progress,"Supervise overhaul at scheduled shift window, verify vibration thresholds post-repair."
TSK-U-1487,Night Shift A,Manufacturing,Sorting returned retail parcels in processing bay 3. Sorting queue estimated at 45 minutes remaining.,Operations,Medium,In Progress,"Continue production throughput tracking, ensure target quotas met before next handover."
TSK-U-1488,Night Shift B,Manufacturing,Processed shift transfer of 1302 sanitized linen bundles from laundry facility to surgical wards.,Operations,Medium,Completed,"Continue production throughput tracking, ensure target quotas met before next handover."
TSK-U-1489,Night Shift B,Healthcare,High voltage arc flash occurred on Centrifugal Pump P-204 circuit breaker in Warehouse Sector B. Lockout/Tagout (LOTO) active; electrician dispatch required immediately.,Safety & Compliance,Critical,Pending,"Immediate escalation to safety supervisor, ensure area remains isolated, await hazardous response team."
TSK-U-1490,Night Shift A,Healthcare,Primary refrigeration compressor in cold storage ICU Ward 3 failed at 18:32. Temperature rising rapidly; urgent transfer of perishable stock required.,Maintenance,Critical,In Progress,"Continuous monitoring of repair progress, ensure standby units ready, expedite technician parts dispatch."
TSK-U-1491,Day Shift B,Security & Facilities,Batch #69259 currently mixing in blending tank 1. Viscosity check scheduled at 20:30 by lab technician.,Operations,Medium,In Progress,"Continue production throughput tracking, ensure target quotas met before next handover."
TSK-U-1492,Evening Shift,Healthcare,"Patient in ICU Bed 126 experienced sudden cardiac arrest, successfully stabilized on ventilator; critical observation required for next 4 hours.",Safety & Compliance,Critical,Pending,"Immediate escalation to safety supervisor, ensure area remains isolated, await hazardous response team."
TSK-U-1493,Night Shift B,Manufacturing,"Main cooling water pump P-41 bearing seized, causing engine overheating. Replacement pump offline; technician currently rebuilding motor.",Maintenance,Critical,In Progress,"Continuous monitoring of repair progress, ensure standby units ready, expedite technician parts dispatch."
TSK-U-1494,Night Shift A,Security & Facilities,Steam leak detected on flange joint upstream of Air Compressor AC-04. Area barricaded; pipefitters scheduled for gasket swap at 22:00.,Maintenance,High,In Progress,"Supervise overhaul at scheduled shift window, verify vibration thresholds post-repair."
TSK-U-1495,Day Shift A,Energy & Utilities,Main server room backup UPS inverter failed battery self-test during power flicker. Generator manually engaged; vendor ticket #CRIT-6025 open.,Maintenance,Critical,In Progress,"Continuous monitoring of repair progress, ensure standby units ready, expedite technician parts dispatch."
TSK-U-1496,Day Shift A,Manufacturing,"Loading freight container for shipment #83223; 14 of 24 pallets secured, remainder staged at dock 8.",Operations,Medium,In Progress,"Continue production throughput tracking, ensure target quotas met before next handover."
TSK-U-1497,Night Shift B,Manufacturing,"Completed production run on batch #80241 with 1,240 units processed and palletized for QC clearance.",Operations,Medium,Completed,"Continue production throughput tracking, ensure target quotas met before next handover."
TSK-U-1498,Night Shift A,Manufacturing,Dispatched scheduled freight cargo to regional hub via transport route RT-351 without dispatch delays.,Operations,Medium,Completed,"Continue production throughput tracking, ensure target quotas met before next handover."
TSK-U-1499,Day Shift A,Energy & Utilities,Hydraulic seal leaking on forklift FL-12. Parked in maintenance bay; replacement o-rings ordered from central stores.,Maintenance,High,In Progress,"Supervise overhaul at scheduled shift window, verify vibration thresholds post-repair."
TSK-U-1500,Day Shift A,Manufacturing,Processed shift transfer of 976 sanitized linen bundles from laundry facility to surgical wards.,Operations,Medium,Completed,"Continue production throughput tracking, ensure target quotas met before next handover."
TSK-U-1501,Night Shift A,Security & Facilities,Dispatched scheduled freight cargo to regional hub via transport route RT-193 without dispatch delays.,Operations,Medium,Completed,"Continue production throughput tracking, ensure target quotas met before next handover."
TSK-U-1502,Evening Shift,Energy & Utilities,Filed completed maintenance work orders #WO-15202 into central physical records cabinet.,Administration,Low,Completed,"File documentation into record repository, confirm routine sign-off."
TSK-U-1503,Night Shift B,Healthcare,Investigated near-miss incident involving pallet jack collision in aisle 6. Statement recorded and forwarded to HSE.,Safety & Compliance,High,Completed,"Audit verification log, ensure all corrective action items signed off by HSE officer."
TSK-U-1504,Day Shift B,Security & Facilities,Processed shift transfer of 1225 sanitized linen bundles from laundry facility to surgical wards.,Operations,Medium,Completed,"Continue production throughput tracking, ensure target quotas met before next handover."
TSK-U-1505,Night Shift A,Security & Facilities,Dispatched scheduled freight cargo to regional hub via transport route RT-433 without dispatch delays.,Operations,Medium,Completed,"Continue production throughput tracking, ensure target quotas met before next handover."
TSK-U-1506,Night Shift B,Healthcare,"Loading freight container for shipment #75918; 14 of 24 pallets secured, remainder staged at dock 2.",Operations,Medium,In Progress,"Continue production throughput tracking, ensure target quotas met before next handover."
TSK-U-1507,Day Shift B,Security & Facilities,Primary refrigeration compressor in cold storage Loading Dock 7 failed at 19:42. Temperature rising rapidly; urgent transfer of perishable stock required.,Maintenance,Critical,In Progress,"Continuous monitoring of repair progress, ensure standby units ready, expedite technician parts dispatch."
TSK-U-1508,Day Shift B,Manufacturing,Completed mandatory pre-shift gas testing for oxygen deficiency and LEL in confined space tank #6. Safe to enter.,Safety & Compliance,High,Completed,"Audit verification log, ensure all corrective action items signed off by HSE officer."
TSK-U-1509,Day Shift A,Energy & Utilities,Main server room backup UPS inverter failed battery self-test during power flicker. Generator manually engaged; vendor ticket #CRIT-5893 open.,Maintenance,Critical,In Progress,"Continuous monitoring of repair progress, ensure standby units ready, expedite technician parts dispatch."
TSK-U-1510,Day Shift A,Healthcare,"Main cooling water pump P-24 bearing seized, causing engine overheating. Replacement pump offline; technician currently rebuilding motor.",Maintenance,Critical,In Progress,"Continuous monitoring of repair progress, ensure standby units ready, expedite technician parts dispatch."
TSK-U-1511,Night Shift A,Healthcare,Primary refrigeration compressor in cold storage Substation East failed at 20:16. Temperature rising rapidly; urgent transfer of perishable stock required.,Maintenance,Critical,In Progress,"Continuous monitoring of repair progress, ensure standby units ready, expedite technician parts dispatch."
TSK-U-1512,Night Shift A,Logistics & Warehousing,Dispatched scheduled freight cargo to regional hub via transport route RT-109 without dispatch delays.,Operations,Medium,Completed,"Continue production throughput tracking, ensure target quotas met before next handover."
TSK-U-1513,Day Shift B,Manufacturing,"Patient in ICU Bed 133 experienced sudden cardiac arrest, successfully stabilized on ventilator; critical observation required for next 4 hours.",Safety & Compliance,Critical,Pending,"Immediate escalation to safety supervisor, ensure area remains isolated, await hazardous response team."
